Series Name,Series Code,Country Name,Country Code,2016 [YR2016],2017 [YR2017],2018 [YR2018],2019 [YR2019],2020 [YR2020],2021 [YR2021],2022 [YR2022],2023 [YR2023],2024 [YR2024],2025 [YR2025]
"Prevalence of stunting, height for age (% of children under 5)",SH.STA.STNT.ZS,Afghanistan,AFG,..,..,38.2,..,..,..,44.6,..,..,..
"Prevalence of stunting, height for age (% of children under 5)",SH.STA.STNT.ZS,Africa Eastern and Southern,AFE,..,..,..,..,..,..,..,..,..,..
"Prevalence of stunting, height for age (% of children under 5)",SH.STA.STNT.ZS,Africa Western and Central,AFW,..,..,..,..,..,..,..,..,..,..
"Prevalence of stunting, height for age (% of children under 5)",SH.STA.STNT.ZS,Albania,ALB,..,11.3,..,..,..,..,..,..,..,..
"Prevalence of stunting, height for age (% of children under 5)",SH.STA.STNT.ZS,Algeria,DZA,..,..,..,9.8,..,..,..,..,..,..
"Prevalence of stunting, height for age (% of children under 5)",SH.STA.STNT.ZS,American Samoa,ASM,..,..,..,..,..,..,..,..,..,..
"Prevalence of stunting, height for age (% of children under 5)",SH.STA.STNT.ZS,Andorra,AND,..,..,..,..,..,..,..,..,..,..
"Prevalence of stunting, height for age (% of children under 5)",SH.STA.STNT.ZS,Angola,AGO,..,..,..,..,..,..,..,..,..,..
"Prevalence of stunting, height for age (% of children under 5)",SH.STA.STNT.ZS,Antigua and Barbuda,ATG,..,..,..,..,..,..,..,..,..,..
"Prevalence of stunting, height for age (% of children under 5)",SH.STA.STNT.ZS,Arab World,ARB,..,..,..,..,..,..,..,..,..,..
"Prevalence of stunting, height for age (% of children under 5)",SH.STA.STNT.ZS,Argentina,ARG,..,..,8.7,..,..,..,..,..,..,..
"Prevalence of stunting, height for age (% of children under 5)",SH.STA.STNT.ZS,Armenia,ARM,9.4,..,..,..,..,..,..,..,..,..
"Prevalence of stunting, height for age (% of children under 5)",SH.STA.STNT.ZS,Aruba,ABW,..,..,..,..,..,..,..,..,..,..
"Prevalence of stunting, height for age (% of children under 5)",SH.STA.STNT.ZS,Australia,AUS,..,..,..,..,..,..,..,..,..,..
"Prevalence of stunting, height for age (% of children under 5)",SH.STA.STNT.ZS,Austria,AUT,..,..,..,..,..,..,..,..,..,..
"Prevalence of stunting, height for age (% of children under 5)",SH.STA.STNT.ZS,Azerbaijan,AZE,..,..,..,..,..,..,..,6.6,..,..
"Prevalence of stunting, height for age (% of children under 5)",SH.STA.STNT.ZS,"Bahamas, The",BHS,..,..,..,..,..,..,..,..,..,..
"Prevalence of stunting, height for age (% of children under 5)",SH.STA.STNT.ZS,Bahrain,BHR,..,..,..,..,..,..,..,..,..,..
"Prevalence of stunting, height for age (% of children under 5)",SH.STA.STNT.ZS,Bangladesh,BGD,..,..,30.9,28,..,..,23.6,..,..,..
"Prevalence of stunting, height for age (% of children under 5)",SH.STA.STNT.ZS,Barbados,BRB,..,..,..,..,..,..,..,..,..,..
"Prevalence of stunting, height for age (% of children under 5)",SH.STA.STNT.ZS,Belarus,BLR,..,..,..,1.1,1.2,1.2,1.2,1.2,..,..
"Prevalence of stunting, height for age (% of children under 5)",SH.STA.STNT.ZS,Belgium,BEL,..,..,..,..,..,..,..,1.9,..,..
"Prevalence of stunting, height for age (% of children under 5)",SH.STA.STNT.ZS,Belize,BLZ,..,..,..,..,..,..,..,..,..,..
"Prevalence of stunting, height for age (% of children under 5)",SH.STA.STNT.ZS,Benin,BEN,..,..,32.2,..,..,34.1,..,..,..,..
"Prevalence of stunting, height for age (% of children under 5)",SH.STA.STNT.ZS,Bermuda,BMU,..,..,..,..,..,..,..,..,..,..
"Prevalence of stunting, height for age (% of children under 5)",SH.STA.STNT.ZS,Bhutan,BTN,..,..,..,..,..,..,..,17.9,..,..
"Prevalence of stunting, height for age (% of children under 5)",SH.STA.STNT.ZS,Bolivia,BOL,16.1,..,..,..,..,..,..,..,..,..
"Prevalence of stunting, height for age (% of children under 5)",SH.STA.STNT.ZS,Bosnia and Herzegovina,BIH,..,..,..,..,..,..,..,..,..,..
"Prevalence of stunting, height for age (% of children under 5)",SH.STA.STNT.ZS,Botswana,BWA,..,..,..,..,..,..,..,..,..,..
"Prevalence of stunting, height for age (% of children under 5)",SH.STA.STNT.ZS,Brazil,BRA,..,..,..,8,..,..,..,..,..,..
"Prevalence of stunting, height for age (% of children under 5)",SH.STA.STNT.ZS,British Virgin Islands,VGB,..,..,..,..,..,..,..,..,..,..
"Prevalence of stunting, height for age (% of children under 5)",SH.STA.STNT.ZS,Brunei Darussalam,BRN,..,..,..,..,..,..,..,..,..,..
"Prevalence of stunting, height for age (% of children under 5)",SH.STA.STNT.ZS,Bulgaria,BGR,..,..,..,..,..,..,..,..,..,..
"Prevalence of stunting, height for age (% of children under 5)",SH.STA.STNT.ZS,Burkina Faso,BFA,26.8,21.1,24.9,23.8,17.5,21.1,..,..,..,..
"Prevalence of stunting, height for age (% of children under 5)",SH.STA.STNT.ZS,Burundi,BDI,55.9,..,56.6,54,50.9,..,55.8,58,52.8,..
"Prevalence of stunting, height for age (% of children under 5)",SH.STA.STNT.ZS,Cabo Verde,CPV,..,..,6,..,..,..,..,..,..,..
"Prevalence of stunting, height for age (% of children under 5)",SH.STA.STNT.ZS,Cambodia,KHM,..,..,..,..,..,21.9,..,..,..,..
"Prevalence of stunting, height for age (% of children under 5)",SH.STA.STNT.ZS,Cameroon,CMR,..,..,28.9,..,..,..,..,..,..,..
"Prevalence of stunting, height for age (% of children under 5)",SH.STA.STNT.ZS,Canada,CAN,..,..,..,..,..,..,..,..,..,..
"Prevalence of stunting, height for age (% of children under 5)",SH.STA.STNT.ZS,Caribbean small states,CSS,..,..,..,..,..,..,..,..,..,..
"Prevalence of stunting, height for age (% of children under 5)",SH.STA.STNT.ZS,Cayman Islands,CYM,..,..,..,..,..,..,..,..,..,..
"Prevalence of stunting, height for age (% of children under 5)",SH.STA.STNT.ZS,Central African Republic,CAF,..,..,37.5,40.2,..,..,37.9,..,..,..
"Prevalence of stunting, height for age (% of children under 5)",SH.STA.STNT.ZS,Central Europe and the Baltics,CEB,..,..,..,..,..,..,..,..,..,..
"Prevalence of stunting, height for age (% of children under 5)",SH.STA.STNT.ZS,Chad,TCD,..,32.1,31.9,37.8,30.5,31.1,31.9,..,..,..
"Prevalence of stunting, height for age (% of children under 5)",SH.STA.STNT.ZS,Channel Islands,CHI,..,..,..,..,..,..,..,..,..,..
"Prevalence of stunting, height for age (% of children under 5)",SH.STA.STNT.ZS,Chile,CHL,..,..,..,..,..,..,..,..,..,..
"Prevalence of stunting, height for age (% of children under 5)",SH.STA.STNT.ZS,China,CHN,..,4.8,..,..,..,..,..,..,..,..
"Prevalence of stunting, height for age (% of children under 5)",SH.STA.STNT.ZS,Colombia,COL,12.7,..,..,..,..,..,..,..,..,..
"Prevalence of stunting, height for age (% of children under 5)",SH.STA.STNT.ZS,Comoros,COM,..,..,..,..,..,..,18.2,..,..,..
"Prevalence of stunting, height for age (% of children under 5)",SH.STA.STNT.ZS,"Congo, Dem. Rep.",COD,..,41.8,..,..,..,..,..,44.7,..,..
"Prevalence of stunting, height for age (% of children under 5)",SH.STA.STNT.ZS,"Congo, Rep.",COG,..,..,..,..,..,..,..,..,..,..
"Prevalence of stunting, height for age (% of children under 5)",SH.STA.STNT.ZS,Costa Rica,CRI,..,..,9,..,..,..,..,..,..,..
"Prevalence of stunting, height for age (% of children under 5)",SH.STA.STNT.ZS,Cote d'Ivoire,CIV,21.6,..,..,..,..,23.4,..,..,..,..
"Prevalence of stunting, height for age (% of children under 5)",SH.STA.STNT.ZS,Croatia,HRV,..,..,..,..,..,..,..,..,..,..
"Prevalence of stunting, height for age (% of children under 5)",SH.STA.STNT.ZS,Cuba,CUB,..,..,..,7.1,..,..,..,..,..,..
"Prevalence of stunting, height for age (% of children under 5)",SH.STA.STNT.ZS,Curacao,CUW,..,..,..,..,..,..,..,..,..,..
"Prevalence of stunting, height for age (% of children under 5)",SH.STA.STNT.ZS,Cyprus,CYP,..,..,..,..,..,..,..,..,..,..
"Prevalence of stunting, height for age (% of children under 5)",SH.STA.STNT.ZS,Czechia,CZE,..,..,..,..,..,..,..,..,..,..
"Prevalence of stunting, height for age (% of children under 5)",SH.STA.STNT.ZS,Denmark,DNK,..,..,..,..,..,..,..,..,..,..
"Prevalence of stunting, height for age (% of children under 5)",SH.STA.STNT.ZS,Djibouti,DJI,..,..,..,20.9,..,..,..,25.5,..,..
"Prevalence of stunting, height for age (% of children under 5)",SH.STA.STNT.ZS,Dominica,DMA,..,..,..,..,..,..,..,..,..,..
"Prevalence of stunting, height for age (% of children under 5)",SH.STA.STNT.ZS,Dominican Republic,DOM,..,..,..,6.7,..,..,..,..,..,..
"Prevalence of stunting, height for age (% of children under 5)",SH.STA.STNT.ZS,Early-demographic dividend,EAR,..,..,..,..,..,..,..,..,..,..
"Prevalence of stunting, height for age (% of children under 5)",SH.STA.STNT.ZS,East Asia & Pacific,EAS,..,..,..,..,..,..,..,..,..,..
"Prevalence of stunting, height for age (% of children under 5)",SH.STA.STNT.ZS,East Asia & Pacific (excluding high income),EAP,..,..,..,..,..,..,..,..,..,..
"Prevalence of stunting, height for age (% of children under 5)",SH.STA.STNT.ZS,East Asia & Pacific (IDA & IBRD countries),TEA,..,..,..,..,..,..,..,..,..,..
"Prevalence of stunting, height for age (% of children under 5)",SH.STA.STNT.ZS,Ecuador,ECU,..,..,..,..,..,..,..,17.5,17.4,..
"Prevalence of stunting, height for age (% of children under 5)",SH.STA.STNT.ZS,"Egypt, Arab Rep.",EGY,..,..,..,..,..,12.8,..,..,..,..
"Prevalence of stunting, height for age (% of children under 5)",SH.STA.STNT.ZS,El Salvador,SLV,..,..,..,..,..,10,..,..,..,..
"Prevalence of stunting, height for age (% of children under 5)",SH.STA.STNT.ZS,Equatorial Guinea,GNQ,..,..,..,..,..,..,..,..,..,..
"Prevalence of stunting, height for age (% of children under 5)",SH.STA.STNT.ZS,Eritrea,ERI,..,..,..,..,..,..,..,..,..,..
"Prevalence of stunting, height for age (% of children under 5)",SH.STA.STNT.ZS,Estonia,EST,..,..,..,..,..,..,..,..,..,..
"Prevalence of stunting, height for age (% of children under 5)",SH.STA.STNT.ZS,Eswatini,SWZ,..,..,..,..,..,20,..,..,..,..
"Prevalence of stunting, height for age (% of children under 5)",SH.STA.STNT.ZS,Ethiopia,ETH,38.3,..,..,36.8,..,..,..,..,..,..
"Prevalence of stunting, height for age (% of children under 5)",SH.STA.STNT.ZS,Euro area,EMU,..,..,..,..,..,..,..,..,..,..
"Prevalence of stunting, height for age (% of children under 5)",SH.STA.STNT.ZS,Europe & Central Asia,ECS,..,..,..,..,..,..,..,..,..,..
"Prevalence of stunting, height for age (% of children under 5)",SH.STA.STNT.ZS,Europe & Central Asia (excluding high income),ECA,..,..,..,..,..,..,..,..,..,..
"Prevalence of stunting, height for age (% of children under 5)",SH.STA.STNT.ZS,Europe & Central Asia (IDA & IBRD countries),TEC,..,..,..,..,..,..,..,..,..,..
"Prevalence of stunting, height for age (% of children under 5)",SH.STA.STNT.ZS,European Union,EUU,..,..,..,..,..,..,..,..,..,..
"Prevalence of stunting, height for age (% of children under 5)",SH.STA.STNT.ZS,Faroe Islands,FRO,..,..,..,..,..,..,..,..,..,..
"Prevalence of stunting, height for age (% of children under 5)",SH.STA.STNT.ZS,Fiji,FJI,..,..,..,..,..,7.2,..,..,..,..
"Prevalence of stunting, height for age (% of children under 5)",SH.STA.STNT.ZS,Finland,FIN,1.7,1.3,1.3,1.3,1.3,1.3,1.8,2.8,..,..
"Prevalence of stunting, height for age (% of children under 5)",SH.STA.STNT.ZS,France,FRA,..,..,..,..,..,..,..,..,..,..
"Prevalence of stunting, height for age (% of children under 5)",SH.STA.STNT.ZS,French Polynesia,PYF,..,..,..,..,..,..,..,..,..,..
"Prevalence of stunting, height for age (% of children under 5)",SH.STA.STNT.ZS,Gabon,GAB,..,..,..,..,14.4,..,..,..,..,..
"Prevalence of stunting, height for age (% of children under 5)",SH.STA.STNT.ZS,"Gambia, The",GMB,..,..,19,..,17.5,..,..,..,..,..
"Prevalence of stunting, height for age (% of children under 5)",SH.STA.STNT.ZS,Georgia,GEO,..,..,5.8,..,..,..,..,..,..,..
"Prevalence of stunting, height for age (% of children under 5)",SH.STA.STNT.ZS,Germany,DEU,1.3,..,..,..,..,..,..,..,..,..
"Prevalence of stunting, height for age (% of children under 5)",SH.STA.STNT.ZS,Ghana,GHA,..,17.5,..,..,..,..,17.4,..,..,..
"Prevalence of stunting, height for age (% of children under 5)",SH.STA.STNT.ZS,Gibraltar,GIB,..,..,..,..,..,..,..,..,..,..
"Prevalence of stunting, height for age (% of children under 5)",SH.STA.STNT.ZS,Greece,GRC,..,..,..,..,..,..,..,..,..,..
"Prevalence of stunting, height for age (% of children under 5)",SH.STA.STNT.ZS,Greenland,GRL,..,..,..,..,..,..,..,..,..,..
"Prevalence of stunting, height for age (% of children under 5)",SH.STA.STNT.ZS,Grenada,GRD,..,..,..,..,..,..,..,..,..,..
"Prevalence of stunting, height for age (% of children under 5)",SH.STA.STNT.ZS,Guam,GUM,..,..,..,..,..,..,..,..,..,..
"Prevalence of stunting, height for age (% of children under 5)",SH.STA.STNT.ZS,Guatemala,GTM,..,..,..,..,..,46,..,..,..,..
"Prevalence of stunting, height for age (% of children under 5)",SH.STA.STNT.ZS,Guinea,GIN,32.4,..,30.3,..,..,..,26.1,..,..,..
"Prevalence of stunting, height for age (% of children under 5)",SH.STA.STNT.ZS,Guinea-Bissau,GNB,..,..,..,28.1,..,..,..,..,..,..
"Prevalence of stunting, height for age (% of children under 5)",SH.STA.STNT.ZS,Guyana,GUY,..,..,..,9.5,..,..,..,..,..,..
"Prevalence of stunting, height for age (% of children under 5)",SH.STA.STNT.ZS,Haiti,HTI,..,21.9,..,..,..,..,..,22,..,..
"Prevalence of stunting, height for age (% of children under 5)",SH.STA.STNT.ZS,Heavily indebted poor countries (HIPC),HPC,..,..,..,..,..,..,..,..,..,..
"Prevalence of stunting, height for age (% of children under 5)",SH.STA.STNT.ZS,High income,HIC,..,..,..,..,..,..,..,..,..,..
"Prevalence of stunting, height for age (% of children under 5)",SH.STA.STNT.ZS,Honduras,HND,..,..,..,18.7,..,..,..,..,..,..
"Prevalence of stunting, height for age (% of children under 5)",SH.STA.STNT.ZS,"Hong Kong SAR, China",HKG,..,..,..,..,..,..,..,..,..,..
"Prevalence of stunting, height for age (% of children under 5)",SH.STA.STNT.ZS,Hungary,HUN,..,..,..,..,..,..,..,..,..,..
"Prevalence of stunting, height for age (% of children under 5)",SH.STA.STNT.ZS,IBRD only,IBD,..,..,..,..,..,..,..,..,..,..
"Prevalence of stunting, height for age (% of children under 5)",SH.STA.STNT.ZS,Iceland,ISL,..,..,..,..,..,..,..,..,..,..
"Prevalence of stunting, height for age (% of children under 5)",SH.STA.STNT.ZS,IDA & IBRD total,IBT,..,..,..,..,..,..,..,..,..,..
"Prevalence of stunting, height for age (% of children under 5)",SH.STA.STNT.ZS,IDA blend,IDB,..,..,..,..,..,..,..,..,..,..
"Prevalence of stunting, height for age (% of children under 5)",SH.STA.STNT.ZS,IDA only,IDX,..,..,..,..,..,..,..,..,..,..
"Prevalence of stunting, height for age (% of children under 5)",SH.STA.STNT.ZS,IDA total,IDA,..,..,..,..,..,..,..,..,..,..
"Prevalence of stunting, height for age (% of children under 5)",SH.STA.STNT.ZS,India,IND,..,36.1,..,..,35.5,..,..,..,..,..
"Prevalence of stunting, height for age (% of children under 5)",SH.STA.STNT.ZS,Indonesia,IDN,..,..,30,26.6,..,24.4,21.6,22,..,..
"Prevalence of stunting, height for age (% of children under 5)",SH.STA.STNT.ZS,"Iran, Islamic Rep.",IRN,..,4.8,..,..,..,..,..,..,..,..
"Prevalence of stunting, height for age (% of children under 5)",SH.STA.STNT.ZS,Iraq,IRQ,..,..,12.6,..,..,..,..,..,..,..
"Prevalence of stunting, height for age (% of children under 5)",SH.STA.STNT.ZS,Ireland,IRL,..,..,..,..,..,..,..,..,..,..
"Prevalence of stunting, height for age (% of children under 5)",SH.STA.STNT.ZS,Isle of Man,IMN,..,..,..,..,..,..,..,..,..,..
"Prevalence of stunting, height for age (% of children under 5)",SH.STA.STNT.ZS,Israel,ISR,..,..,..,..,..,..,..,..,..,..
"Prevalence of stunting, height for age (% of children under 5)",SH.STA.STNT.ZS,Italy,ITA,..,..,..,..,..,..,..,..,..,..
"Prevalence of stunting, height for age (% of children under 5)",SH.STA.STNT.ZS,Jamaica,JAM,9.3,..,4.6,..,..,..,..,..,..,..
"Prevalence of stunting, height for age (% of children under 5)",SH.STA.STNT.ZS,Japan,JPN,..,..,..,..,..,..,..,..,..,..
"Prevalence of stunting, height for age (% of children under 5)",SH.STA.STNT.ZS,Jordan,JOR,..,..,..,7.4,..,..,..,8.2,..,..
"Prevalence of stunting, height for age (% of children under 5)",SH.STA.STNT.ZS,Kazakhstan,KAZ,..,..,..,..,..,..,..,..,..,..
"Prevalence of stunting, height for age (% of children under 5)",SH.STA.STNT.ZS,Kenya,KEN,28.6,..,..,..,..,..,17.6,..,..,..
"Prevalence of stunting, height for age (% of children under 5)",SH.STA.STNT.ZS,Kiribati,KIR,..,..,15.2,..,..,..,..,..,..,..
"Prevalence of stunting, height for age (% of children under 5)",SH.STA.STNT.ZS,"Korea, Dem. People's Rep.",PRK,..,19.1,..,..,..,..,..,..,..,..
"Prevalence of stunting, height for age (% of children under 5)",SH.STA.STNT.ZS,"Korea, Rep.",KOR,..,2.3,..,..,0.9,..,..,..,..,..
"Prevalence of stunting, height for age (% of children under 5)",SH.STA.STNT.ZS,Kosovo,XKX,..,..,..,..,..,..,..,..,..,..
"Prevalence of stunting, height for age (% of children under 5)",SH.STA.STNT.ZS,Kuwait,KWT,6.3,5.8,7,4.6,3.8,4.3,4.6,3.2,..,..
"Prevalence of stunting, height for age (% of children under 5)",SH.STA.STNT.ZS,Kyrgyz Republic,KGZ,..,..,11.8,..,..,8.6,..,14.1,..,..
"Prevalence of stunting, height for age (% of children under 5)",SH.STA.STNT.ZS,Lao PDR,LAO,..,33.1,..,..,..,..,..,32.8,..,..
"Prevalence of stunting, height for age (% of children under 5)",SH.STA.STNT.ZS,Late-demographic dividend,LTE,..,..,..,..,..,..,..,..,..,..
"Prevalence of stunting, height for age (% of children under 5)",SH.STA.STNT.ZS,Latin America & Caribbean,LCN,..,..,..,..,..,..,..,..,..,..
"Prevalence of stunting, height for age (% of children under 5)",SH.STA.STNT.ZS,Latin America & Caribbean (excluding high income),LAC,..,..,..,..,..,..,..,..,..,..
"Prevalence of stunting, height for age (% of children under 5)",SH.STA.STNT.ZS,Latin America & the Caribbean (IDA & IBRD countries),TLA,..,..,..,..,..,..,..,..,..,..
"Prevalence of stunting, height for age (% of children under 5)",SH.STA.STNT.ZS,Latvia,LVA,..,..,..,..,..,0.5,..,..,..,..
"Prevalence of stunting, height for age (% of children under 5)",SH.STA.STNT.ZS,Least developed countries: UN classification,LDC,..,..,..,..,..,..,..,..,..,..
"Prevalence of stunting, height for age (% of children under 5)",SH.STA.STNT.ZS,Lebanon,LBN,..,..,..,..,..,7,..,13.9,..,..
"Prevalence of stunting, height for age (% of children under 5)",SH.STA.STNT.ZS,Lesotho,LSO,..,..,34.6,..,..,..,..,..,35.6,..
"Prevalence of stunting, height for age (% of children under 5)",SH.STA.STNT.ZS,Liberia,LBR,30.1,..,..,29.8,..,..,..,..,..,..
"Prevalence of stunting, height for age (% of children under 5)",SH.STA.STNT.ZS,Libya,LBY,..,..,..,..,..,..,7.9,..,..,..
"Prevalence of stunting, height for age (% of children under 5)",SH.STA.STNT.ZS,Liechtenstein,LIE,..,..,..,..,..,..,..,..,..,..
"Prevalence of stunting, height for age (% of children under 5)",SH.STA.STNT.ZS,Lithuania,LTU,..,..,..,..,..,0.7,0.9,1,..,..
"Prevalence of stunting, height for age (% of children under 5)",SH.STA.STNT.ZS,Low & middle income,LMY,..,..,..,..,..,..,..,..,..,..
"Prevalence of stunting, height for age (% of children under 5)",SH.STA.STNT.ZS,Low income,LIC,..,..,..,..,..,..,..,..,..,..
"Prevalence of stunting, height for age (% of children under 5)",SH.STA.STNT.ZS,Lower middle income,LMC,..,..,..,..,..,..,..,..,..,..
"Prevalence of stunting, height for age (% of children under 5)",SH.STA.STNT.ZS,Luxembourg,LUX,..,..,..,..,..,..,..,..,..,..
"Prevalence of stunting, height for age (% of children under 5)",SH.STA.STNT.ZS,"Macao SAR, China",MAC,..,..,..,..,..,..,..,..,..,..
"Prevalence of stunting, height for age (% of children under 5)",SH.STA.STNT.ZS,Madagascar,MDG,..,..,41.6,..,..,39.8,..,..,..,..
"Prevalence of stunting, height for age (% of children under 5)",SH.STA.STNT.ZS,Malawi,MWI,38.3,39.3,39,34,35.5,..,..,..,..,..
"Prevalence of stunting, height for age (% of children under 5)",SH.STA.STNT.ZS,Malaysia,MYS,20.8,..,..,25.5,..,..,21.2,..,..,..
"Prevalence of stunting, height for age (% of children under 5)",SH.STA.STNT.ZS,Maldives,MDV,..,15.3,..,..,..,..,..,..,..,..
"Prevalence of stunting, height for age (% of children under 5)",SH.STA.STNT.ZS,Mali,MLI,26.4,24.6,26.9,26.4,23,22.1,21.8,..,25.1,..
"Prevalence of stunting, height for age (% of children under 5)",SH.STA.STNT.ZS,Malta,MLT,..,..,..,..,..,..,3.3,..,..,..
"Prevalence of stunting, height for age (% of children under 5)",SH.STA.STNT.ZS,Marshall Islands,MHL,..,34.8,..,..,..,..,..,..,..,..
"Prevalence of stunting, height for age (% of children under 5)",SH.STA.STNT.ZS,Mauritania,MRT,..,..,22.8,19.4,25.8,17.4,25.1,..,..,..
"Prevalence of stunting, height for age (% of children under 5)",SH.STA.STNT.ZS,Mauritius,MUS,..,..,..,..,..,..,..,..,..,..
"Prevalence of stunting, height for age (% of children under 5)",SH.STA.STNT.ZS,Mexico,MEX,10,..,..,14.1,13.9,12.8,12.5,..,..,..
"Prevalence of stunting, height for age (% of children under 5)",SH.STA.STNT.ZS,"Micronesia, Fed. Sts.",FSM,..,..,..,..,..,..,..,..,..,..
"Prevalence of stunting, height for age (% of children under 5)",SH.STA.STNT.ZS,"Middle East, North Africa, Afghanistan & Pakistan",MEA,..,..,..,..,..,..,..,..,..,..
"Prevalence of stunting, height for age (% of children under 5)",SH.STA.STNT.ZS,"Middle East, North Africa, Afghanistan & Pakistan (excluding high income)",MNA,..,..,..,..,..,..,..,..,..,..
"Prevalence of stunting, height for age (% of children under 5)",SH.STA.STNT.ZS,"Middle East, North Africa, Afghanistan & Pakistan (IDA & IBRD)",TMN,..,..,..,..,..,..,..,..,..,..
"Prevalence of stunting, height for age (% of children under 5)",SH.STA.STNT.ZS,Middle income,MIC,..,..,..,..,..,..,..,..,..,..
"Prevalence of stunting, height for age (% of children under 5)",SH.STA.STNT.ZS,Moldova,MDA,..,..,..,..,..,..,..,..,..,..
"Prevalence of stunting, height for age (% of children under 5)",SH.STA.STNT.ZS,Monaco,MCO,..,..,..,..,..,..,..,..,..,..
"Prevalence of stunting, height for age (% of children under 5)",SH.STA.STNT.ZS,Mongolia,MNG,7.3,..,9.4,..,..,..,..,8.8,..,..
"Prevalence of stunting, height for age (% of children under 5)",SH.STA.STNT.ZS,Montenegro,MNE,..,..,7.2,..,..,..,..,..,..,..
"Prevalence of stunting, height for age (% of children under 5)",SH.STA.STNT.ZS,Morocco,MAR,..,15.1,..,14.2,..,..,..,..,..,..
"Prevalence of stunting, height for age (% of children under 5)",SH.STA.STNT.ZS,Mozambique,MOZ,..,..,..,..,37.5,..,36.7,..,..,..
"Prevalence of stunting, height for age (% of children under 5)",SH.STA.STNT.ZS,Myanmar,MMR,29.4,..,26.7,..,..,..,..,..,..,..
"Prevalence of stunting, height for age (% of children under 5)",SH.STA.STNT.ZS,Namibia,NAM,..,..,..,..,..,..,..,..,..,..
"Prevalence of stunting, height for age (% of children under 5)",SH.STA.STNT.ZS,Nauru,NRU,..,..,..,..,..,..,..,15.7,..,..
"Prevalence of stunting, height for age (% of children under 5)",SH.STA.STNT.ZS,Nepal,NPL,35.8,..,..,31.5,..,..,24.8,..,..,..
"Prevalence of stunting, height for age (% of children under 5)",SH.STA.STNT.ZS,Netherlands,NLD,..,..,..,..,..,..,..,..,..,..
"Prevalence of stunting, height for age (% of children under 5)",SH.STA.STNT.ZS,New Caledonia,NCL,..,..,..,..,..,..,..,..,..,..
"Prevalence of stunting, height for age (% of children under 5)",SH.STA.STNT.ZS,New Zealand,NZL,..,..,..,..,..,..,..,..,..,..
"Prevalence of stunting, height for age (% of children under 5)",SH.STA.STNT.ZS,Nicaragua,NIC,..,..,..,..,..,..,..,..,..,..
"Prevalence of stunting, height for age (% of children under 5)",SH.STA.STNT.ZS,Niger,NER,41.3,..,48.5,47.1,45.3,44.4,47.7,..,..,..
"Prevalence of stunting, height for age (% of children under 5)",SH.STA.STNT.ZS,Nigeria,NGA,43.6,..,36.8,..,31.5,33.8,..,..,..,..
"Prevalence of stunting, height for age (% of children under 5)",SH.STA.STNT.ZS,North America,NAC,..,..,..,..,..,..,..,..,..,..
"Prevalence of stunting, height for age (% of children under 5)",SH.STA.STNT.ZS,North Macedonia,MKD,..,..,..,4.3,..,..,..,..,..,..
"Prevalence of stunting, height for age (% of children under 5)",SH.STA.STNT.ZS,Northern Mariana Islands,MNP,..,..,..,..,..,..,..,..,..,..
"Prevalence of stunting, height for age (% of children under 5)",SH.STA.STNT.ZS,Norway,NOR,..,..,..,..,..,..,..,..,..,..
"Prevalence of stunting, height for age (% of children under 5)",SH.STA.STNT.ZS,Not classified,INX,..,..,..,..,..,..,..,..,..,..
"Prevalence of stunting, height for age (% of children under 5)",SH.STA.STNT.ZS,OECD members,OED,..,..,..,..,..,..,..,..,..,..
"Prevalence of stunting, height for age (% of children under 5)",SH.STA.STNT.ZS,Oman,OMN,..,11.4,..,..,..,..,..,..,..,..
"Prevalence of stunting, height for age (% of children under 5)",SH.STA.STNT.ZS,Other small states,OSS,..,..,..,..,..,..,..,..,..,..
"Prevalence of stunting, height for age (% of children under 5)",SH.STA.STNT.ZS,Pacific island small states,PSS,..,..,..,..,..,..,..,..,..,..
"Prevalence of stunting, height for age (% of children under 5)",SH.STA.STNT.ZS,Pakistan,PAK,..,..,37.6,..,..,..,..,..,..,..
"Prevalence of stunting, height for age (% of children under 5)",SH.STA.STNT.ZS,Palau,PLW,..,..,..,..,..,..,..,..,..,..
"Prevalence of stunting, height for age (% of children under 5)",SH.STA.STNT.ZS,Panama,PAN,..,..,..,15.9,..,..,..,..,..,..
"Prevalence of stunting, height for age (% of children under 5)",SH.STA.STNT.ZS,Papua New Guinea,PNG,..,..,..,..,..,..,..,..,..,..
"Prevalence of stunting, height for age (% of children under 5)",SH.STA.STNT.ZS,Paraguay,PRY,5.6,..,..,..,..,..,..,..,..,..
"Prevalence of stunting, height for age (% of children under 5)",SH.STA.STNT.ZS,Peru,PER,13.1,12.8,12.2,13.1,11.4,11.5,11.7,11.5,..,..
"Prevalence of stunting, height for age (% of children under 5)",SH.STA.STNT.ZS,Philippines,PHL,..,..,29.9,28.7,..,26.7,..,..,..,..
"Prevalence of stunting, height for age (% of children under 5)",SH.STA.STNT.ZS,Poland,POL,..,..,1,..,..,..,..,..,..,..
"Prevalence of stunting, height for age (% of children under 5)",SH.STA.STNT.ZS,Portugal,PRT,3.2,..,..,..,..,..,..,..,..,..
"Prevalence of stunting, height for age (% of children under 5)",SH.STA.STNT.ZS,Post-demographic dividend,PST,..,..,..,..,..,..,..,..,..,..
"Prevalence of stunting, height for age (% of children under 5)",SH.STA.STNT.ZS,Pre-demographic dividend,PRE,..,..,..,..,..,..,..,..,..,..
"Prevalence of stunting, height for age (% of children under 5)",SH.STA.STNT.ZS,Puerto Rico (US),PRI,..,..,..,..,..,..,..,..,..,..
"Prevalence of stunting, height for age (% of children under 5)",SH.STA.STNT.ZS,Qatar,QAT,..,..,..,..,..,5.4,6.3,6.2,..,..
"Prevalence of stunting, height for age (% of children under 5)",SH.STA.STNT.ZS,Romania,ROU,..,..,..,..,..,..,..,..,..,..
"Prevalence of stunting, height for age (% of children under 5)",SH.STA.STNT.ZS,Russian Federation,RUS,..,..,..,..,..,..,..,..,..,..
"Prevalence of stunting, height for age (% of children under 5)",SH.STA.STNT.ZS,Rwanda,RWA,..,..,34.8,..,33.1,..,..,..,..,..
"Prevalence of stunting, height for age (% of children under 5)",SH.STA.STNT.ZS,Samoa,WSM,..,..,..,7.3,..,..,..,..,..,..
"Prevalence of stunting, height for age (% of children under 5)",SH.STA.STNT.ZS,San Marino,SMR,..,..,..,..,..,..,..,..,..,..
"Prevalence of stunting, height for age (% of children under 5)",SH.STA.STNT.ZS,Sao Tome and Principe,STP,..,..,..,11.7,..,..,..,..,..,..
"Prevalence of stunting, height for age (% of children under 5)",SH.STA.STNT.ZS,Saudi Arabia,SAU,17.1,17.2,11.6,13.2,10.8,..,..,..,..,..
"Prevalence of stunting, height for age (% of children under 5)",SH.STA.STNT.ZS,Senegal,SEN,17.1,16.5,18.8,17.9,..,..,..,17.5,..,..
"Prevalence of stunting, height for age (% of children under 5)",SH.STA.STNT.ZS,Serbia,SRB,..,..,..,5.4,..,..,..,..,..,..
"Prevalence of stunting, height for age (% of children under 5)",SH.STA.STNT.ZS,Seychelles,SYC,..,..,..,..,..,..,..,..,..,..
"Prevalence of stunting, height for age (% of children under 5)",SH.STA.STNT.ZS,Sierra Leone,SLE,..,31,..,29.5,..,26.3,..,..,..,..
"Prevalence of stunting, height for age (% of children under 5)",SH.STA.STNT.ZS,Singapore,SGP,..,..,..,..,..,..,..,..,..,..
"Prevalence of stunting, height for age (% of children under 5)",SH.STA.STNT.ZS,Sint Maarten (Dutch part),SXM,..,..,..,..,..,..,..,..,..,..
"Prevalence of stunting, height for age (% of children under 5)",SH.STA.STNT.ZS,Slovak Republic,SVK,..,..,..,..,..,..,..,..,..,..
"Prevalence of stunting, height for age (% of children under 5)",SH.STA.STNT.ZS,Slovenia,SVN,..,..,..,..,..,..,..,..,..,..
"Prevalence of stunting, height for age (% of children under 5)",SH.STA.STNT.ZS,Small states,SST,..,..,..,..,..,..,..,..,..,..
"Prevalence of stunting, height for age (% of children under 5)",SH.STA.STNT.ZS,Solomon Islands,SLB,..,..,..,..,..,..,..,..,..,..
"Prevalence of stunting, height for age (% of children under 5)",SH.STA.STNT.ZS,"Somalia, Fed. Rep.",SOM,..,..,..,..,..,..,..,..,..,..
"Prevalence of stunting, height for age (% of children under 5)",SH.STA.STNT.ZS,South Africa,ZAF,27.4,21.3,..,..,..,..,..,..,..,..
"Prevalence of stunting, height for age (% of children under 5)",SH.STA.STNT.ZS,South Asia,SAS,..,..,..,..,..,..,..,..,..,..
"Prevalence of stunting, height for age (% of children under 5)",SH.STA.STNT.ZS,South Asia (IDA & IBRD),TSA,..,..,..,..,..,..,..,..,..,..
"Prevalence of stunting, height for age (% of children under 5)",SH.STA.STNT.ZS,South Sudan,SSD,..,..,..,..,..,..,..,..,..,..
"Prevalence of stunting, height for age (% of children under 5)",SH.STA.STNT.ZS,Spain,ESP,..,..,..,..,..,..,..,..,..,..
"Prevalence of stunting, height for age (% of children under 5)",SH.STA.STNT.ZS,Sri Lanka,LKA,17.3,..,..,8.4,8.2,7.4,9.2,10.3,10.5,..
"Prevalence of stunting, height for age (% of children under 5)",SH.STA.STNT.ZS,St. Kitts and Nevis,KNA,..,..,..,..,..,..,..,..,..,..
"Prevalence of stunting, height for age (% of children under 5)",SH.STA.STNT.ZS,St. Lucia,LCA,..,..,..,..,..,..,..,..,..,..
"Prevalence of stunting, height for age (% of children under 5)",SH.STA.STNT.ZS,St. Martin (French part),MAF,..,..,..,..,..,..,..,..,..,..
"Prevalence of stunting, height for age (% of children under 5)",SH.STA.STNT.ZS,St. Vincent and the Grenadines,VCT,..,..,..,..,..,..,..,..,..,..
"Prevalence of stunting, height for age (% of children under 5)",SH.STA.STNT.ZS,Sub-Saharan Africa,SSF,..,..,..,..,..,..,..,..,..,..
"Prevalence of stunting, height for age (% of children under 5)",SH.STA.STNT.ZS,Sub-Saharan Africa (excluding high income),SSA,..,..,..,..,..,..,..,..,..,..
"Prevalence of stunting, height for age (% of children under 5)",SH.STA.STNT.ZS,Sub-Saharan Africa (IDA & IBRD countries),TSS,..,..,..,..,..,..,..,..,..,..
"Prevalence of stunting, height for age (% of children under 5)",SH.STA.STNT.ZS,Sudan,SDN,..,..,..,..,..,..,..,..,..,..
"Prevalence of stunting, height for age (% of children under 5)",SH.STA.STNT.ZS,Suriname,SUR,..,..,8.3,..,..,..,..,..,..,..
"Prevalence of stunting, height for age (% of children under 5)",SH.STA.STNT.ZS,Sweden,SWE,..,..,..,..,..,..,..,..,..,..
"Prevalence of stunting, height for age (% of children under 5)",SH.STA.STNT.ZS,Switzerland,CHE,..,..,..,..,..,..,..,..,..,..
"Prevalence of stunting, height for age (% of children under 5)",SH.STA.STNT.ZS,Syrian Arab Republic,SYR,..,..,..,..,..,..,..,..,..,..
"Prevalence of stunting, height for age (% of children under 5)",SH.STA.STNT.ZS,Tajikistan,TJK,19.6,17.5,..,..,..,..,..,13.7,..,..
"Prevalence of stunting, height for age (% of children under 5)",SH.STA.STNT.ZS,Tanzania,TZA,..,..,31.8,..,..,32.7,30,..,..,..
"Prevalence of stunting, height for age (% of children under 5)",SH.STA.STNT.ZS,Thailand,THA,10.5,..,..,13.4,..,..,12.4,..,..,..
"Prevalence of stunting, height for age (% of children under 5)",SH.STA.STNT.ZS,Timor-Leste,TLS,..,..,..,..,46.7,..,..,..,..,..
"Prevalence of stunting, height for age (% of children under 5)",SH.STA.STNT.ZS,Togo,TGO,..,23.8,..,..,..,..,..,..,..,..
"Prevalence of stunting, height for age (% of children under 5)",SH.STA.STNT.ZS,Tonga,TON,..,..,..,2.2,..,..,..,..,..,..
"Prevalence of stunting, height for age (% of children under 5)",SH.STA.STNT.ZS,Trinidad and Tobago,TTO,..,..,..,..,..,..,..,..,..,..
"Prevalence of stunting, height for age (% of children under 5)",SH.STA.STNT.ZS,Tunisia,TUN,..,..,8.4,..,..,..,..,..,..,..
"Prevalence of stunting, height for age (% of children under 5)",SH.STA.STNT.ZS,Turkiye,TUR,..,..,6,..,..,..,..,..,..,..
"Prevalence of stunting, height for age (% of children under 5)",SH.STA.STNT.ZS,Turkmenistan,TKM,..,..,..,7.2,..,..,..,..,..,..
"Prevalence of stunting, height for age (% of children under 5)",SH.STA.STNT.ZS,Turks and Caicos Islands,TCA,..,..,..,..,4.6,..,..,..,..,..
"Prevalence of stunting, height for age (% of children under 5)",SH.STA.STNT.ZS,Tuvalu,TUV,..,..,..,5.7,..,..,..,..,..,..
"Prevalence of stunting, height for age (% of children under 5)",SH.STA.STNT.ZS,Uganda,UGA,28.9,..,23.9,..,25.4,..,24.4,..,..,..
"Prevalence of stunting, height for age (% of children under 5)",SH.STA.STNT.ZS,Ukraine,UKR,..,..,..,..,..,..,..,..,..,..
"Prevalence of stunting, height for age (% of children under 5)",SH.STA.STNT.ZS,United Arab Emirates,ARE,..,..,..,..,..,..,..,..,..,..
"Prevalence of stunting, height for age (% of children under 5)",SH.STA.STNT.ZS,United Kingdom,GBR,2,1.9,2,2,..,..,..,..,..,..
"Prevalence of stunting, height for age (% of children under 5)",SH.STA.STNT.ZS,United States,USA,3.5,..,3.4,..,..,..,3.8,..,..,..
"Prevalence of stunting, height for age (% of children under 5)",SH.STA.STNT.ZS,Upper middle income,UMC,..,..,..,..,..,..,..,..,..,..
"Prevalence of stunting, height for age (% of children under 5)",SH.STA.STNT.ZS,Uruguay,URY,10.8,..,6.9,..,..,..,..,..,..,..
"Prevalence of stunting, height for age (% of children under 5)",SH.STA.STNT.ZS,Uzbekistan,UZB,..,10.8,..,..,..,6.5,..,..,..,..
"Prevalence of stunting, height for age (% of children under 5)",SH.STA.STNT.ZS,Vanuatu,VUT,..,..,..,..,..,..,..,..,..,..
"Prevalence of stunting, height for age (% of children under 5)",SH.STA.STNT.ZS,"Venezuela, RB",VEN,..,..,..,..,..,..,..,..,..,..
"Prevalence of stunting, height for age (% of children under 5)",SH.STA.STNT.ZS,Viet Nam,VNM,24.3,23.8,23.2,22.4,19.5,..,18.9,18.2,..,..
"Prevalence of stunting, height for age (% of children under 5)",SH.STA.STNT.ZS,Virgin Islands (U.S.),VIR,..,..,..,..,..,..,..,..,..,..
"Prevalence of stunting, height for age (% of children under 5)",SH.STA.STNT.ZS,West Bank and Gaza,PSE,..,..,..,..,8.7,..,..,..,..,..
"Prevalence of stunting, height for age (% of children under 5)",SH.STA.STNT.ZS,World,WLD,..,..,..,..,..,..,..,..,..,..
"Prevalence of stunting, height for age (% of children under 5)",SH.STA.STNT.ZS,"Yemen, Rep.",YEM,..,..,..,..,..,45.1,48.5,..,..,..
"Prevalence of stunting, height for age (% of children under 5)",SH.STA.STNT.ZS,Zambia,ZMB,..,..,34.6,..,..,..,..,..,..,..
"Prevalence of stunting, height for age (% of children under 5)",SH.STA.STNT.ZS,Zimbabwe,ZWE,..,..,..,23.5,..,..,..,..,25.9,..
Current health expenditure (% of GDP),SH.XPD.CHEX.GD.ZS,Afghanistan,AFG,11.81859016,12.62081718,14.20841885,14.83131981,15.53361416,21.50844383,23.0881691,14.9857626,..,..
Current health expenditure (% of GDP),SH.XPD.CHEX.GD.ZS,Africa Eastern and Southern,AFE,6.01013121696575,5.86151346614889,5.72726191770079,5.75412533119706,5.98549369692664,5.94632006946188,5.56646899236104,5.5437973041247,..,..
Current health expenditure (% of GDP),SH.XPD.CHEX.GD.ZS,Africa Western and Central,AFW,3.80268742713908,3.73310550709269,3.28852693690847,3.24983385590998,3.78820568649626,4.13565471129464,4.17450107095049,4.14260145115394,..,..
Current health expenditure (% of GDP),SH.XPD.CHEX.GD.ZS,Albania,ALB,6.65018797,6.50111914,6.59002447,6.78144073,7.46513748,7.35750389,7.53646231,7.05240345,..,..
Current health expenditure (% of GDP),SH.XPD.CHEX.GD.ZS,Algeria,DZA,6.00080872,5.9484539,5.9323926,5.41732121,5.63830757,5.02188873,3.63464284,4.35082531,..,..
Current health expenditure (% of GDP),SH.XPD.CHEX.GD.ZS,American Samoa,ASM,..,..,..,..,..,..,..,..,..,..
Current health expenditure (% of GDP),SH.XPD.CHEX.GD.ZS,Andorra,AND,6.94162941,7.07158232,7.37781096,7.32238626,8.78462029,8.64671707,7.52135801,7.69928026,..,..
Current health expenditure (% of GDP),SH.XPD.CHEX.GD.ZS,Angola,AGO,2.39068723,2.4379425,2.29887486,2.20394278,2.81688905,2.73987103,2.60041046,2.54692864,..,..
Current health expenditure (% of GDP),SH.XPD.CHEX.GD.ZS,Antigua and Barbuda,ATG,4.93979549,4.66318989,4.6865654,4.27709961,5.68408012,4.81315422,4.43146801,3.91348195,..,..
Current health expenditure (% of GDP),SH.XPD.CHEX.GD.ZS,Arab World,ARB,5.28754747977113,5.16279232756299,4.87070558790054,4.94577726319513,5.72107292849239,5.26248759924123,4.6691857013873,5.16576491698387,..,..
Current health expenditure (% of GDP),SH.XPD.CHEX.GD.ZS,Argentina,ARG,10.05355549,10.26057911,10.17289257,10.11911297,10.67246342,11.00910187,10.15950489,10.2695179,..,..
Current health expenditure (% of GDP),SH.XPD.CHEX.GD.ZS,Armenia,ARM,9.95194912,10.36270332,10.00543404,11.3798008,12.24056244,12.32268524,9.96211243,9.32119179,..,..
Current health expenditure (% of GDP),SH.XPD.CHEX.GD.ZS,Aruba,ABW,..,..,..,..,..,..,..,..,..,..
Current health expenditure (% of GDP),SH.XPD.CHEX.GD.ZS,Australia,AUS,10.08958244,10.10880566,10.08907509,10.25421429,10.70324135,10.51612186,9.89226055,10.39852047,..,..
Current health expenditure (% of GDP),SH.XPD.CHEX.GD.ZS,Austria,AUT,10.51713753,10.57132816,10.5157156,10.62530422,11.41292953,12.185215,11.22519779,11.15297318,11.8325634,..
Current health expenditure (% of GDP),SH.XPD.CHEX.GD.ZS,Azerbaijan,AZE,4.42241955,4.07396507,3.83661342,4.18188763,5.84817696,4.68526697,3.41549611,4.27113533,..,..
Current health expenditure (% of GDP),SH.XPD.CHEX.GD.ZS,"Bahamas, The",BHS,5.65515327,6.6036396,5.83890343,5.70484161,7.3983264,6.78537178,7.04287481,6.30260801,..,..
Current health expenditure (% of GDP),SH.XPD.CHEX.GD.ZS,Bahrain,BHR,4.62360859,4.30236721,3.94324946,3.78430986,4.55685711,4.32771444,3.89098358,3.99562383,..,..
Current health expenditure (% of GDP),SH.XPD.CHEX.GD.ZS,Bangladesh,BGD,2.38938212,2.36720181,2.31622243,2.12712646,2.18254924,2.26678729,2.21544909,2.17014575,..,..
Current health expenditure (% of GDP),SH.XPD.CHEX.GD.ZS,Barbados,BRB,6.19479513,6.0020504,5.83037996,5.67476797,6.7272892,7.4427762,5.8744669,5.40463829,..,..
Current health expenditure (% of GDP),SH.XPD.CHEX.GD.ZS,Belarus,BLR,5.91054153,5.75974846,5.52699471,5.86133814,6.40607214,6.56549978,6.57784128,7.08167362,..,..
Current health expenditure (% of GDP),SH.XPD.CHEX.GD.ZS,Belgium,BEL,10.89833736,10.94042683,10.9937973,10.85831451,11.46253014,11.28825092,10.73976326,10.80371571,..,..
Current health expenditure (% of GDP),SH.XPD.CHEX.GD.ZS,Belize,BLZ,4.77207184,4.62228823,4.75529861,4.81608105,5.33901167,5.04598379,4.21643019,4.14735794,..,..
Current health expenditure (% of GDP),SH.XPD.CHEX.GD.ZS,Benin,BEN,3.62042856,3.67389345,3.4364984,3.00206876,3.0512166,2.91589761,2.98184395,3.33732462,..,..
Current health expenditure (% of GDP),SH.XPD.CHEX.GD.ZS,Bermuda,BMU,..,..,..,..,..,..,..,..,..,..
Current health expenditure (% of GDP),SH.XPD.CHEX.GD.ZS,Bhutan,BTN,3.27756715,3.11215067,3.06896734,3.37511158,4.08451509,4.78581429,3.91757464,4.41551638,..,..
Current health expenditure (% of GDP),SH.XPD.CHEX.GD.ZS,Bolivia,BOL,6.83333063,6.4901948,6.60399437,6.88792992,8.0225811,8.16016769,7.15933084,6.91864729,..,..
Current health expenditure (% of GDP),SH.XPD.CHEX.GD.ZS,Bosnia and Herzegovina,BIH,9.13943481,8.81797314,8.76100445,8.92544365,9.70311832,9.55514336,8.71644783,8.9216938,..,..
Current health expenditure (% of GDP),SH.XPD.CHEX.GD.ZS,Botswana,BWA,5.76837635,6.62986994,6.04010344,6.12193203,6.1213398,6.30315065,5.73650789,6.25574684,..,..
Current health expenditure (% of GDP),SH.XPD.CHEX.GD.ZS,Brazil,BRA,9.16901684,9.47125053,9.46475029,9.61449146,9.62326527,9.63646507,9.38739491,9.73092747,..,..
Current health expenditure (% of GDP),SH.XPD.CHEX.GD.ZS,British Virgin Islands,VGB,..,..,..,..,..,..,..,..,..,..
Current health expenditure (% of GDP),SH.XPD.CHEX.GD.ZS,Brunei Darussalam,BRN,2.54828691,2.27022862,2.41600895,2.23100758,2.45359564,2.14748693,1.77042186,2.2286067,..,..
Current health expenditure (% of GDP),SH.XPD.CHEX.GD.ZS,Bulgaria,BGR,7.45975018,7.49624491,7.34086275,7.11813641,8.44060898,8.58048916,7.63849449,7.91853094,..,..
Current health expenditure (% of GDP),SH.XPD.CHEX.GD.ZS,Burkina Faso,BFA,5.95284653,6.12075186,4.94427681,5.35001135,6.89469957,7.08691931,7.41435528,7.79943228,..,..
Current health expenditure (% of GDP),SH.XPD.CHEX.GD.ZS,Burundi,BDI,7.06148243,6.95230389,7.29396152,9.05940628,10.70776176,8.94190311,8.6687746,9.09471226,..,..
Current health expenditure (% of GDP),SH.XPD.CHEX.GD.ZS,Cabo Verde,CPV,4.36134005,4.48070955,4.78548193,4.82431316,7.03399324,6.60773611,6.70243406,5.84791613,..,..
Current health expenditure (% of GDP),SH.XPD.CHEX.GD.ZS,Cambodia,KHM,4.49053288,4.26933241,4.49707794,5.05801058,5.13031435,6.33888054,4.46856117,4.61706829,..,..
Current health expenditure (% of GDP),SH.XPD.CHEX.GD.ZS,Cameroon,CMR,4.02253723,3.79293942,3.61970162,3.65157914,4.25051928,4.34109783,4.49439144,4.5545516,..,..
Current health expenditure (% of GDP),SH.XPD.CHEX.GD.ZS,Canada,CAN,11.05626965,10.9242115,10.92262077,11.04823494,13.01732922,12.38106632,11.08119678,11.18692875,11.3095665,..
Current health expenditure (% of GDP),SH.XPD.CHEX.GD.ZS,Caribbean small states,CSS,5.79141967927472,5.97087076748082,5.94749622539129,6.0899471806107,6.81972402950988,6.45295591405472,5.57302406714792,5.48778796194105,..,..
Current health expenditure (% of GDP),SH.XPD.CHEX.GD.ZS,Cayman Islands,CYM,..,..,..,..,..,..,..,..,..,..
Current health expenditure (% of GDP),SH.XPD.CHEX.GD.ZS,Central African Republic,CAF,5.44402313,6.66541576,10.99484062,7.76081514,8.98488045,9.15097523,9.94993496,10.65553188,..,..
Current health expenditure (% of GDP),SH.XPD.CHEX.GD.ZS,Central Europe and the Baltics,CEB,6.64433101291191,6.56979982342561,6.51336347654951,6.61921860012405,7.19217806354904,7.35978123666996,7.01513927497412,7.17207508856139,..,..
Current health expenditure (% of GDP),SH.XPD.CHEX.GD.ZS,Chad,TCD,3.70842481,3.51023412,3.2893219,3.38471627,4.35215092,3.9722333,4.15823555,4.99707747,..,..
Current health expenditure (% of GDP),SH.XPD.CHEX.GD.ZS,Channel Islands,CHI,..,..,..,..,..,..,..,..,..,..
Current health expenditure (% of GDP),SH.XPD.CHEX.GD.ZS,Chile,CHL,8.55767059,9.090518,9.15040398,9.30968475,9.69734573,9.72450161,10.0053072,10.17470455,10.53092575,..
Current health expenditure (% of GDP),SH.XPD.CHEX.GD.ZS,China,CHN,4.88338089,4.9695034,5.06933308,5.26516867,5.50441837,5.25590324,5.88078785,5.94388866,..,..
Current health expenditure (% of GDP),SH.XPD.CHEX.GD.ZS,Colombia,COL,7.53117037,7.67864323,7.71777487,7.83404827,8.69751263,9.14150524,7.59037256,8.15838146,8.14139366,..
Current health expenditure (% of GDP),SH.XPD.CHEX.GD.ZS,Comoros,COM,4.65263557,5.26807451,4.90318584,5.18044472,5.902421,6.46315002,8.47119522,6.55212021,..,..
Current health expenditure (% of GDP),SH.XPD.CHEX.GD.ZS,"Congo, Dem. Rep.",COD,4.20027828,4.00057793,3.24127173,3.508039,3.97694445,3.86727977,3.9417696,3.68495083,..,..
Current health expenditure (% of GDP),SH.XPD.CHEX.GD.ZS,"Congo, Rep.",COG,2.59422994,2.36476016,1.75584984,2.34771276,4.01775074,3.46133351,2.30011368,3.29744148,..,..
Current health expenditure (% of GDP),SH.XPD.CHEX.GD.ZS,Costa Rica,CRI,7.31724358,7.04522991,7.28587723,7.2212491,7.82545757,7.61130476,7.18368196,6.8663702,..,..
Current health expenditure (% of GDP),SH.XPD.CHEX.GD.ZS,Cote d'Ivoire,CIV,3.32101274,3.24693036,3.0916779,3.18916845,3.62327886,3.76207662,3.63847613,3.43218303,..,..
Current health expenditure (% of GDP),SH.XPD.CHEX.GD.ZS,Croatia,HRV,6.69167471,6.62803125,6.7136178,6.78699923,7.68352938,8.08265686,7.29636335,7.14699411,..,..
Current health expenditure (% of GDP),SH.XPD.CHEX.GD.ZS,Cuba,CUB,12.21769619,11.47201538,11.01842499,11.08501148,12.48641968,13.78746605,11.78773499,9.38383102,..,..
Current health expenditure (% of GDP),SH.XPD.CHEX.GD.ZS,Curacao,CUW,..,..,..,..,..,..,..,..,..,..
Current health expenditure (% of GDP),SH.XPD.CHEX.GD.ZS,Cyprus,CYP,6.65254688,6.62192535,6.78446245,6.99843168,8.64796448,8.87445068,8.27201366,8.11912918,..,..
Current health expenditure (% of GDP),SH.XPD.CHEX.GD.ZS,Czechia,CZE,7.32258606,7.24190664,7.37173605,7.48754358,8.96995831,9.15420723,8.47063065,8.42677402,8.50710297,..
Current health expenditure (% of GDP),SH.XPD.CHEX.GD.ZS,Denmark,DNK,10.28229332,10.1137991,10.14163208,10.18468761,10.69237614,10.65575886,9.47411346,9.5572958,9.38812923,..
Current health expenditure (% of GDP),SH.XPD.CHEX.GD.ZS,Djibouti,DJI,2.74166131,2.47976375,2.530864,2.41347837,2.33861232,2.87128091,2.52554536,2.28316021,..,..
Current health expenditure (% of GDP),SH.XPD.CHEX.GD.ZS,Dominica,DMA,5.12308073,5.46245432,6.18495989,5.16903925,6.06806135,6.31142521,5.97262001,5.00757647,..,..
Current health expenditure (% of GDP),SH.XPD.CHEX.GD.ZS,Dominican Republic,DOM,4.58582401,4.44562674,4.21765518,4.36808872,4.96490288,5.08839989,4.64506817,4.59880495,..,..
Current health expenditure (% of GDP),SH.XPD.CHEX.GD.ZS,Early-demographic dividend,EAR,5.04115476117258,4.86580729919855,4.63478851903265,4.60415675682015,5.03635481236374,5.07945503994002,4.79146885384,4.8276388426126,..,..
Current health expenditure (% of GDP),SH.XPD.CHEX.GD.ZS,East Asia & Pacific,EAS,6.51230938711315,6.47098092523473,6.48194467676329,6.65304756772712,6.96807365163299,6.843752493505,7.02915165396789,6.82040022907689,..,..
Current health expenditure (% of GDP),SH.XPD.CHEX.GD.ZS,East Asia & Pacific (excluding high income),EAP,4.67397460765782,4.73854580910689,4.83518871438441,4.9930397323714,5.2768981168322,5.15121494147566,5.5848100878072,5.60836691195228,..,..
Current health expenditure (% of GDP),SH.XPD.CHEX.GD.ZS,East Asia & Pacific (IDA & IBRD countries),TEA,4.67413600379072,4.73871313162765,4.83534577009025,4.99320257752787,5.27705921550724,5.15135968942112,5.58502389318597,5.60852809056887,..,..
Current health expenditure (% of GDP),SH.XPD.CHEX.GD.ZS,Ecuador,ECU,7.58817482,7.52484131,7.83364677,7.80878448,8.60608387,8.37526226,7.60183907,7.56167889,..,..
Current health expenditure (% of GDP),SH.XPD.CHEX.GD.ZS,"Egypt, Arab Rep.",EGY,5.07462406,5.34661913,4.74892998,4.5994668,4.15384626,4.60955143,4.72362804,4.88449335,..,..
Current health expenditure (% of GDP),SH.XPD.CHEX.GD.ZS,El Salvador,SLV,8.71456337,8.42286873,8.322752,8.80846119,8.95105076,10.12668991,9.82036304,9.28738594,..,..
Current health expenditure (% of GDP),SH.XPD.CHEX.GD.ZS,Equatorial Guinea,GNQ,2.97177482,2.86121631,2.92214823,3.27948833,3.70560718,3.5103004,2.83726358,3.49941635,..,..
Current health expenditure (% of GDP),SH.XPD.CHEX.GD.ZS,Eritrea,ERI,3.73838949,4.15359449,4.24748898,4.64806461,4.31117725,4.17839003,3.87537837,3.6837678,..,..
Current health expenditure (% of GDP),SH.XPD.CHEX.GD.ZS,Estonia,EST,6.56918621,6.46636105,6.56314421,6.64763546,7.47179365,7.47591066,6.93641424,7.47082138,7.83648062,..
Current health expenditure (% of GDP),SH.XPD.CHEX.GD.ZS,Eswatini,SWZ,6.82044792,6.98103714,7.31937742,8.40033817,7.0983777,7.40552139,7.2449131,7.49763966,..,..
Current health expenditure (% of GDP),SH.XPD.CHEX.GD.ZS,Ethiopia,ETH,3.60033751,3.45336914,3.30371761,3.24287128,3.48096275,3.20779967,2.85298109,2.80310345,..,..
Current health expenditure (% of GDP),SH.XPD.CHEX.GD.ZS,Euro area,EMU,10.1089253490342,10.0891405040407,10.0820642953726,10.1419237245918,11.138451534423,11.1605764522586,10.6586914769033,10.2899180074654,10.77442962542,..
Current health expenditure (% of GDP),SH.XPD.CHEX.GD.ZS,Europe & Central Asia,ECS,9.29785092615155,9.2120235707664,9.23422287021077,9.31360378499354,10.4824373522423,10.379372171451,9.70943230869968,9.58496768550451,..,..
Current health expenditure (% of GDP),SH.XPD.CHEX.GD.ZS,Europe & Central Asia (excluding high income),ECA,4.87998833998256,4.75973189996261,4.77847167432374,4.96216304740981,5.51077956473519,5.67432085902431,4.60928567222668,4.92052386059615,..,..
Current health expenditure (% of GDP),SH.XPD.CHEX.GD.ZS,Europe & Central Asia (IDA & IBRD countries),TEC,5.3332058150221,5.33122101543241,5.34186505161368,5.5538069934611,6.75002388162956,6.45154983916033,6.04467276638542,6.21532365654935,..,..
Current health expenditure (% of GDP),SH.XPD.CHEX.GD.ZS,European Union,EUU,9.88833716120595,9.85036406670765,9.82989036363975,9.8723711185958,10.7994106667147,10.8123235004203,10.3013535917408,9.99899300228438,10.5422385397464,..
Current health expenditure (% of GDP),SH.XPD.CHEX.GD.ZS,Faroe Islands,FRO,..,..,..,..,..,..,..,..,..,..
Current health expenditure (% of GDP),SH.XPD.CHEX.GD.ZS,Fiji,FJI,3.27979708,3.18689561,4.10572624,4.28229284,5.28987408,7.06084681,4.01752949,3.61524153,..,..
Current health expenditure (% of GDP),SH.XPD.CHEX.GD.ZS,Finland,FIN,9.45625591,9.19148445,9.10587025,9.22295189,9.69977188,9.90969753,9.74152565,10.47389507,..,..
Current health expenditure (% of GDP),SH.XPD.CHEX.GD.ZS,France,FRA,11.57036018,11.44944572,11.30847645,11.17058277,12.12949371,12.24894238,11.82888794,11.51974583,11.53530598,..
Current health expenditure (% of GDP),SH.XPD.CHEX.GD.ZS,French Polynesia,PYF,..,..,..,..,..,..,..,..,..,..
Current health expenditure (% of GDP),SH.XPD.CHEX.GD.ZS,Gabon,GAB,3.1076982,2.78068876,2.75235105,2.76837039,3.4401269,2.79254127,2.89087176,3.13430715,..,..
Current health expenditure (% of GDP),SH.XPD.CHEX.GD.ZS,"Gambia, The",GMB,3.19523716,3.35449266,3.18501234,3.14534926,4.01436949,3.74321485,3.53697729,2.89250112,..,..
Current health expenditure (% of GDP),SH.XPD.CHEX.GD.ZS,Georgia,GEO,9.07258892,8.70140266,7.75524616,7.31291389,9.22991848,10.53835487,8.29634285,6.85758877,..,..
Current health expenditure (% of GDP),SH.XPD.CHEX.GD.ZS,Germany,DEU,10.97133732,11.05091095,11.18380833,11.42805386,12.46780777,12.72403336,12.44708347,11.74428654,12.26655293,..
Current health expenditure (% of GDP),SH.XPD.CHEX.GD.ZS,Ghana,GHA,3.39035821,2.68786979,2.43001175,3.25450468,4.4331708,3.86030865,3.67459154,2.94686937,..,..
Current health expenditure (% of GDP),SH.XPD.CHEX.GD.ZS,Gibraltar,GIB,..,..,..,..,..,..,..,..,..,..
Current health expenditure (% of GDP),SH.XPD.CHEX.GD.ZS,Greece,GRC,8.45097542,8.11336899,8.07267761,8.11709499,9.38074493,9.03178692,8.44938278,8.39367008,..,..
Current health expenditure (% of GDP),SH.XPD.CHEX.GD.ZS,Greenland,GRL,..,..,..,..,..,..,..,..,..,..
Current health expenditure (% of GDP),SH.XPD.CHEX.GD.ZS,Grenada,GRD,4.43910027,4.65701056,4.58373737,4.93189621,5.30602551,5.27963448,4.99701262,4.65330839,..,..
Current health expenditure (% of GDP),SH.XPD.CHEX.GD.ZS,Guam,GUM,..,..,..,..,..,..,..,..,..,..
Current health expenditure (% of GDP),SH.XPD.CHEX.GD.ZS,Guatemala,GTM,6.07008219,6.13563824,6.10662699,6.17443275,6.4591527,7.35698891,7.1678791,6.80241346,..,..
Current health expenditure (% of GDP),SH.XPD.CHEX.GD.ZS,Guinea,GIN,5.39694929,3.91512728,3.73843002,4.08876228,3.90094519,3.7175858,3.83292699,3.69442987,..,..
Current health expenditure (% of GDP),SH.XPD.CHEX.GD.ZS,Guinea-Bissau,GNB,8.32881451,7.00049543,7.28164959,7.14602089,8.98898792,8.39794922,8.33752728,8.82204819,..,..
Current health expenditure (% of GDP),SH.XPD.CHEX.GD.ZS,Guyana,GUY,4.01842117,4.3191123,4.90492535,4.90331507,5.37510586,4.64326477,2.52456355,2.46673751,..,..
Current health expenditure (% of GDP),SH.XPD.CHEX.GD.ZS,Haiti,HTI,4.80760574,3.8199389,4.31650305,3.91107917,3.78651953,3.57739854,3.20755076,3.19156528,..,..
Current health expenditure (% of GDP),SH.XPD.CHEX.GD.ZS,Heavily indebted poor countries (HIPC),HPC,4.89062163291796,4.69415553193843,4.48976802696133,4.61287503412678,5.00592477678338,4.96346506351368,4.66501395969271,4.4525335920373,..,..
Current health expenditure (% of GDP),SH.XPD.CHEX.GD.ZS,High income,HIC,12.1464340437715,12.0573603254639,11.9733880524105,12.1635303867058,13.6298864951756,13.0944002745069,12.5509007800305,12.5381196027243,..,..
Current health expenditure (% of GDP),SH.XPD.CHEX.GD.ZS,Honduras,HND,7.709445,7.00668859,7.22820663,7.34316635,9.21912384,9.27311516,8.15452766,7.70976162,..,..
Current health expenditure (% of GDP),SH.XPD.CHEX.GD.ZS,"Hong Kong SAR, China",HKG,..,..,..,..,..,..,..,..,..,..
Current health expenditure (% of GDP),SH.XPD.CHEX.GD.ZS,Hungary,HUN,6.96752644,6.73338366,6.55460501,6.24677849,7.230515,7.33524847,6.6474123,6.36868954,..,..
Current health expenditure (% of GDP),SH.XPD.CHEX.GD.ZS,IBRD only,IBD,..,..,..,..,..,..,..,..,..,..
Current health expenditure (% of GDP),SH.XPD.CHEX.GD.ZS,Iceland,ISL,8.15569115,8.3243084,8.43817616,8.63996315,9.64908886,9.72073746,9.08145332,8.70510101,8.98358727,..
Current health expenditure (% of GDP),SH.XPD.CHEX.GD.ZS,IDA & IBRD total,IBT,5.253739289762,5.26446870111988,5.19041830965176,5.26260347463838,5.61832393833026,5.52514858684123,5.68644281875514,5.76917677777576,..,..
Current health expenditure (% of GDP),SH.XPD.CHEX.GD.ZS,IDA blend,IDB,..,..,..,..,..,..,..,..,..,..
Current health expenditure (% of GDP),SH.XPD.CHEX.GD.ZS,IDA only,IDX,..,..,..,..,..,..,..,..,..,..
Current health expenditure (% of GDP),SH.XPD.CHEX.GD.ZS,IDA total,IDA,..,..,..,..,..,..,..,..,..,..
Current health expenditure (% of GDP),SH.XPD.CHEX.GD.ZS,India,IND,3.50430417,2.93597651,2.8584938,2.95299792,3.34146094,3.34680939,3.39623499,3.33944035,..,..
Current health expenditure (% of GDP),SH.XPD.CHEX.GD.ZS,Indonesia,IDN,3.02147198,2.90417194,2.86757827,2.87862897,3.42067289,3.70634937,2.69389749,2.70239949,..,..
Current health expenditure (% of GDP),SH.XPD.CHEX.GD.ZS,"Iran, Islamic Rep.",IRN,7.80285025,7.71801233,6.63571692,6.23426771,4.96098137,4.85886621,5.62794113,6.02542305,..,..
Current health expenditure (% of GDP),SH.XPD.CHEX.GD.ZS,Iraq,IRQ,4.57253027,4.08944416,4.07600641,4.207232,5.72766161,5.14179993,4.33226347,5.53275251,..,..
Current health expenditure (% of GDP),SH.XPD.CHEX.GD.ZS,Ireland,IRL,7.3382206,6.91718578,6.74710846,6.61860561,6.97323275,6.44113493,6.02078247,6.57538509,6.85410833,..
Current health expenditure (% of GDP),SH.XPD.CHEX.GD.ZS,Isle of Man,IMN,..,..,..,..,..,..,..,..,..,..
Current health expenditure (% of GDP),SH.XPD.CHEX.GD.ZS,Israel,ISR,7.09919167,7.17189407,7.23550367,7.20701885,7.74801874,7.83961058,7.12004995,7.09822369,..,..
Current health expenditure (% of GDP),SH.XPD.CHEX.GD.ZS,Italy,ITA,8.72043991,8.69060516,8.65467453,8.61536789,9.5643034,9.28164482,8.85022926,8.40559483,8.44437313,..
Current health expenditure (% of GDP),SH.XPD.CHEX.GD.ZS,Jamaica,JAM,6.5901823,6.98476934,6.83884478,6.96945572,7.47555304,8.00261688,8.65338707,7.60493946,..,..
Current health expenditure (% of GDP),SH.XPD.CHEX.GD.ZS,Japan,JPN,10.65891552,10.65627098,10.73988247,10.96998405,11.44974613,12.08108234,12.32275677,10.73979473,..,..
Current health expenditure (% of GDP),SH.XPD.CHEX.GD.ZS,Jordan,JOR,6.97644138,7.10953665,6.98295021,7.07244635,7.54554749,7.69733906,7.73623276,7.66000605,..,..
Current health expenditure (% of GDP),SH.XPD.CHEX.GD.ZS,Kazakhstan,KAZ,3.42235589,3.0524447,2.90062451,2.87143755,3.83133817,3.98701859,3.74577999,3.76701546,..,..
Current health expenditure (% of GDP),SH.XPD.CHEX.GD.ZS,Kenya,KEN,4.75429106,3.98597503,4.09903383,4.36874676,4.49248886,4.56992722,4.32241869,4.35172892,..,..
Current health expenditure (% of GDP),SH.XPD.CHEX.GD.ZS,Kiribati,KIR,9.04265118,9.68424225,10.89694214,10.16600227,13.65645027,11.83228588,10.52553844,10.94525623,..,..
Current health expenditure (% of GDP),SH.XPD.CHEX.GD.ZS,"Korea, Dem. People's Rep.",PRK,..,..,..,..,..,..,..,..,..,..
Current health expenditure (% of GDP),SH.XPD.CHEX.GD.ZS,"Korea, Rep.",KOR,6.6356945,6.79827499,7.14222002,7.69397116,8.02722836,8.34412766,8.8595314,8.5650692,8.67656994,..
Current health expenditure (% of GDP),SH.XPD.CHEX.GD.ZS,Kosovo,XKX,..,..,..,..,..,..,..,..,..,..
Current health expenditure (% of GDP),SH.XPD.CHEX.GD.ZS,Kuwait,KWT,4.73096323,4.65326786,5.17201853,5.18200397,6.11295223,5.37273169,4.20024538,4.96311998,..,..
Current health expenditure (% of GDP),SH.XPD.CHEX.GD.ZS,Kyrgyz Republic,KGZ,6.41248226,6.18586349,5.01030922,4.25461817,4.93558979,5.35275602,5.04874945,4.50344467,..,..
Current health expenditure (% of GDP),SH.XPD.CHEX.GD.ZS,Lao PDR,LAO,2.36087489,2.52606821,2.24630046,2.60312223,2.05965185,2.74392009,2.01825476,1.32651615,..,..
Current health expenditure (% of GDP),SH.XPD.CHEX.GD.ZS,Late-demographic dividend,LTE,5.47638516896998,5.57494841663545,5.5603740572274,5.71659931707056,6.0618712374443,5.82771976334064,6.16556387768475,6.31155209542517,..,..
Current health expenditure (% of GDP),SH.XPD.CHEX.GD.ZS,Latin America & Caribbean,LCN,7.87340800749019,8.05344889898208,7.81495657647715,7.86565022585942,8.3631615717366,8.30098015765332,7.95435978189847,7.94355058922187,..,..
Current health expenditure (% of GDP),SH.XPD.CHEX.GD.ZS,Latin America & Caribbean (excluding high income),LAC,7.86389349885875,8.02926214854816,7.74761936890373,7.78780238659385,8.26650552268315,8.21103967465097,7.84832754219887,7.84015567723398,..,..
Current health expenditure (% of GDP),SH.XPD.CHEX.GD.ZS,Latin America & the Caribbean (IDA & IBRD countries),TLA,7.79635026729668,7.99512169638659,7.75975433953571,7.8074803164706,8.26457411286595,8.30454357499694,7.95652357436016,7.94735280706801,..,..
Current health expenditure (% of GDP),SH.XPD.CHEX.GD.ZS,Latvia,LVA,6.35184479,6.18721867,6.40854263,6.86276913,7.50587368,9.4105072,8.1044302,7.27783823,..,..
Current health expenditure (% of GDP),SH.XPD.CHEX.GD.ZS,Least developed countries: UN classification,LDC,4.13412828303695,3.97379498495484,3.81885218577544,3.64776440465844,3.80682428038671,3.918730244387,3.66943604605613,3.60687940583759,..,..
Current health expenditure (% of GDP),SH.XPD.CHEX.GD.ZS,Lebanon,LBN,7.92344952,7.80357552,8.07031727,8.68533897,7.48221779,4.40006208,4.91255951,5.57497263,..,..
Current health expenditure (% of GDP),SH.XPD.CHEX.GD.ZS,Lesotho,LSO,9.19744301,10.52956581,11.12637329,21.92373085,10.40836906,10.66165733,12.89569187,12.61182117,..,..
Current health expenditure (% of GDP),SH.XPD.CHEX.GD.ZS,Liberia,LBR,9.88514519,9.91087437,10.43527889,8.38325977,12.90504265,13.27175999,13.58819675,13.00574875,..,..
Current health expenditure (% of GDP),SH.XPD.CHEX.GD.ZS,Libya,LBY,6.17178679,4.67685318,4.86648417,5.54773426,7.10674047,6.05457449,4.74433613,7.80515862,..,..
Current health expenditure (% of GDP),SH.XPD.CHEX.GD.ZS,Liechtenstein,LIE,5.85200214,5.67968512,5.54688025,5.78483772,6.05532694,5.38460207,5.64409113,5.71460724,..,..
Current health expenditure (% of GDP),SH.XPD.CHEX.GD.ZS,Lithuania,LTU,6.64928818,6.44472837,6.46896172,6.94472647,7.41619062,7.73210812,7.24367952,7.31801939,7.59519005,..
Current health expenditure (% of GDP),SH.XPD.CHEX.GD.ZS,Low & middle income,LMY,5.19920150939986,5.19729645724057,5.11374729167803,5.17436964172836,5.43696133084637,5.35758904393053,5.53949040865824,5.61091353736938,..,..
Current health expenditure (% of GDP),SH.XPD.CHEX.GD.ZS,Low income,LIC,5.46170399188976,5.30149881664979,4.96998694160487,4.70305605569211,5.13762484263869,5.05110072576691,4.78841593978919,4.57073764189418,..,..
Current health expenditure (% of GDP),SH.XPD.CHEX.GD.ZS,Lower middle income,LMC,3.81467311129946,3.46049234761338,3.30145533860684,3.33951028832508,3.65820409052601,3.77322794793274,3.76829418731674,3.70808739985731,..,..
Current health expenditure (% of GDP),SH.XPD.CHEX.GD.ZS,Luxembourg,LUX,5.07103872,5.13535357,5.27355194,5.46640301,5.7671175,5.60806084,5.60926914,5.78777981,5.89136267,..
Current health expenditure (% of GDP),SH.XPD.CHEX.GD.ZS,"Macao SAR, China",MAC,..,..,..,..,..,..,..,..,..,..
Current health expenditure (% of GDP),SH.XPD.CHEX.GD.ZS,Madagascar,MDG,5.33248854,4.80225945,4.22160387,3.10129309,3.72316122,3.55335546,3.14948058,3.42822957,..,..
Current health expenditure (% of GDP),SH.XPD.CHEX.GD.ZS,Malawi,MWI,7.72703791,7.58438921,6.88249922,6.37021732,7.03859568,7.5164628,6.62527609,6.53459597,..,..
Current health expenditure (% of GDP),SH.XPD.CHEX.GD.ZS,Malaysia,MYS,3.70085335,3.71472311,3.75944281,3.83991051,4.08254337,4.37438345,3.90037823,3.95760036,..,..
Current health expenditure (% of GDP),SH.XPD.CHEX.GD.ZS,Maldives,MDV,10.23337078,9.14948273,7.2940383,7.50238085,11.43943214,8.85169506,7.4997015,9.24973583,..,..
Current health expenditure (% of GDP),SH.XPD.CHEX.GD.ZS,Mali,MLI,3.77377558,3.67425752,3.73251104,3.82943797,3.50623369,3.54318666,3.72170115,3.81316996,..,..
Current health expenditure (% of GDP),SH.XPD.CHEX.GD.ZS,Malta,MLT,8.69928074,8.31366253,8.11269569,8.89282227,9.85403538,9.52782059,9.09105396,8.84301376,..,..
Current health expenditure (% of GDP),SH.XPD.CHEX.GD.ZS,Marshall Islands,MHL,14.62816238,12.02498436,14.46723938,14.98994541,12.12413406,12.49257088,13.60796833,13.40528965,..,..
Current health expenditure (% of GDP),SH.XPD.CHEX.GD.ZS,Mauritania,MRT,3.18699503,3.41947556,2.88362551,3.09176588,3.00147843,3.78022528,4.66962671,4.34333467,..,..
Current health expenditure (% of GDP),SH.XPD.CHEX.GD.ZS,Mauritius,MUS,5.54289532,5.59857273,5.60310221,5.69508171,6.09606028,6.6160841,5.84209728,5.56544495,..,..
Current health expenditure (% of GDP),SH.XPD.CHEX.GD.ZS,Mexico,MEX,5.38499022,5.3117938,5.23821402,5.3013463,6.05248594,5.87678003,5.70919704,5.50398684,..,..
Current health expenditure (% of GDP),SH.XPD.CHEX.GD.ZS,"Micronesia, Fed. Sts.",FSM,13.33481121,12.40742493,11.93961334,11.87363148,11.98479271,11.37430477,12.62718964,12.88087559,..,..
Current health expenditure (% of GDP),SH.XPD.CHEX.GD.ZS,"Middle East, North Africa, Afghanistan & Pakistan",MEA,5.5934973747322,5.53176778499619,5.15567727107654,5.1896210992533,5.76977826855952,5.43385814903023,4.95650258720541,5.34256816818965,..,..
Current health expenditure (% of GDP),SH.XPD.CHEX.GD.ZS,"Middle East, North Africa, Afghanistan & Pakistan (excluding high income)",MNA,5.71464601732638,5.67607752617409,5.20807949308352,5.05854932819531,5.02169820555161,4.86962324861495,4.76580090349135,5.20467148839159,..,..
Current health expenditure (% of GDP),SH.XPD.CHEX.GD.ZS,"Middle East, North Africa, Afghanistan & Pakistan (IDA & IBRD)",TMN,5.6870687834071,5.6462920247448,5.169272983874,5.01925236702193,4.97184172980146,4.81678089647386,4.72120136862775,5.15422758089718,..,..
Current health expenditure (% of GDP),SH.XPD.CHEX.GD.ZS,Middle income,MIC,5.19550853698392,5.19589368365867,5.11566026556121,5.18037759398542,5.44087330206304,5.36138502651077,5.54976826752353,5.62456274387014,..,..
Current health expenditure (% of GDP),SH.XPD.CHEX.GD.ZS,Moldova,MDA,7.62106228,7.1278038,6.70760345,6.49662447,7.00484037,7.7490406,6.96505404,6.7359705,..,..
Current health expenditure (% of GDP),SH.XPD.CHEX.GD.ZS,Monaco,MCO,4.1231184,4.16119528,4.04786777,3.87993813,4.28652716,3.67494631,3.39488029,3.11959291,..,..
Current health expenditure (% of GDP),SH.XPD.CHEX.GD.ZS,Mongolia,MNG,4.58008575,4.33954191,4.53449297,4.49497986,4.6662488,7.21042728,8.85170174,6.07207489,..,..
Current health expenditure (% of GDP),SH.XPD.CHEX.GD.ZS,Montenegro,MNE,8.63302994,7.98255396,8.34355545,8.32983208,11.42177582,10.55253506,10.19081783,9.6549921,..,..
Current health expenditure (% of GDP),SH.XPD.CHEX.GD.ZS,Morocco,MAR,5.09203386,4.98920393,4.94516659,5.020401,5.78939486,5.45314503,5.75281,6.06396198,..,..
Current health expenditure (% of GDP),SH.XPD.CHEX.GD.ZS,Mozambique,MOZ,7.21501875,7.80532169,7.97903347,7.90207434,7.55190039,8.64841366,8.24868107,8.50126553,..,..
Current health expenditure (% of GDP),SH.XPD.CHEX.GD.ZS,Myanmar,MMR,4.76220942,4.6921258,4.53514671,3.814466,4.27808714,5.53530645,4.49158478,4.45748425,..,..
Current health expenditure (% of GDP),SH.XPD.CHEX.GD.ZS,Namibia,NAM,9.32231045,8.71348476,8.62148285,8.85805798,9.56060219,10.19644737,9.6219883,9.48251629,..,..
Current health expenditure (% of GDP),SH.XPD.CHEX.GD.ZS,Nauru,NRU,10.95251656,11.4886446,11.09015656,11.56155682,11.55650234,10.85399055,18.34229279,18.21076012,..,..
Current health expenditure (% of GDP),SH.XPD.CHEX.GD.ZS,Nepal,NPL,5.42378998,4.72174025,4.52845383,4.44524717,5.2080965,5.53498316,6.52950287,6.15843678,..,..
Current health expenditure (% of GDP),SH.XPD.CHEX.GD.ZS,Netherlands,NLD,9.89148426,9.93712521,9.85083961,9.93616295,10.94954681,11.13498974,10.03109169,9.83150005,10.00551128,..
Current health expenditure (% of GDP),SH.XPD.CHEX.GD.ZS,New Caledonia,NCL,..,..,..,..,..,..,..,..,..,..
Current health expenditure (% of GDP),SH.XPD.CHEX.GD.ZS,New Zealand,NZL,8.76869011,8.61795807,8.56966972,8.61898708,9.25240231,9.55072403,10.56814575,10.12947655,10.06186676,..
Current health expenditure (% of GDP),SH.XPD.CHEX.GD.ZS,Nicaragua,NIC,8.04877567,8.32754421,8.4993515,8.50037098,8.55739307,9.54984856,8.97882748,8.29879284,..,..
Current health expenditure (% of GDP),SH.XPD.CHEX.GD.ZS,Niger,NER,4.53239059,5.57609606,5.30310822,5.66642094,6.17012262,5.81452751,4.34980488,4.04895782,..,..
Current health expenditure (% of GDP),SH.XPD.CHEX.GD.ZS,Nigeria,NGA,3.64773679,3.74762511,3.09069347,2.98547053,3.38063431,4.07625723,4.21020174,4.19086456,..,..
Current health expenditure (% of GDP),SH.XPD.CHEX.GD.ZS,North America,NAC,16.2685174509822,16.1950285381512,16.0821757314554,16.1332157315076,18.1206786891021,16.9616295072443,16.1044862524444,16.2910204736392,..,..
Current health expenditure (% of GDP),SH.XPD.CHEX.GD.ZS,North Macedonia,MKD,6.37943363,6.43909454,6.45699358,7.06654119,7.73212385,8.41851234,7.42164755,7.42730284,..,..
Current health expenditure (% of GDP),SH.XPD.CHEX.GD.ZS,Northern Mariana Islands,MNP,..,..,..,..,..,..,..,..,..,..
Current health expenditure (% of GDP),SH.XPD.CHEX.GD.ZS,Norway,NOR,10.53049755,10.22983646,9.96037865,10.43807507,11.42416382,9.8142643,7.90873051,9.42925453,..,..
Current health expenditure (% of GDP),SH.XPD.CHEX.GD.ZS,Not classified,INX,..,..,..,..,..,..,..,..,..,..
Current health expenditure (% of GDP),SH.XPD.CHEX.GD.ZS,OECD members,OED,12.3269160204289,12.2777873812159,12.2402496018343,12.4211734066587,13.8142592838247,13.3476797525699,12.879026629589,12.7481642567741,..,..
Current health expenditure (% of GDP),SH.XPD.CHEX.GD.ZS,Oman,OMN,4.17580843,3.95418668,3.21469474,3.80648994,5.11922932,4.34468651,3.06614041,3.49047446,..,..
Current health expenditure (% of GDP),SH.XPD.CHEX.GD.ZS,Other small states,OSS,6.60775642831068,6.54415954640416,6.55750420178123,6.714716174368,7.77577740218031,7.728701417386,7.17582559303325,7.34753280434449,..,..
Current health expenditure (% of GDP),SH.XPD.CHEX.GD.ZS,Pacific island small states,PSS,4.77603394314526,4.60690853766715,5.1227530946055,5.4244530417878,6.19632444635874,7.22979551754449,5.93952169193012,5.68493260774445,..,..
Current health expenditure (% of GDP),SH.XPD.CHEX.GD.ZS,Pakistan,PAK,2.57026362,2.7863009,2.82844949,2.84736943,2.95273018,2.99015832,2.90354776,2.51988316,..,..
Current health expenditure (% of GDP),SH.XPD.CHEX.GD.ZS,Palau,PLW,10.01226997,10.90419006,11.19109821,12.17405796,13.31541061,14.55276012,14.87842083,10.85468197,..,..
Current health expenditure (% of GDP),SH.XPD.CHEX.GD.ZS,Panama,PAN,7.09378099,7.16492653,7.60132933,8.13541794,10.21630001,9.13571072,9.04578876,8.33022976,..,..
Current health expenditure (% of GDP),SH.XPD.CHEX.GD.ZS,Papua New Guinea,PNG,2.33063054,2.22970986,2.30051899,2.3253386,2.30193973,2.33994722,2.61463141,2.87081432,..,..
Current health expenditure (% of GDP),SH.XPD.CHEX.GD.ZS,Paraguay,PRY,6.67556572,6.60902548,6.74497652,7.16081905,7.67533064,8.03277016,7.73537827,8.35731316,..,..
Current health expenditure (% of GDP),SH.XPD.CHEX.GD.ZS,Peru,PER,4.89353323,4.80915499,5.0835557,5.12525272,6.34739399,6.67309427,6.0974617,5.63786411,..,..
Current health expenditure (% of GDP),SH.XPD.CHEX.GD.ZS,Philippines,PHL,3.95484328,3.96042776,3.9538188,4.16646004,5.16214037,5.97500563,5.15588379,5.10122538,..,..
Current health expenditure (% of GDP),SH.XPD.CHEX.GD.ZS,Poland,POL,6.5470438,6.53713226,6.25094128,6.38906956,6.42739105,6.3654809,6.46619797,7.13848782,8.06380177,..
Current health expenditure (% of GDP),SH.XPD.CHEX.GD.ZS,Portugal,PRT,9.39989281,9.32668972,9.42121029,9.50868607,10.52074051,11.22031498,10.5492239,10.02761173,10.24061108,..
Current health expenditure (% of GDP),SH.XPD.CHEX.GD.ZS,Post-demographic dividend,PST,12.7673383078772,12.7218325700641,12.6670155832595,12.8535591912068,14.2949863720896,13.8191271530333,13.3792653984044,13.2802047482968,..,..
Current health expenditure (% of GDP),SH.XPD.CHEX.GD.ZS,Pre-demographic dividend,PRE,4.2617800637483,4.12276237631874,3.81082544391844,3.73939509311386,4.26285451464358,4.48162396880743,4.30013886782727,4.47173885631823,..,..
Current health expenditure (% of GDP),SH.XPD.CHEX.GD.ZS,Puerto Rico (US),PRI,..,..,..,..,..,..,..,..,..,..
Current health expenditure (% of GDP),SH.XPD.CHEX.GD.ZS,Qatar,QAT,3.54971433,3.21237087,2.96176219,3.18468714,3.81872201,2.8927927,2.18613315,2.52358818,..,..
Current health expenditure (% of GDP),SH.XPD.CHEX.GD.ZS,Romania,ROU,5.08012772,5.18878555,5.51454878,5.69924641,6.20959711,6.45246983,5.79823256,5.70901489,..,..
Current health expenditure (% of GDP),SH.XPD.CHEX.GD.ZS,Russian Federation,RUS,5.28970337,5.35890055,5.35520792,5.64849091,8.04076004,7.0299139,6.8788662,7.04438496,..,..
Current health expenditure (% of GDP),SH.XPD.CHEX.GD.ZS,Rwanda,RWA,5.968925,5.37623835,5.45722818,4.91471481,5.79862261,6.23147202,5.92842579,5.12708998,..,..
Current health expenditure (% of GDP),SH.XPD.CHEX.GD.ZS,Samoa,WSM,5.63959885,5.16343021,4.77525806,5.64761591,6.09105825,7.19651461,6.93412352,6.78103304,..,..
Current health expenditure (% of GDP),SH.XPD.CHEX.GD.ZS,San Marino,SMR,8.4219532,8.25972271,8.2778492,8.14801598,8.48147392,7.51272249,7.22336292,6.60829115,..,..
Current health expenditure (% of GDP),SH.XPD.CHEX.GD.ZS,Sao Tome and Principe,STP,7.60211611,7.46631384,5.91960287,5.48078823,7.32044411,7.85889721,5.7744813,5.77292156,..,..
Current health expenditure (% of GDP),SH.XPD.CHEX.GD.ZS,Saudi Arabia,SAU,6.24142838,6.03126049,5.34063101,5.46743011,6.64630127,5.93033648,5.31400585,5.68722248,..,..
Current health expenditure (% of GDP),SH.XPD.CHEX.GD.ZS,Senegal,SEN,4.25606871,4.16359377,4.43182087,4.49531031,5.15119171,4.44256258,4.0444808,4.32314825,..,..
Current health expenditure (% of GDP),SH.XPD.CHEX.GD.ZS,Serbia,SRB,8.15184307,7.89965153,8.18469906,8.28762531,8.30643559,9.23441029,8.58397198,8.03133774,..,..
Current health expenditure (% of GDP),SH.XPD.CHEX.GD.ZS,Seychelles,SYC,4.71349716,4.47661018,4.41706038,4.25269794,5.83709192,5.2088151,4.39909697,4.48238087,..,..
Current health expenditure (% of GDP),SH.XPD.CHEX.GD.ZS,Sierra Leone,SLE,10.05438519,6.00532055,5.29927444,5.7052846,5.66489744,5.07244635,4.80377436,4.71883011,..,..
Current health expenditure (% of GDP),SH.XPD.CHEX.GD.ZS,Singapore,SGP,4.37989521,4.35978413,4.07275724,4.40746737,5.70015287,5.14599705,4.33121586,4.49163246,..,..
Current health expenditure (% of GDP),SH.XPD.CHEX.GD.ZS,Sint Maarten (Dutch part),SXM,..,..,..,..,..,..,..,..,..,..
Current health expenditure (% of GDP),SH.XPD.CHEX.GD.ZS,Slovak Republic,SVK,7.06081343,6.73388767,6.63677502,6.91102982,7.06027794,7.62857914,7.70245218,7.35262203,..,..
Current health expenditure (% of GDP),SH.XPD.CHEX.GD.ZS,Slovenia,SVN,8.5691185,8.2588892,8.35228634,8.56564522,9.48984432,9.52724361,9.62683296,9.30008888,9.87630939,..
Current health expenditure (% of GDP),SH.XPD.CHEX.GD.ZS,Small states,SST,6.27540441138643,6.28904777705997,6.32719789229539,6.48694693990655,7.46045022720136,7.38179632222149,6.66367603551673,6.76764056350088,..,..
Current health expenditure (% of GDP),SH.XPD.CHEX.GD.ZS,Solomon Islands,SLB,4.52952909,4.16556406,3.86440825,4.43728065,4.89478445,4.94795895,4.82418394,5.36366177,..,..
Current health expenditure (% of GDP),SH.XPD.CHEX.GD.ZS,"Somalia, Fed. Rep.",SOM,2.2842648,2.44348097,2.50873256,2.40617251,2.47010517,2.73509169,2.8469162,3.74413586,..,..
Current health expenditure (% of GDP),SH.XPD.CHEX.GD.ZS,South Africa,ZAF,8.07959366,7.97711372,8.0819664,8.24652863,9.02174091,8.6645031,8.74512291,8.90966797,..,..
Current health expenditure (% of GDP),SH.XPD.CHEX.GD.ZS,South Asia,SAS,3.42611411149628,2.92047698854916,2.85201740632584,2.9092236338682,3.25937586469263,3.30046062385627,3.30654430355157,3.25977663546509,..,..
Current health expenditure (% of GDP),SH.XPD.CHEX.GD.ZS,South Asia (IDA & IBRD),TSA,3.42611411149628,2.92047698854916,2.85201740632584,2.9092236338682,3.25937586469263,3.30046062385627,3.30654430355157,3.25977663546509,..,..
Current health expenditure (% of GDP),SH.XPD.CHEX.GD.ZS,South Sudan,SSD,..,22.11322403,11.69539356,9.06570053,9.35116673,6.30117083,6.57254314,11.61002254,..,..
Current health expenditure (% of GDP),SH.XPD.CHEX.GD.ZS,Spain,ESP,8.88084984,9.0217495,9.07122517,9.21539497,10.79479218,10.34419918,9.6799593,9.2206583,..,..
Current health expenditure (% of GDP),SH.XPD.CHEX.GD.ZS,Sri Lanka,LKA,3.61788416,3.33093429,3.6418879,3.70119572,4.27431631,5.19427729,3.98300457,3.68313766,..,..
Current health expenditure (% of GDP),SH.XPD.CHEX.GD.ZS,St. Kitts and Nevis,KNA,5.42923307,5.2735939,4.89670897,5.19201469,5.66130447,6.16912127,5.52634287,5.73595428,..,..
Current health expenditure (% of GDP),SH.XPD.CHEX.GD.ZS,St. Lucia,LCA,4.51095486,4.45561934,4.27262402,4.290905,7.01033401,6.26193285,4.74750614,4.7298274,..,..
Current health expenditure (% of GDP),SH.XPD.CHEX.GD.ZS,St. Martin (French part),MAF,..,..,..,..,..,..,..,..,..,..
Current health expenditure (% of GDP),SH.XPD.CHEX.GD.ZS,St. Vincent and the Grenadines,VCT,4.09760141,4.23171329,4.25346231,4.26063251,4.87071276,5.26607132,4.6054697,4.43696308,..,..
Current health expenditure (% of GDP),SH.XPD.CHEX.GD.ZS,Sub-Saharan Africa,SSF,4.9977588086862,4.97525397500782,4.66981464111871,4.49310767821026,4.86793728071123,5.07436814274861,4.91756933551018,4.91966846383616,..,..
Current health expenditure (% of GDP),SH.XPD.CHEX.GD.ZS,Sub-Saharan Africa (excluding high income),SSA,4.99805123628959,4.97575557255574,4.67006630730865,4.49332825164535,4.86722959990997,5.07427429169396,4.91802413678379,4.92011962789577,..,..
Current health expenditure (% of GDP),SH.XPD.CHEX.GD.ZS,Sub-Saharan Africa (IDA & IBRD countries),TSS,4.9977588086862,4.97525397500782,4.66981464111871,4.49310767821026,4.86793728071123,5.07436814274861,4.91756933551018,4.91966846383615,..,..
Current health expenditure (% of GDP),SH.XPD.CHEX.GD.ZS,Sudan,SDN,5.68438482,5.91767406,4.46172857,4.59967566,3.04323435,2.9669323,3.79416442,2.85165739,..,..
Current health expenditure (% of GDP),SH.XPD.CHEX.GD.ZS,Suriname,SUR,5.99283743,5.32285929,6.60567093,8.38353634,6.03425598,5.01704168,5.93297768,5.40666008,..,..
Current health expenditure (% of GDP),SH.XPD.CHEX.GD.ZS,Sweden,SWE,10.95692444,10.94730949,11.09132671,10.93444347,11.42458725,11.23013592,10.85505676,11.152915,11.21510124,..
Current health expenditure (% of GDP),SH.XPD.CHEX.GD.ZS,Switzerland,CHE,11.20248795,11.37471581,11.19891071,11.42588997,11.98960876,11.95855618,11.59911823,11.69096088,..,..
Current health expenditure (% of GDP),SH.XPD.CHEX.GD.ZS,Syrian Arab Republic,SYR,3.89073515,3.91299295,3.93852568,3.96978569,3.67009115,3.50403309,3.3840971,2.70998812,..,..
Current health expenditure (% of GDP),SH.XPD.CHEX.GD.ZS,Tajikistan,TJK,6.96349716,6.85399008,7.01381588,6.9476676,8.8903532,8.37504482,7.62917423,7.43789911,..,..
Current health expenditure (% of GDP),SH.XPD.CHEX.GD.ZS,Tanzania,TZA,3.96350336,4.02325726,4.32775831,4.02347755,3.05028677,3.46963334,3.13497496,3.05201221,..,..
Current health expenditure (% of GDP),SH.XPD.CHEX.GD.ZS,Thailand,THA,3.93900609,3.85276842,3.87040329,3.78911877,4.35724688,5.15399981,5.35471153,4.53787661,..,..
Current health expenditure (% of GDP),SH.XPD.CHEX.GD.ZS,Timor-Leste,TLS,6.94250727,6.80442286,6.40227413,4.99218798,7.26445007,4.9192977,7.46371841,9.59779453,..,..
Current health expenditure (% of GDP),SH.XPD.CHEX.GD.ZS,Togo,TGO,6.58550072,6.50210476,6.16073656,5.91268635,6.18928432,5.6165967,6.24094057,6.10829544,..,..
Current health expenditure (% of GDP),SH.XPD.CHEX.GD.ZS,Tonga,TON,5.22591066,5.62952805,6.12240648,5.74527884,5.55919838,7.06254101,7.95276737,7.36037779,..,..
Current health expenditure (% of GDP),SH.XPD.CHEX.GD.ZS,Trinidad and Tobago,TTO,6.47465849,6.56562996,6.65089417,6.90704823,7.47677326,7.20521307,6.64416027,7.52568626,..,..
Current health expenditure (% of GDP),SH.XPD.CHEX.GD.ZS,Tunisia,TUN,6.24778175,6.18557453,5.9375186,6.02461243,7.05612612,7.34183979,7.51270723,7.98537874,..,..
Current health expenditure (% of GDP),SH.XPD.CHEX.GD.ZS,Turkiye,TUR,4.28469229,4.17974997,4.12101603,4.35954332,4.61640215,4.56065559,3.70338893,4.27524424,..,..
Current health expenditure (% of GDP),SH.XPD.CHEX.GD.ZS,Turkmenistan,TKM,5.58718491,5.82361221,5.55298042,5.5522337,5.57226086,5.49196625,5.37103748,5.49789095,..,..
Current health expenditure (% of GDP),SH.XPD.CHEX.GD.ZS,Turks and Caicos Islands,TCA,..,..,..,..,..,..,..,..,..,..
Current health expenditure (% of GDP),SH.XPD.CHEX.GD.ZS,Tuvalu,TUV,18.32539177,24.45763206,18.42199898,22.22294044,17.88715363,18.57411194,21.28792,27.08968544,..,..
Current health expenditure (% of GDP),SH.XPD.CHEX.GD.ZS,Uganda,UGA,5.01553297,3.99852037,4.02153397,3.79341364,5.23865509,5.47374916,4.45071125,4.23600149,..,..
Current health expenditure (% of GDP),SH.XPD.CHEX.GD.ZS,Ukraine,UKR,7.55205393,7.44610357,7.52051353,7.09389353,7.56217051,8.2027483,..,..,..,..
Current health expenditure (% of GDP),SH.XPD.CHEX.GD.ZS,United Arab Emirates,ARE,3.89580107,4.00854969,4.09854221,4.40291262,5.82477045,5.30494308,4.56536388,4.97095108,..,..
Current health expenditure (% of GDP),SH.XPD.CHEX.GD.ZS,United Kingdom,GBR,9.87085724,9.70468903,9.79496574,9.97954082,12.10388088,12.08347321,11.09679794,10.99128914,11.133358,..
Current health expenditure (% of GDP),SH.XPD.CHEX.GD.ZS,United States,USA,16.69203949,16.63827515,16.51312637,16.54486084,18.51597404,17.35207748,16.52875137,16.69414902,..,..
Current health expenditure (% of GDP),SH.XPD.CHEX.GD.ZS,Upper middle income,UMC,5.50339154935239,5.57972221290078,5.51345732006829,5.60816326786073,5.84944502929231,5.71249229723391,5.95034390485114,6.0413574000122,..,..
Current health expenditure (% of GDP),SH.XPD.CHEX.GD.ZS,Uruguay,URY,8.63852501,8.71702194,8.9001112,9.240695,9.08774948,8.91955471,8.89015961,9.01887608,..,..
Current health expenditure (% of GDP),SH.XPD.CHEX.GD.ZS,Uzbekistan,UZB,4.71504498,4.30888557,4.55261564,4.83520985,6.08597755,6.92742586,6.61703825,6.74312878,..,..
Current health expenditure (% of GDP),SH.XPD.CHEX.GD.ZS,Vanuatu,VUT,2.98904061,2.88118052,3.44049001,3.49615431,4.12128973,4.58828115,4.05895281,4.1186676,..,..
Current health expenditure (% of GDP),SH.XPD.CHEX.GD.ZS,"Venezuela, RB",VEN,..,..,2.41691327,2.18563724,4.11615133,4.1022191,4.55045986,3.77611423,..,..
Current health expenditure (% of GDP),SH.XPD.CHEX.GD.ZS,Viet Nam,VNM,4.86994743,4.99014759,5.02678823,4.97407484,4.33219814,4.53792429,4.53809595,4.56109476,..,..
Current health expenditure (% of GDP),SH.XPD.CHEX.GD.ZS,Virgin Islands (U.S.),VIR,..,..,..,..,..,..,..,..,..,..
Current health expenditure (% of GDP),SH.XPD.CHEX.GD.ZS,West Bank and Gaza,PSE,9.0039854,9.1223526,9.65617657,9.18576908,10.27610207,10.4347353,9.70613861,10.73343945,..,..
Current health expenditure (% of GDP),SH.XPD.CHEX.GD.ZS,World,WLD,9.7859601758335,9.66567188060251,9.57530680473952,9.69075775248274,10.7456484771186,10.2930273748612,10.0057568290408,10.0604485010516,..,..
Current health expenditure (% of GDP),SH.XPD.CHEX.GD.ZS,"Yemen, Rep.",YEM,7.71249437,8.14723873,9.08948231,10.97374439,11.6478138,9.44125366,8.81763458,9.69559193,..,..
Current health expenditure (% of GDP),SH.XPD.CHEX.GD.ZS,Zambia,ZMB,4.46923161,4.78156233,4.76996708,6.75330257,6.3067441,6.63951397,5.21042967,5.97841072,..,..
Current health expenditure (% of GDP),SH.XPD.CHEX.GD.ZS,Zimbabwe,ZWE,7.25845575,6.17448902,4.67327976,3.23268151,2.95440102,2.67111874,3.39519501,2.92601609,..,..
"GNI per capita, Atlas method (current US$)",NY.GNP.PCAP.CD,Afghanistan,AFG,560,530,520,520,490,380,370,370,390,..
"GNI per capita, Atlas method (current US$)",NY.GNP.PCAP.CD,Africa Eastern and Southern,AFE,1407.87711885134,1372.43240631444,1437.31833003428,1501.24403062934,1392.56741207696,1471.50214900469,1565.19408203048,1599.69559712408,1581.37189489882,1642.69660513103
"GNI per capita, Atlas method (current US$)",NY.GNP.PCAP.CD,Africa Western and Central,AFW,1771.50659466736,1591.89911588772,1620.69960379262,1789.73468448204,1869.91775117506,2089.68651380369,2156.91443987969,2020.59282821637,1628.61708990782,1562.78533111396
"GNI per capita, Atlas method (current US$)",NY.GNP.PCAP.CD,Albania,ALB,4670,4700,5400,5900,5970,6940,7720,8740,9910,12060
"GNI per capita, Atlas method (current US$)",NY.GNP.PCAP.CD,Algeria,DZA,4920,4440,4450,4480,4020,4120,4430,4950,5370,5850
"GNI per capita, Atlas method (current US$)",NY.GNP.PCAP.CD,American Samoa,ASM,..,..,..,..,..,..,..,..,..,..
"GNI per capita, Atlas method (current US$)",NY.GNP.PCAP.CD,Andorra,AND,..,..,..,46450,42450,44720,47600,47920,47740,53230
"GNI per capita, Atlas method (current US$)",NY.GNP.PCAP.CD,Angola,AGO,2960,2440,2300,2460,2000,1960,2290,2650,2850,2860
"GNI per capita, Atlas method (current US$)",NY.GNP.PCAP.CD,Antigua and Barbuda,ATG,15080,15860,17460,18250,15460,16690,18730,20250,21200,23790
"GNI per capita, Atlas method (current US$)",NY.GNP.PCAP.CD,Arab World,ARB,6488.37118726425,6057.59281182383,6338.26206365087,6600.07638798531,6072.62752720818,6483.66653503412,7290.50418722345,7653.44586249344,7674.21123594688,7800.34683109293
"GNI per capita, Atlas method (current US$)",NY.GNP.PCAP.CD,Argentina,ARG,12130,13070,12390,11210,9040,10070,11890,12920,13530,14650
"GNI per capita, Atlas method (current US$)",NY.GNP.PCAP.CD,Armenia,ARM,3690,3900,4220,4650,4230,4580,5690,6850,7810,9020
"GNI per capita, Atlas method (current US$)",NY.GNP.PCAP.CD,Aruba,ABW,25560,26460,27970,29320,22750,26550,30160,31690,35200,..
"GNI per capita, Atlas method (current US$)",NY.GNP.PCAP.CD,Australia,AUS,54330,51700,53280,55090,53770,57220,60790,63320,62680,64120
"GNI per capita, Atlas method (current US$)",NY.GNP.PCAP.CD,Austria,AUT,45980,44800,48710,50900,49000,53440,56310,55890,54760,60360
"GNI per capita, Atlas method (current US$)",NY.GNP.PCAP.CD,Azerbaijan,AZE,4790,4110,4080,4510,4480,4910,5670,6680,7340,7360
"GNI per capita, Atlas method (current US$)",NY.GNP.PCAP.CD,"Bahamas, The",BHS,27820,29570,30650,31630,25180,29910,33790,35180,37020,..
"GNI per capita, Atlas method (current US$)",NY.GNP.PCAP.CD,Bahrain,BHR,22720,22360,24200,25800,23870,25240,28300,28460,28170,28790
"GNI per capita, Atlas method (current US$)",NY.GNP.PCAP.CD,Bangladesh,BGD,1400,1640,2020,2220,2320,2600,2850,2880,2820,2840
"GNI per capita, Atlas method (current US$)",NY.GNP.PCAP.CD,Barbados,BRB,19300,19570,20240,20800,18290,20700,24760,24710,25360,27080
"GNI per capita, Atlas method (current US$)",NY.GNP.PCAP.CD,Belarus,BLR,5640,5320,5730,6370,6410,7040,7210,7850,8380,9160
"GNI per capita, Atlas method (current US$)",NY.GNP.PCAP.CD,Belgium,BEL,43240,42310,45980,48070,46330,51140,54330,55520,55290,59500
"GNI per capita, Atlas method (current US$)",NY.GNP.PCAP.CD,Belize,BLZ,5640,5490,5610,5850,5170,6120,6710,6850,7150,7530
"GNI per capita, Atlas method (current US$)",NY.GNP.PCAP.CD,Benin,BEN,1040,1020,1120,1170,1190,1280,1360,1390,1430,1600
"GNI per capita, Atlas method (current US$)",NY.GNP.PCAP.CD,Bermuda,BMU,105430,113460,117160,116920,110850,120460,131560,133460,139370,..
"GNI per capita, Atlas method (current US$)",NY.GNP.PCAP.CD,Bhutan,BTN,2880,2960,3150,3370,3040,3300,3600,3730,3910,4310
"GNI per capita, Atlas method (current US$)",NY.GNP.PCAP.CD,Bolivia,BOL,3000,3250,3730,4170,3620,3990,4190,4230,4160,4420
"GNI per capita, Atlas method (current US$)",NY.GNP.PCAP.CD,Bosnia and Herzegovina,BIH,5070,5070,5720,6180,6160,6970,7710,8280,8810,9940
"GNI per capita, Atlas method (current US$)",NY.GNP.PCAP.CD,Botswana,BWA,6060,6210,6680,7100,6600,7440,7690,8150,7610,7390
"GNI per capita, Atlas method (current US$)",NY.GNP.PCAP.CD,Brazil,BRA,9050,8830,9320,9410,8080,8060,8440,9310,9930,10550
"GNI per capita, Atlas method (current US$)",NY.GNP.PCAP.CD,British Virgin Islands,VGB,..,..,..,..,..,..,..,..,..,..
"GNI per capita, Atlas method (current US$)",NY.GNP.PCAP.CD,Brunei Darussalam,BRN,32570,29230,28790,31550,30810,29890,30970,34390,36020,34790
"GNI per capita, Atlas method (current US$)",NY.GNP.PCAP.CD,Bulgaria,BGR,7490,7730,8860,9920,10090,11720,13100,14240,15370,17780
"GNI per capita, Atlas method (current US$)",NY.GNP.PCAP.CD,Burkina Faso,BFA,650,650,730,750,780,820,840,840,850,980
"GNI per capita, Atlas method (current US$)",NY.GNP.PCAP.CD,Burundi,BDI,240,240,250,250,240,250,280,280,250,240
"GNI per capita, Atlas method (current US$)",NY.GNP.PCAP.CD,Cabo Verde,CPV,3580,3620,4040,4420,3510,3870,4550,4740,4940,5590
"GNI per capita, Atlas method (current US$)",NY.GNP.PCAP.CD,Cambodia,KHM,1550,1690,1920,2100,2050,2120,2270,2390,2550,2750
"GNI per capita, Atlas method (current US$)",NY.GNP.PCAP.CD,Cameroon,CMR,1470,1410,1520,1560,1540,1610,1660,1680,1690,1860
"GNI per capita, Atlas method (current US$)",NY.GNP.PCAP.CD,Canada,CAN,43900,42900,45060,46580,43900,49080,54070,55340,54110,56420
"GNI per capita, Atlas method (current US$)",NY.GNP.PCAP.CD,Caribbean small states,CSS,13107.6366614565,12935.7424853162,13175.9382777244,13563.7412951883,11972.8483721608,13016.8108453959,15105.0640972486,17037.259347586,18797.1869453859,19402.625422482
"GNI per capita, Atlas method (current US$)",NY.GNP.PCAP.CD,Cayman Islands,CYM,47830,51890,57880,64520,62420,76260,73960,73970,81920,..
"GNI per capita, Atlas method (current US$)",NY.GNP.PCAP.CD,Central African Republic,CAF,400,420,470,500,490,510,520,530,510,560
"GNI per capita, Atlas method (current US$)",NY.GNP.PCAP.CD,Central Europe and the Baltics,CEB,12890.0662888622,13143.1794940634,14821.2462297754,16114.696995163,16119.1572890279,18067.8302308689,19544.2908215034,20535.501908314,21831.8436398306,25138.8171191048
"GNI per capita, Atlas method (current US$)",NY.GNP.PCAP.CD,Chad,TCD,940,830,890,930,890,890,920,910,930,970
"GNI per capita, Atlas method (current US$)",NY.GNP.PCAP.CD,Channel Islands,CHI,..,..,..,..,..,..,..,..,..,..
"GNI per capita, Atlas method (current US$)",NY.GNP.PCAP.CD,Chile,CHL,13310,13200,14460,14700,12960,14790,15430,15970,15840,16960
"GNI per capita, Atlas method (current US$)",NY.GNP.PCAP.CD,China,CHN,8360,8830,9720,10510,10740,12220,13170,13750,13660,14230
"GNI per capita, Atlas method (current US$)",NY.GNP.PCAP.CD,Colombia,COL,6560,6030,6350,6630,5850,6310,6560,6760,7090,7900
"GNI per capita, Atlas method (current US$)",NY.GNP.PCAP.CD,Comoros,COM,1410,1380,1490,1530,1530,1590,1630,1670,1730,1950
"GNI per capita, Atlas method (current US$)",NY.GNP.PCAP.CD,"Congo, Dem. Rep.",COD,460,440,460,460,480,530,610,680,680,720
"GNI per capita, Atlas method (current US$)",NY.GNP.PCAP.CD,"Congo, Rep.",COG,2260,1740,2070,2180,2230,2040,2170,2310,2270,2280
"GNI per capita, Atlas method (current US$)",NY.GNP.PCAP.CD,Costa Rica,CRI,11170,11580,12100,12310,11780,12750,13490,14330,15710,17930
"GNI per capita, Atlas method (current US$)",NY.GNP.PCAP.CD,Cote d'Ivoire,CIV,1880,1870,2010,2120,2120,2300,2440,2510,2520,2780
"GNI per capita, Atlas method (current US$)",NY.GNP.PCAP.CD,Croatia,HRV,13090,13350,14670,15770,15060,17390,19370,20800,22230,25360
"GNI per capita, Atlas method (current US$)",NY.GNP.PCAP.CD,Cuba,CUB,7530,8010,8710,9010,..,..,..,..,..,..
"GNI per capita, Atlas method (current US$)",NY.GNP.PCAP.CD,Curacao,CUW,18260,18230,18820,19140,16190,17950,20480,21400,22570,..
"GNI per capita, Atlas method (current US$)",NY.GNP.PCAP.CD,Cyprus,CYP,24400,24600,27120,28380,26780,29560,31900,32380,32870,36110
"GNI per capita, Atlas method (current US$)",NY.GNP.PCAP.CD,Czechia,CZE,17660,18350,20700,22440,22190,25500,27210,28540,29570,32960
"GNI per capita, Atlas method (current US$)",NY.GNP.PCAP.CD,Denmark,DNK,57830,56600,61090,63020,62710,69810,72040,72080,72540,77190
"GNI per capita, Atlas method (current US$)",NY.GNP.PCAP.CD,Djibouti,DJI,2370,2450,2600,2780,2780,2990,3310,3500,3640,3960
"GNI per capita, Atlas method (current US$)",NY.GNP.PCAP.CD,Dominica,DMA,8000,8070,8880,9350,8230,8660,9740,9990,9930,10690
"GNI per capita, Atlas method (current US$)",NY.GNP.PCAP.CD,Dominican Republic,DOM,6750,6920,7600,7940,7080,8160,9150,9700,10310,10620
"GNI per capita, Atlas method (current US$)",NY.GNP.PCAP.CD,Early-demographic dividend,EAR,3231.55392732994,3284.14080058908,3457.9203473566,3524.31159708629,3250.05005107019,3578.17346976896,3928.12547327723,4150.24837358382,4265.09572170488,4547.43092706209
"GNI per capita, Atlas method (current US$)",NY.GNP.PCAP.CD,East Asia & Pacific,EAS,10041.6068168659,10385.113240529,11273.1097475695,11885.2517687528,11851.6849287025,13106.1462010693,13820.1330801318,14054.9283145346,13830.1154526144,14419.8860754843
"GNI per capita, Atlas method (current US$)",NY.GNP.PCAP.CD,East Asia & Pacific (excluding high income),EAP,6739.87412317491,7083.05024509407,7773.49504265481,8375.65998626015,8460.9458551104,9497.27535263645,10236.6020268989,10664.8859168148,10627.3510393183,11093.2319621161
"GNI per capita, Atlas method (current US$)",NY.GNP.PCAP.CD,East Asia & Pacific (IDA & IBRD countries),TEA,6816.07018382224,7162.85436622842,7860.87026446773,8469.65795556697,8555.8195611945,9603.80626636141,10351.5865422651,10784.8916488508,10747.1351674941,11218.4732221589
"GNI per capita, Atlas method (current US$)",NY.GNP.PCAP.CD,Ecuador,ECU,5750,5930,6120,6100,5410,6100,6550,6570,6400,6890
"GNI per capita, Atlas method (current US$)",NY.GNP.PCAP.CD,"Egypt, Arab Rep.",EGY,3200,2880,2710,2640,2960,3470,4040,3840,3510,3260
"GNI per capita, Atlas method (current US$)",NY.GNP.PCAP.CD,El Salvador,SLV,3600,3700,3940,4130,3800,4380,4710,4930,5070,5410
"GNI per capita, Atlas method (current US$)",NY.GNP.PCAP.CD,Equatorial Guinea,GNQ,6970,6630,6270,5570,6140,5980,5210,6230,6050,5890
"GNI per capita, Atlas method (current US$)",NY.GNP.PCAP.CD,Eritrea,ERI,..,..,..,..,..,..,..,..,..,..
"GNI per capita, Atlas method (current US$)",NY.GNP.PCAP.CD,Estonia,EST,18640,19140,21600,23490,23580,26490,27580,27650,28880,32310
"GNI per capita, Atlas method (current US$)",NY.GNP.PCAP.CD,Eswatini,SWZ,3270,3290,3460,3680,3430,3620,3650,3750,3440,3730
"GNI per capita, Atlas method (current US$)",NY.GNP.PCAP.CD,Ethiopia,ETH,620,670,730,790,820,880,960,1030,1100,1110
"GNI per capita, Atlas method (current US$)",NY.GNP.PCAP.CD,Euro area,EMU,35850.0419226991,35344.0069071119,38369.4689054411,39781.2135534382,37720.4259835122,41896.1469761692,44048.2756977459,44232.1984040642,44170.7537049585,48230.1292607617
"GNI per capita, Atlas method (current US$)",NY.GNP.PCAP.CD,Europe & Central Asia,ECS,23505.9667663501,23014.516657119,24613.0396682223,25509.995754957,24201.0282325003,26970.5502064422,28775.2816896222,29462.2295399831,29967.3855709798,32821.7594894453
"GNI per capita, Atlas method (current US$)",NY.GNP.PCAP.CD,Europe & Central Asia (excluding high income),ECA,6362.25634266008,6146.46077046185,6121.63692141918,6072.62260063471,5860.28616907795,6424.97788326213,6895.08241544504,7769.75908429517,8617.21422855509,10036.2846378541
"GNI per capita, Atlas method (current US$)",NY.GNP.PCAP.CD,Europe & Central Asia (IDA & IBRD countries),TEC,8211.43376956546,7952.29580605874,8476.62664174996,8934.66078079889,8640.18154723136,9508.03154419379,10359.1067911914,11462.9050001804,12408.8165606633,13831.9053254866
"GNI per capita, Atlas method (current US$)",NY.GNP.PCAP.CD,European Union,EUU,32463.8645910745,32077.3608124814,34894.8913445348,36309.8266457985,34671.3213268846,38568.9513957624,40627.2154525104,40919.0376807938,41076.4348777877,45063.6336279559
"GNI per capita, Atlas method (current US$)",NY.GNP.PCAP.CD,Faroe Islands,FRO,57410,57920,62900,66020,64210,70050,72970,73420,73120,..
"GNI per capita, Atlas method (current US$)",NY.GNP.PCAP.CD,Fiji,FJI,5010,5120,5690,5570,4560,4380,5250,5670,5820,6230
"GNI per capita, Atlas method (current US$)",NY.GNP.PCAP.CD,Finland,FIN,45160,44520,47900,49590,49630,52810,54120,52870,51710,55250
"GNI per capita, Atlas method (current US$)",NY.GNP.PCAP.CD,France,FRA,39020,38120,40960,42720,39690,44300,46010,45770,45160,48630
"GNI per capita, Atlas method (current US$)",NY.GNP.PCAP.CD,French Polynesia,PYF,22170,22220,23700,24530,22170,23460,24150,24370,24100,..
"GNI per capita, Atlas method (current US$)",NY.GNP.PCAP.CD,Gabon,GAB,7180,6240,6690,7040,6820,7000,7150,7660,7870,8090
"GNI per capita, Atlas method (current US$)",NY.GNP.PCAP.CD,"Gambia, The",GMB,590,620,680,720,720,760,830,870,880,930
"GNI per capita, Atlas method (current US$)",NY.GNP.PCAP.CD,Georgia,GEO,4180,4130,4580,4780,4330,4760,5690,6710,7870,8990
"GNI per capita, Atlas method (current US$)",NY.GNP.PCAP.CD,Germany,DEU,45340,44730,48770,50350,48540,52850,55200,55420,55090,60200
"GNI per capita, Atlas method (current US$)",NY.GNP.PCAP.CD,Ghana,GHA,1760,1830,2060,2170,2120,2250,2270,2310,2260,2630
"GNI per capita, Atlas method (current US$)",NY.GNP.PCAP.CD,Gibraltar,GIB,..,..,..,..,..,..,..,..,..,..
"GNI per capita, Atlas method (current US$)",NY.GNP.PCAP.CD,Greece,GRC,18500,17890,19060,19770,18030,20350,21980,22300,22730,25360
"GNI per capita, Atlas method (current US$)",NY.GNP.PCAP.CD,Greenland,GRL,..,..,..,..,..,..,..,..,..,..
"GNI per capita, Atlas method (current US$)",NY.GNP.PCAP.CD,Grenada,GRD,8000,8400,9220,9400,8390,8890,9980,10100,10790,11660
"GNI per capita, Atlas method (current US$)",NY.GNP.PCAP.CD,Guam,GUM,..,..,..,..,..,..,..,..,..,..
"GNI per capita, Atlas method (current US$)",NY.GNP.PCAP.CD,Guatemala,GTM,3760,3980,4270,4490,4360,4800,5220,5470,5780,6360
"GNI per capita, Atlas method (current US$)",NY.GNP.PCAP.CD,Guinea,GIN,760,800,860,970,1030,1120,1280,1340,1440,1730
"GNI per capita, Atlas method (current US$)",NY.GNP.PCAP.CD,Guinea-Bissau,GNB,670,710,750,850,860,910,960,970,980,1090
"GNI per capita, Atlas method (current US$)",NY.GNP.PCAP.CD,Guyana,GUY,5610,5870,6100,6380,8090,7810,14680,17770,26400,28470
"GNI per capita, Atlas method (current US$)",NY.GNP.PCAP.CD,Haiti,HTI,1380,1370,1430,1410,1340,1450,1610,1740,1730,2010
"GNI per capita, Atlas method (current US$)",NY.GNP.PCAP.CD,Heavily indebted poor countries (HIPC),HPC,906.242462133077,894.720566093481,943.090457495512,976.016920742867,952.495504712603,1004.06214579541,1077.18499844065,1116.96988195984,1141.27995931418,1235.92917289166
"GNI per capita, Atlas method (current US$)",NY.GNP.PCAP.CD,High income,HIC,37593.9751215182,37820.6800265311,40608.3032996042,42211.7514194614,40725.9282622972,45088.0503765788,48030.778024879,48835.759635036,49418.203385363,52957.0784668503
"GNI per capita, Atlas method (current US$)",NY.GNP.PCAP.CD,Honduras,HND,2090,2210,2280,2330,2120,2440,2700,2870,3020,3270
"GNI per capita, Atlas method (current US$)",NY.GNP.PCAP.CD,"Hong Kong SAR, China",HKG,42970,46380,50050,50480,48550,54380,54000,54870,57410,62500
"GNI per capita, Atlas method (current US$)",NY.GNP.PCAP.CD,Hungary,HUN,13230,13310,15180,16840,16330,18070,19200,19820,20800,23850
"GNI per capita, Atlas method (current US$)",NY.GNP.PCAP.CD,IBRD only,IBD,..,..,..,..,..,..,..,..,..,..
"GNI per capita, Atlas method (current US$)",NY.GNP.PCAP.CD,Iceland,ISL,59210,62770,72840,75560,66730,68000,74620,80870,80910,89220
"GNI per capita, Atlas method (current US$)",NY.GNP.PCAP.CD,IDA & IBRD total,IBT,4524.33029731034,4600.56136123066,4933.31666634188,5184.32232466655,4999.96891110466,5513.38535266013,5919.6854948016,6197.95279702489,6250.18750656513,6572.4417660501
"GNI per capita, Atlas method (current US$)",NY.GNP.PCAP.CD,IDA blend,IDB,..,..,..,..,..,..,..,..,..,..
"GNI per capita, Atlas method (current US$)",NY.GNP.PCAP.CD,IDA only,IDX,..,..,..,..,..,..,..,..,..,..
"GNI per capita, Atlas method (current US$)",NY.GNP.PCAP.CD,IDA total,IDA,..,..,..,..,..,..,..,..,..,..
"GNI per capita, Atlas method (current US$)",NY.GNP.PCAP.CD,India,IND,1670,1790,1970,2070,1900,2170,2360,2490,2550,2760
"GNI per capita, Atlas method (current US$)",NY.GNP.PCAP.CD,Indonesia,IDN,3370,3490,3810,4020,3850,4130,4520,4810,4920,5120
"GNI per capita, Atlas method (current US$)",NY.GNP.PCAP.CD,"Iran, Islamic Rep.",IRN,5530,5640,5390,4710,3980,4110,4390,5070,5130,4650
"GNI per capita, Atlas method (current US$)",NY.GNP.PCAP.CD,Iraq,IRQ,5060,4430,4820,5520,4720,4740,5510,5920,6030,5690
"GNI per capita, Atlas method (current US$)",NY.GNP.PCAP.CD,Ireland,IRL,52880,54410,59110,62460,64420,74070,75970,79280,80650,87360
"GNI per capita, Atlas method (current US$)",NY.GNP.PCAP.CD,Isle of Man,IMN,78690,77890,83430,84470,79280,76440,78440,87030,..,..
"GNI per capita, Atlas method (current US$)",NY.GNP.PCAP.CD,Israel,ISR,37240,38600,41960,44110,43330,49640,55460,54480,53090,56180
"GNI per capita, Atlas method (current US$)",NY.GNP.PCAP.CD,Italy,ITA,32400,31790,34270,35030,32600,36760,39060,38750,38640,42080
"GNI per capita, Atlas method (current US$)",NY.GNP.PCAP.CD,Jamaica,JAM,4990,5300,5610,5930,5360,5690,6340,6860,7190,7790
"GNI per capita, Atlas method (current US$)",NY.GNP.PCAP.CD,Japan,JPN,39220,39700,42720,42960,41880,45160,44300,40740,37170,38340
"GNI per capita, Atlas method (current US$)",NY.GNP.PCAP.CD,Jordan,JOR,4200,4300,4480,4580,4460,4650,4810,4890,4880,5260
"GNI per capita, Atlas method (current US$)",NY.GNP.PCAP.CD,Kazakhstan,KAZ,8500,7780,7800,8500,8380,8540,9400,10710,12100,13740
"GNI per capita, Atlas method (current US$)",NY.GNP.PCAP.CD,Kenya,KEN,1490,1540,1720,1880,1910,2070,2170,2110,2070,2200
"GNI per capita, Atlas method (current US$)",NY.GNP.PCAP.CD,Kiribati,KIR,2990,3130,3280,3610,3070,3150,3280,3710,3580,3930
"GNI per capita, Atlas method (current US$)",NY.GNP.PCAP.CD,"Korea, Dem. People's Rep.",PRK,..,..,..,..,..,..,..,..,..,..
"GNI per capita, Atlas method (current US$)",NY.GNP.PCAP.CD,"Korea, Rep.",KOR,30850,31940,34610,35790,35000,37450,38590,38020,36750,37880
"GNI per capita, Atlas method (current US$)",NY.GNP.PCAP.CD,Kosovo,XKX,3930,3950,4300,4640,4450,5140,5610,6290,6920,7760
"GNI per capita, Atlas method (current US$)",NY.GNP.PCAP.CD,Kuwait,KWT,34920,30650,32340,35680,33150,35990,39120,42040,41110,..
"GNI per capita, Atlas method (current US$)",NY.GNP.PCAP.CD,Kyrgyz Republic,KGZ,1090,1090,1200,1240,1210,1270,1540,1840,2260,2800
"GNI per capita, Atlas method (current US$)",NY.GNP.PCAP.CD,Lao PDR,LAO,2110,2240,2460,2520,2470,2500,2300,2110,2000,2150
"GNI per capita, Atlas method (current US$)",NY.GNP.PCAP.CD,Late-demographic dividend,LTE,8458.97353349819,8664.06949083666,9469.89754649642,10151.9664561176,10034.2329846601,11150.2426590529,12002.5839465287,12655.6594921693,12820.8961918335,13527.3133503063
"GNI per capita, Atlas method (current US$)",NY.GNP.PCAP.CD,Latin America & Caribbean,LCN,8304.73204355212,8167.27917002934,8483.88410591613,8568.83116013969,7487.88845662653,7983.42835583307,8603.40405768122,9361.77751679319,9897.54584908977,10633.9281708203
"GNI per capita, Atlas method (current US$)",NY.GNP.PCAP.CD,Latin America & Caribbean (excluding high income),LAC,7921.56155642594,7765.61958225902,8042.21494076634,8104.51445206531,7058.80784209315,7488.43048327714,8070.73739814225,8820.79173357848,9356.7930488162,10054.1191943276
"GNI per capita, Atlas method (current US$)",NY.GNP.PCAP.CD,Latin America & the Caribbean (IDA & IBRD countries),TLA,8224.97434895961,8073.48327552988,8381.61671013186,8457.15042982577,7378.41290183392,7862.33211108896,8470.01209932109,9225.83603107864,9756.45896032238,10483.7997976021
"GNI per capita, Atlas method (current US$)",NY.GNP.PCAP.CD,Latvia,LVA,14300,14360,16010,17010,17350,19310,20630,21000,21520,24980
"GNI per capita, Atlas method (current US$)",NY.GNP.PCAP.CD,Least developed countries: UN classification,LDC,967.682189563713,980.792228622277,1059.66305025129,1116.19426489361,1094.53725235368,1155.07511533642,1249.73052772589,1281.91818877729,1292.49469688956,1348.2212760289
"GNI per capita, Atlas method (current US$)",NY.GNP.PCAP.CD,Lebanon,LBN,7670,8260,8700,8630,6350,4770,4130,3710,3560,..
"GNI per capita, Atlas method (current US$)",NY.GNP.PCAP.CD,Lesotho,LSO,1240,1160,1250,1290,1170,1190,1270,1260,1240,1280
"GNI per capita, Atlas method (current US$)",NY.GNP.PCAP.CD,Liberia,LBR,610,620,620,600,570,630,660,710,750,830
"GNI per capita, Atlas method (current US$)",NY.GNP.PCAP.CD,Libya,LBY,7670,9760,11000,10100,7000,6950,6010,6160,6790,7250
"GNI per capita, Atlas method (current US$)",NY.GNP.PCAP.CD,Liechtenstein,LIE,..,..,..,..,..,..,..,..,..,..
"GNI per capita, Atlas method (current US$)",NY.GNP.PCAP.CD,Lithuania,LTU,14890,15260,17550,19200,19800,22040,23840,25360,27110,30500
"GNI per capita, Atlas method (current US$)",NY.GNP.PCAP.CD,Low & middle income,LMY,4264.62956247345,4356.2513428115,4658.85784081618,4883.53776386106,4717.02448122534,5204.08556399997,5581.12127736868,5824.67467828403,5844.48796721174,6129.26606377662
"GNI per capita, Atlas method (current US$)",NY.GNP.PCAP.CD,Low income,LIC,659.015559364024,635.858914301863,642.380267787478,661.943810651832,644.033302607742,668.342996794534,719.448495761268,744.204807722821,765.12637666367,811.436558478127
"GNI per capita, Atlas method (current US$)",NY.GNP.PCAP.CD,Lower middle income,LMC,1806.72978318351,1839.54564946914,1970.99105970164,2061.44517711163,1956.68904787261,2189.527400083,2372.47740416607,2414.12608325925,2370.03619244397,2488.13876636699
"GNI per capita, Atlas method (current US$)",NY.GNP.PCAP.CD,Luxembourg,LUX,73730,75800,80120,79280,80090,86850,84190,88480,84650,95720
"GNI per capita, Atlas method (current US$)",NY.GNP.PCAP.CD,"Macao SAR, China",MAC,59680,66890,72780,71600,43810,46220,45210,64780,69920,..
"GNI per capita, Atlas method (current US$)",NY.GNP.PCAP.CD,Madagascar,MDG,450,450,480,500,450,470,500,510,520,560
"GNI per capita, Atlas method (current US$)",NY.GNP.PCAP.CD,Malawi,MWI,490,480,490,540,560,600,610,620,570,600
"GNI per capita, Atlas method (current US$)",NY.GNP.PCAP.CD,Malaysia,MYS,9800,9560,10200,10750,10110,10520,11620,11700,11650,12380
"GNI per capita, Atlas method (current US$)",NY.GNP.PCAP.CD,Maldives,MDV,8720,9400,10220,10730,7050,9350,10570,11130,11540,12950
"GNI per capita, Atlas method (current US$)",NY.GNP.PCAP.CD,Mali,MLI,870,860,930,960,930,960,1000,1010,1030,1120
"GNI per capita, Atlas method (current US$)",NY.GNP.PCAP.CD,Malta,MLT,23820,26690,29030,29830,26910,32440,34840,35720,36540,41440
"GNI per capita, Atlas method (current US$)",NY.GNP.PCAP.CD,Marshall Islands,MHL,5060,5310,6040,6770,6610,6720,7580,7960,8510,9710
"GNI per capita, Atlas method (current US$)",NY.GNP.PCAP.CD,Mauritania,MRT,1550,1560,1680,1720,1720,1810,2010,2140,2110,2210
"GNI per capita, Atlas method (current US$)",NY.GNP.PCAP.CD,Mauritius,MUS,10650,11020,12190,12710,10780,10900,11810,12530,12960,14040
"GNI per capita, Atlas method (current US$)",NY.GNP.PCAP.CD,Mexico,MEX,9740,9270,9560,9860,8920,9880,10730,11990,12760,13730
"GNI per capita, Atlas method (current US$)",NY.GNP.PCAP.CD,"Micronesia, Fed. Sts.",FSM,3400,3430,3420,3850,4070,4090,4020,4270,4490,4760
"GNI per capita, Atlas method (current US$)",NY.GNP.PCAP.CD,"Middle East, North Africa, Afghanistan & Pakistan",MEA,5339.22827938459,5156.45563591277,5387.60350331148,5487.49744284295,5040.78067114958,5392.90709201329,6014.38987013379,6297.96049962516,6292.38109198926,6364.88796482909
"GNI per capita, Atlas method (current US$)",NY.GNP.PCAP.CD,"Middle East, North Africa, Afghanistan & Pakistan (excluding high income)",MNA,2891.11479498007,2832.79408659807,2857.49357132718,2780.69718701327,2514.64666741163,2643.17073040303,2862.63341701485,2945.62808853381,2912.21088919234,2891.43825495332
"GNI per capita, Atlas method (current US$)",NY.GNP.PCAP.CD,"Middle East, North Africa, Afghanistan & Pakistan (IDA & IBRD)",TMN,2884.24547438417,2825.30216150844,2848.33077783105,2770.8892456298,2506.38170835196,2631.75063387558,2849.45958118984,2934.89438772635,2911.72166491484,2888.8432979091
"GNI per capita, Atlas method (current US$)",NY.GNP.PCAP.CD,Middle income,MIC,4654.18563261284,4764.48862274179,5107.09153426505,5363.40606551092,5188.8318809118,5739.28206847949,6165.75889900608,6447.64172087995,6479.43770726689,6806.7519473689
"GNI per capita, Atlas method (current US$)",NY.GNP.PCAP.CD,Moldova,MDA,3170,3300,3850,4490,4360,5270,5540,6250,6890,8050
"GNI per capita, Atlas method (current US$)",NY.GNP.PCAP.CD,Monaco,MCO,..,..,..,..,..,..,..,..,..,..
"GNI per capita, Atlas method (current US$)",NY.GNP.PCAP.CD,Mongolia,MNG,3460,3200,3650,3800,3690,3690,4340,4870,5380,6210
"GNI per capita, Atlas method (current US$)",NY.GNP.PCAP.CD,Montenegro,MNE,7020,7240,8250,8970,7780,9220,10420,11560,12210,14150
"GNI per capita, Atlas method (current US$)",NY.GNP.PCAP.CD,Morocco,MAR,3150,3160,3380,3510,3260,3630,3700,3780,3840,4360
"GNI per capita, Atlas method (current US$)",NY.GNP.PCAP.CD,Mozambique,MOZ,550,480,470,500,480,490,500,540,550,570
"GNI per capita, Atlas method (current US$)",NY.GNP.PCAP.CD,Myanmar,MMR,1230,1230,1310,1380,1320,1240,1280,1220,1210,1320
"GNI per capita, Atlas method (current US$)",NY.GNP.PCAP.CD,Namibia,NAM,4580,4430,4670,4870,4240,4140,4280,4310,4290,4340
"GNI per capita, Atlas method (current US$)",NY.GNP.PCAP.CD,Nauru,NRU,11680,11300,12740,15840,17180,19620,20890,22370,21940,20690
"GNI per capita, Atlas method (current US$)",NY.GNP.PCAP.CD,Nepal,NPL,860,970,1120,1240,1190,1250,1380,1430,1480,1570
"GNI per capita, Atlas method (current US$)",NY.GNP.PCAP.CD,Netherlands,NLD,46960,46710,51290,52940,51490,59560,62110,62550,62500,68530
"GNI per capita, Atlas method (current US$)",NY.GNP.PCAP.CD,New Caledonia,NCL,..,..,..,35130,34890,35420,36980,36710,30070,..
"GNI per capita, Atlas method (current US$)",NY.GNP.PCAP.CD,New Zealand,NZL,39440,38790,41570,43090,41880,45750,49090,49470,47070,46630
"GNI per capita, Atlas method (current US$)",NY.GNP.PCAP.CD,Nicaragua,NIC,1980,2050,1990,1930,1810,2060,2150,2360,2510,2850
"GNI per capita, Atlas method (current US$)",NY.GNP.PCAP.CD,Niger,NER,520,520,580,600,570,580,650,640,670,750
"GNI per capita, Atlas method (current US$)",NY.GNP.PCAP.CD,Nigeria,NGA,2370,2020,1950,2260,2460,2860,2940,2590,1710,1360
"GNI per capita, Atlas method (current US$)",NY.GNP.PCAP.CD,North America,NAC,55545.9706857316,57265.76125785,61222.9433933928,63879.6668706962,62507.3666460898,69198.6978532257,74819.2829148166,77344.8816877431,79805.6198841591,85298.297883893
"GNI per capita, Atlas method (current US$)",NY.GNP.PCAP.CD,North Macedonia,MKD,5440,5390,6050,6520,6460,7050,7570,7940,8300,9490
"GNI per capita, Atlas method (current US$)",NY.GNP.PCAP.CD,Northern Mariana Islands,MNP,..,..,..,..,..,..,..,..,..,..
"GNI per capita, Atlas method (current US$)",NY.GNP.PCAP.CD,Norway,NOR,81840,76270,81200,82500,78460,83640,97270,101840,100030,97310
"GNI per capita, Atlas method (current US$)",NY.GNP.PCAP.CD,Not classified,INX,..,..,..,..,..,..,..,..,..,..
"GNI per capita, Atlas method (current US$)",NY.GNP.PCAP.CD,OECD members,OED,36718.0466787731,36896.7170331412,39364.1543464909,40645.1536472946,39132.1373880916,43231.9327306148,45886.5468079821,46560.4963859771,47129.2470416532,50696.9276545446
"GNI per capita, Atlas method (current US$)",NY.GNP.PCAP.CD,Oman,OMN,18550,16640,17250,17860,17190,17910,19270,19950,19520,..
"GNI per capita, Atlas method (current US$)",NY.GNP.PCAP.CD,Other small states,OSS,10841.9807124768,11105.1099086801,12244.6880531318,13013.2941108997,11959.9961201755,12960.7942015228,13913.8242309306,14577.798764917,14922.1076720468,16357.2875646698
"GNI per capita, Atlas method (current US$)",NY.GNP.PCAP.CD,Pacific island small states,PSS,3861.9857477149,3926.22215051186,4230.05314756749,4301.048428379,3848.13343210735,3789.34158712085,4127.63653104026,4356.96814147791,4415.39645197155,4738.19154420309
"GNI per capita, Atlas method (current US$)",NY.GNP.PCAP.CD,Pakistan,PAK,1360,1450,1560,1520,1370,1420,1510,1450,1430,1500
"GNI per capita, Atlas method (current US$)",NY.GNP.PCAP.CD,Palau,PLW,14970,15520,16040,16280,15440,13980,14100,14750,16920,19890
"GNI per capita, Atlas method (current US$)",NY.GNP.PCAP.CD,Panama,PAN,13180,14230,14910,15640,13070,14920,17130,17830,17950,19140
"GNI per capita, Atlas method (current US$)",NY.GNP.PCAP.CD,Papua New Guinea,PNG,2410,2310,2310,2420,2410,2370,2690,2800,2860,2890
"GNI per capita, Atlas method (current US$)",NY.GNP.PCAP.CD,Paraguay,PRY,5870,5810,6060,5950,5550,5720,5900,6200,6290,6750
"GNI per capita, Atlas method (current US$)",NY.GNP.PCAP.CD,Peru,PER,6130,6090,6500,6850,6080,6550,6930,7100,7530,8430
"GNI per capita, Atlas method (current US$)",NY.GNP.PCAP.CD,Philippines,PHL,3350,3440,3610,3760,3350,3570,4010,4320,4470,4850
"GNI per capita, Atlas method (current US$)",NY.GNP.PCAP.CD,Poland,POL,12740,12780,14310,15510,15640,17470,19110,19890,21590,25520
"GNI per capita, Atlas method (current US$)",NY.GNP.PCAP.CD,Portugal,PRT,19950,20030,22040,23250,21910,23980,25880,26340,26940,29930
"GNI per capita, Atlas method (current US$)",NY.GNP.PCAP.CD,Post-demographic dividend,PST,42000.163821623,42398.6927791383,45403.8519011233,47039.8392052636,45433.8247888551,50272.0045966908,53469.8498272488,54261.6584638305,54782.8850126485,58705.4654369186
"GNI per capita, Atlas method (current US$)",NY.GNP.PCAP.CD,Pre-demographic dividend,PRE,1463.34072347672,1318.38301207107,1343.18294655956,1463.0419232379,1444.0141512972,1558.73079422139,1659.56989412133,1629.53112860082,1457.52139975038,1431.47228065603
"GNI per capita, Atlas method (current US$)",NY.GNP.PCAP.CD,Puerto Rico (US),PRI,19290,19500,20380,21310,21200,22580,24670,25290,25870,27320
"GNI per capita, Atlas method (current US$)",NY.GNP.PCAP.CD,Qatar,QAT,69170,60920,63410,65700,57730,66970,71050,79430,76570,74330
"GNI per capita, Atlas method (current US$)",NY.GNP.PCAP.CD,Romania,ROU,9460,10030,11490,12660,12720,14180,15390,16590,17600,20190
"GNI per capita, Atlas method (current US$)",NY.GNP.PCAP.CD,Russian Federation,RUS,9680,9160,10180,11190,10660,11710,12890,14400,15330,15960
"GNI per capita, Atlas method (current US$)",NY.GNP.PCAP.CD,Rwanda,RWA,720,720,760,820,780,850,970,1030,1070,1150
"GNI per capita, Atlas method (current US$)",NY.GNP.PCAP.CD,Samoa,WSM,4120,4100,4100,4270,4080,3990,4130,4800,5040,5640
"GNI per capita, Atlas method (current US$)",NY.GNP.PCAP.CD,San Marino,SMR,..,40010,41800,43770,40570,48190,53950,53910,..,..
"GNI per capita, Atlas method (current US$)",NY.GNP.PCAP.CD,Sao Tome and Principe,STP,1420,1440,1660,1810,2030,2220,2820,2810,2910,3800
"GNI per capita, Atlas method (current US$)",NY.GNP.PCAP.CD,Saudi Arabia,SAU,23940,23130,26570,29140,26940,30480,35110,36330,35990,36070
"GNI per capita, Atlas method (current US$)",NY.GNP.PCAP.CD,Senegal,SEN,1270,1270,1390,1430,1430,1540,1590,1620,1630,1780
"GNI per capita, Atlas method (current US$)",NY.GNP.PCAP.CD,Serbia,SRB,5920,5810,6700,7380,7790,8890,9790,10750,11610,13480
"GNI per capita, Atlas method (current US$)",NY.GNP.PCAP.CD,Seychelles,SYC,15630,16180,17620,18700,15400,14890,14390,16340,17700,19200
"GNI per capita, Atlas method (current US$)",NY.GNP.PCAP.CD,Sierra Leone,SLE,930,840,830,850,840,890,920,870,820,830
"GNI per capita, Atlas method (current US$)",NY.GNP.PCAP.CD,Singapore,SGP,53600,55360,56440,58510,56290,65540,68100,69530,75820,81760
"GNI per capita, Atlas method (current US$)",NY.GNP.PCAP.CD,Sint Maarten (Dutch part),SXM,35260,32950,31140,34060,29440,31430,36960,38260,38950,..
"GNI per capita, Atlas method (current US$)",NY.GNP.PCAP.CD,Slovak Republic,SVK,16900,16710,18460,19230,19420,21010,21890,22710,23560,26410
"GNI per capita, Atlas method (current US$)",NY.GNP.PCAP.CD,Slovenia,SVN,21610,22040,24510,25900,25380,28320,29590,31020,31790,35520
"GNI per capita, Atlas method (current US$)",NY.GNP.PCAP.CD,Small states,SST,10442.4975184421,10572.7336011766,11391.214646654,11979.0368198623,10880.6323630221,11746.7877201124,12873.1880867553,13759.3611738674,14377.2926094173,15501.2598058092
"GNI per capita, Atlas method (current US$)",NY.GNP.PCAP.CD,Solomon Islands,SLB,2000,2020,2150,2210,2170,2120,2010,1980,1910,2020
"GNI per capita, Atlas method (current US$)",NY.GNP.PCAP.CD,"Somalia, Fed. Rep.",SOM,450,500,510,520,500,540,570,600,620,640
"GNI per capita, Atlas method (current US$)",NY.GNP.PCAP.CD,South Africa,ZAF,5880,5850,6250,6570,5930,6320,6530,6490,6110,6270
"GNI per capita, Atlas method (current US$)",NY.GNP.PCAP.CD,South Asia,SAS,1664.04598952315,1800.11474984752,1998.71985784139,2105.40954765327,1957.00452480588,2222.50192831101,2416.42656335602,2524.90860221655,2581.02883760865,2773.79115608425
"GNI per capita, Atlas method (current US$)",NY.GNP.PCAP.CD,South Asia (IDA & IBRD),TSA,1664.04598952315,1800.11474984752,1998.71985784139,2105.40954765327,1957.00452480588,2222.50192831101,2416.42656335602,2524.90860221655,2581.02883760865,2773.79115608425
"GNI per capita, Atlas method (current US$)",NY.GNP.PCAP.CD,South Sudan,SSD,..,..,..,..,..,..,..,..,..,..
"GNI per capita, Atlas method (current US$)",NY.GNP.PCAP.CD,Spain,ESP,27760,27290,29530,30560,27410,30380,32690,32980,33550,37120
"GNI per capita, Atlas method (current US$)",NY.GNP.PCAP.CD,Sri Lanka,LKA,4020,4220,4350,4220,3880,4010,3620,3550,3870,4670
"GNI per capita, Atlas method (current US$)",NY.GNP.PCAP.CD,St. Kitts and Nevis,KNA,19640,20420,21930,23670,19340,19070,21420,21870,21960,24530
"GNI per capita, Atlas method (current US$)",NY.GNP.PCAP.CD,St. Lucia,LCA,9710,10260,11060,11060,8700,10030,11680,12440,12840,13410
"GNI per capita, Atlas method (current US$)",NY.GNP.PCAP.CD,St. Martin (French part),MAF,..,..,..,..,..,..,..,..,..,..
"GNI per capita, Atlas method (current US$)",NY.GNP.PCAP.CD,St. Vincent and the Grenadines,VCT,7480,7730,8370,8700,8360,8720,9520,10210,11210,12000
"GNI per capita, Atlas method (current US$)",NY.GNP.PCAP.CD,Sub-Saharan Africa,SSF,1556.06974409669,1461.85798520349,1511.94663831073,1618.44788020822,1586.13683020773,1721.74326786829,1804.33502197806,1769.65752258208,1600.44141490378,1610.48127981574
"GNI per capita, Atlas method (current US$)",NY.GNP.PCAP.CD,Sub-Saharan Africa (excluding high income),SSA,1554.80344956939,1460.55170237529,1510.54146344829,1616.98308201768,1584.97265123016,1720.65240051925,1803.10624580193,1768.27145267264,1598.92661194432,1608.84775752566
"GNI per capita, Atlas method (current US$)",NY.GNP.PCAP.CD,Sub-Saharan Africa (IDA & IBRD countries),TSS,1556.06974409669,1461.85798520349,1511.94663831073,1618.44788020822,1586.13683020773,1721.74326786829,1804.33502197806,1769.65752258208,1600.44141490378,1610.48127981574
"GNI per capita, Atlas method (current US$)",NY.GNP.PCAP.CD,Sudan,SDN,1140,1010,810,720,600,620,720,660,710,900
"GNI per capita, Atlas method (current US$)",NY.GNP.PCAP.CD,Suriname,SUR,6660,5700,5730,6000,4710,4490,5040,5210,5690,6140
"GNI per capita, Atlas method (current US$)",NY.GNP.PCAP.CD,Sweden,SWE,53850,52240,54930,56100,54590,59840,61930,60540,58510,63010
"GNI per capita, Atlas method (current US$)",NY.GNP.PCAP.CD,Switzerland,CHE,84250,81790,84760,84160,83150,91900,97920,98160,99920,110330
"GNI per capita, Atlas method (current US$)",NY.GNP.PCAP.CD,Syrian Arab Republic,SYR,750,720,810,970,820,730,720,..,..,..
"GNI per capita, Atlas method (current US$)",NY.GNP.PCAP.CD,Tajikistan,TJK,1090,1000,1000,1050,1030,1130,1360,1400,1650,2080
"GNI per capita, Atlas method (current US$)",NY.GNP.PCAP.CD,Tanzania,TZA,960,960,1010,1050,1060,1130,1210,1220,1210,1270
"GNI per capita, Atlas method (current US$)",NY.GNP.PCAP.CD,Thailand,THA,5550,5800,6430,7070,6910,7100,7220,7210,7130,7690
"GNI per capita, Atlas method (current US$)",NY.GNP.PCAP.CD,Timor-Leste,TLS,1730,1780,1790,2180,2040,2050,1820,1900,1650,1510
"GNI per capita, Atlas method (current US$)",NY.GNP.PCAP.CD,Togo,TGO,870,850,920,950,970,1040,1130,1190,1220,1350
"GNI per capita, Atlas method (current US$)",NY.GNP.PCAP.CD,Tonga,TON,4280,4450,4650,4980,5210,5240,5390,5910,6270,6840
"GNI per capita, Atlas method (current US$)",NY.GNP.PCAP.CD,Trinidad and Tobago,TTO,17870,16930,16800,17240,15040,16310,16100,19880,19290,18550
"GNI per capita, Atlas method (current US$)",NY.GNP.PCAP.CD,Tunisia,TUN,3930,3700,3700,3590,3270,3640,3890,3850,3880,4300
"GNI per capita, Atlas method (current US$)",NY.GNP.PCAP.CD,Turkiye,TUR,11350,11140,10760,9970,9330,10230,10870,11980,13430,16300
"GNI per capita, Atlas method (current US$)",NY.GNP.PCAP.CD,Turkmenistan,TKM,5890,5250,4690,4350,4180,4160,4490,4830,5640,6340
"GNI per capita, Atlas method (current US$)",NY.GNP.PCAP.CD,Turks and Caicos Islands,TCA,28810,41130,36690,31510,20840,27480,31590,36060,36760,..
"GNI per capita, Atlas method (current US$)",NY.GNP.PCAP.CD,Tuvalu,TUV,5450,5330,6230,6880,6880,7510,8100,8770,..,..
"GNI per capita, Atlas method (current US$)",NY.GNP.PCAP.CD,Uganda,UGA,810,760,770,810,820,860,930,970,1010,1120
"GNI per capita, Atlas method (current US$)",NY.GNP.PCAP.CD,Ukraine,UKR,2330,2330,2720,3270,3530,4060,3930,4980,5230,5510
"GNI per capita, Atlas method (current US$)",NY.GNP.PCAP.CD,United Arab Emirates,ARE,46180,42230,44570,46690,41310,43230,46990,51100,51550,..
"GNI per capita, Atlas method (current US$)",NY.GNP.PCAP.CD,United Kingdom,GBR,43310,42140,42540,43640,39350,45880,49690,48800,49320,54550
"GNI per capita, Atlas method (current US$)",NY.GNP.PCAP.CD,United States,USA,56830,58860,63040,65840,64630,71510,77230,79950,82910,88810
"GNI per capita, Atlas method (current US$)",NY.GNP.PCAP.CD,Upper middle income,UMC,7183.2148387849,7378.30867056292,7926.7654053225,8351.77243434123,8136.76766031958,9003.86135581247,9687.99302734866,10232.9395877543,10373.3764753093,10938.138934823
"GNI per capita, Atlas method (current US$)",NY.GNP.PCAP.CD,Uruguay,URY,16490,16720,17700,18390,16130,16220,18050,20070,22000,24020
"GNI per capita, Atlas method (current US$)",NY.GNP.PCAP.CD,Uzbekistan,UZB,3230,2890,2490,2240,2090,2360,2620,2880,3170,3670
"GNI per capita, Atlas method (current US$)",NY.GNP.PCAP.CD,Vanuatu,VUT,3390,3550,3910,4120,3740,3990,4340,4210,4130,4410
"GNI per capita, Atlas method (current US$)",NY.GNP.PCAP.CD,"Venezuela, RB",VEN,3680,2950,2800,2370,1670,1790,2260,3040,3840,3860
"GNI per capita, Atlas method (current US$)",NY.GNP.PCAP.CD,Viet Nam,VNM,2560,2680,3020,3290,3400,3540,3980,4140,4490,4970
"GNI per capita, Atlas method (current US$)",NY.GNP.PCAP.CD,Virgin Islands (U.S.),VIR,..,..,..,..,..,..,..,..,..,..
"GNI per capita, Atlas method (current US$)",NY.GNP.PCAP.CD,West Bank and Gaza,PSE,3900,3930,4190,4200,3700,4270,4720,4450,2980,3250
"GNI per capita, Atlas method (current US$)",NY.GNP.PCAP.CD,World,WLD,10348.9547583113,10423.1236495295,11127.5720846768,11554.1011049803,11105.8799271092,12213.3340843994,13009.7774958884,13335.8070349419,13433.425241884,14243.5411336657
"GNI per capita, Atlas method (current US$)",NY.GNP.PCAP.CD,"Yemen, Rep.",YEM,970,880,740,..,..,..,..,..,..,..
"GNI per capita, Atlas method (current US$)",NY.GNP.PCAP.CD,Zambia,ZMB,1320,1260,1390,1380,1110,1050,1170,1270,1190,1200
"GNI per capita, Atlas method (current US$)",NY.GNP.PCAP.CD,Zimbabwe,ZWE,1240,1680,2140,2430,1980,2330,2580,2550,2400,2660
"School enrollment, secondary, female (% gross)",SE.SEC.ENRR.FE,Afghanistan,AFG,38.5832786560059,39.937858581543,41.3507118225098,..,..,..,..,45.1596908569336,..,..
"School enrollment, secondary, female (% gross)",SE.SEC.ENRR.FE,Africa Eastern and Southern,AFE,40.2670402526855,40.8391418457031,41.1385498046875,41.6500816345215,42.3275299072266,42.7693405151367,42.9131698608398,..,..,..
"School enrollment, secondary, female (% gross)",SE.SEC.ENRR.FE,Africa Western and Central,AFW,39.0918617248535,39.740650177002,40.4764213562012,42.076530456543,43.326961517334,44.3946685791016,44.9384689331055,46.1132011413574,46.0673294067383,..
"School enrollment, secondary, female (% gross)",SE.SEC.ENRR.FE,Albania,ALB,96.6560853943559,94.9233468518998,95.8495450622985,95.5375027821055,92.2998271538817,94.3556604734894,93.2280956589459,92.6682931237011,106.71573638916,..
"School enrollment, secondary, female (% gross)",SE.SEC.ENRR.FE,Algeria,DZA,..,..,..,..,..,..,106.153022766113,103.220718383789,106.533807793893,..
"School enrollment, secondary, female (% gross)",SE.SEC.ENRR.FE,American Samoa,ASM,..,..,..,..,..,..,..,..,..,..
"School enrollment, secondary, female (% gross)",SE.SEC.ENRR.FE,Andorra,AND,95.5604400634766,95.4148483276367,97.8036804199219,95.9698791503906,96.9991226196289,98.0232086181641,98.0160369873047,99.4687423706055,101.475868225098,..
"School enrollment, secondary, female (% gross)",SE.SEC.ENRR.FE,Angola,AGO,42.9851256990708,..,..,..,..,49.4286274279557,..,48.1175394651696,..,..
"School enrollment, secondary, female (% gross)",SE.SEC.ENRR.FE,Antigua and Barbuda,ATG,..,115.81339263916,119.61092376709,..,..,..,107.737361282367,109.004008633981,..,..
"School enrollment, secondary, female (% gross)",SE.SEC.ENRR.FE,Arab World,ARB,64.8255615234375,65.4355316162109,65.6868133544922,66.192512512207,66.1664199829102,66.8292694091797,68.3780136108398,67.6763610839844,68.0927886962891,..
"School enrollment, secondary, female (% gross)",SE.SEC.ENRR.FE,Argentina,ARG,112.874443054199,113.530090332031,112.869537353516,113.60587310791,115.878791809082,119.181510925293,117.566009521484,107.980730920017,..,..
"School enrollment, secondary, female (% gross)",SE.SEC.ENRR.FE,Armenia,ARM,..,..,82.6929233518222,86.6098941525282,87.5163440721926,89.5961159583451,90.1215425051106,88.2232017685754,90.1346954711088,..
"School enrollment, secondary, female (% gross)",SE.SEC.ENRR.FE,Aruba,ABW,..,..,143.72492980957,141.99267578125,142.045455932617,135.442672729492,140.441833496094,..,128.74852420307,..
"School enrollment, secondary, female (% gross)",SE.SEC.ENRR.FE,Australia,AUS,144.401290893555,144.534530639648,132.354217529297,139.616836547852,135.490798950195,133.347183227539,130.563079833984,131.09733581543,129.089096069336,..
"School enrollment, secondary, female (% gross)",SE.SEC.ENRR.FE,Austria,AUT,99.1238174438477,98.8336181640625,98.9431686401367,100.049346923828,100.287178039551,101.08470916748,100.453628540039,99.5390701293945,99.9565505981445,..
"School enrollment, secondary, female (% gross)",SE.SEC.ENRR.FE,Azerbaijan,AZE,..,..,108.65273695473,107.552111988747,90.4353484324383,90.4878029868337,88.7876201854696,90.9502304680864,89.60752233538,..
"School enrollment, secondary, female (% gross)",SE.SEC.ENRR.FE,"Bahamas, The",BHS,86.5407818532819,94.6372239747634,84.2835504392608,80,..,74.0372670807453,..,95.1823072325164,80.9443303948798,..
"School enrollment, secondary, female (% gross)",SE.SEC.ENRR.FE,Bahrain,BHR,100.962353094519,101.66381888082,100.906915228618,101.991173149954,..,..,106.466008925534,101.916572717024,97.5734472078148,..
"School enrollment, secondary, female (% gross)",SE.SEC.ENRR.FE,Bangladesh,BGD,66.9120125277375,66.8206080291299,69.0192069270982,68.6082490748818,71.128750711381,75.089641669915,72.2731144156835,71.5461976300242,70.4720309842244,..
"School enrollment, secondary, female (% gross)",SE.SEC.ENRR.FE,Barbados,BRB,109.759788513184,110.261192321777,108.398483276367,106.941482543945,105.184692382812,104.736427307129,106.201553344727,104.055282592773,106.336565096953,..
"School enrollment, secondary, female (% gross)",SE.SEC.ENRR.FE,Belarus,BLR,102.01233919664,101.583542654067,100.837960983045,99.9048197524061,99.9308910788603,99.8514568766293,97.7828329479802,97.184372562362,95.0767756373877,..
"School enrollment, secondary, female (% gross)",SE.SEC.ENRR.FE,Belgium,BEL,170.400466918945,168.216491699219,165.985092163086,166.064483642578,160.896133422852,150.585006713867,151.826583862305,152.577819824219,..,..
"School enrollment, secondary, female (% gross)",SE.SEC.ENRR.FE,Belize,BLZ,88.9483912761822,87.3819122314453,88.364140080516,88.4514778969396,87.8505494505495,90.1186996190982,89.0278593037432,84.5732792044884,87.4232987312572,..
"School enrollment, secondary, female (% gross)",SE.SEC.ENRR.FE,Benin,BEN,47.7052116394043,..,..,..,39.4178810119629,40.2546501159668,40.2818489074707,..,..,..
"School enrollment, secondary, female (% gross)",SE.SEC.ENRR.FE,Bermuda,BMU,..,..,..,..,..,..,..,79.9730606079102,..,..
"School enrollment, secondary, female (% gross)",SE.SEC.ENRR.FE,Bhutan,BTN,93.3539505004883,93.6836013793945,94.7654841059746,97.6848520202403,97.5008417517849,100.878047817838,98.562791614893,94.91450020137,94.0369291275477,..
"School enrollment, secondary, female (% gross)",SE.SEC.ENRR.FE,Bolivia,BOL,89.7963617272291,88.5199336270253,87.8603570044998,88.0304372690611,88.4047972829548,90.1926069467688,90.3370506966397,91.2883197233107,90.2157592773438,..
"School enrollment, secondary, female (% gross)",SE.SEC.ENRR.FE,Bosnia and Herzegovina,BIH,85.0680236816406,85.6158828735352,87.8049774169922,87.5772018432617,87.7414093017578,87.8970108032227,89.2550964355469,90.4367218017578,..,..
"School enrollment, secondary, female (% gross)",SE.SEC.ENRR.FE,Botswana,BWA,..,..,..,..,..,74.0652465820312,..,..,..,..
"School enrollment, secondary, female (% gross)",SE.SEC.ENRR.FE,Brazil,BRA,104.728561401367,104.489143371582,106.413528442383,105.773582458496,106.353302001953,110.021629333496,108.587013244629,..,105.251502990723,..
"School enrollment, secondary, female (% gross)",SE.SEC.ENRR.FE,British Virgin Islands,VGB,98.3240223463687,91.5360501567398,67.0731707317073,71.2076583210604,71.6428571428571,71.9810040705563,70.318733215332,67.6392572944297,73.7792587280273,..
"School enrollment, secondary, female (% gross)",SE.SEC.ENRR.FE,Brunei Darussalam,BRN,93.33837890625,91.7844619750977,92.0042572021484,91.2721405029297,89.4443214522913,..,..,93.2725572697522,..,..
"School enrollment, secondary, female (% gross)",SE.SEC.ENRR.FE,Bulgaria,BGR,100.93839263916,101.615371704102,102.039916992188,101.704620361328,100.332641601562,97.4684524536133,95.5302886962891,94.6070022583008,93.8516082763672,..
"School enrollment, secondary, female (% gross)",SE.SEC.ENRR.FE,Burkina Faso,BFA,33.8377858408122,36.4337512769058,39.4315297671845,40.517531621348,40.2090461523707,40.1334643135395,36.1300743115017,33.6455886002101,33.2389182465594,..
"School enrollment, secondary, female (% gross)",SE.SEC.ENRR.FE,Burundi,BDI,47.4670778135604,49.4867506946943,48.9246508069948,44.8293939228029,49.2576387332398,..,..,..,..,26.3813495635986
"School enrollment, secondary, female (% gross)",SE.SEC.ENRR.FE,Cabo Verde,CPV,107.346835625835,108.513703183866,104.00895690918,103.593505622998,106.038487060385,104.706914193831,103.582593697222,..,..,..
"School enrollment, secondary, female (% gross)",SE.SEC.ENRR.FE,Cambodia,KHM,..,51.2054747282757,53.0927446861047,53.3177080845995,54.5285415649414,59.1888520896695,59.850293235261,60.3343523907692,63.098667348683,..
"School enrollment, secondary, female (% gross)",SE.SEC.ENRR.FE,Cameroon,CMR,56.4790090222202,..,..,..,..,42.6115884063623,43.2072311629303,42.4944197803389,..,..
"School enrollment, secondary, female (% gross)",SE.SEC.ENRR.FE,Canada,CAN,111.972282409668,112.20565032959,112.037117004395,111.364883422852,110.553207397461,109.483619689941,108.356742858887,104.46174621582,..,..
"School enrollment, secondary, female (% gross)",SE.SEC.ENRR.FE,Caribbean small states,CSS,91.5283126831055,90.4940338134766,89.5968170166016,90.3829193115234,88.2120513916016,88.1179504394531,86.8843231201172,87.5298004150391,87.1795120239258,..
"School enrollment, secondary, female (% gross)",SE.SEC.ENRR.FE,Cayman Islands,CYM,..,..,87.5760649087221,85.8134918212891,84.5747222900391,84.5653184565318,84.132682800293,86.5183246073298,84.3549078439777,..
"School enrollment, secondary, female (% gross)",SE.SEC.ENRR.FE,Central African Republic,CAF,11.0433397293091,12.7931003570557,..,..,..,..,..,..,..,..
"School enrollment, secondary, female (% gross)",SE.SEC.ENRR.FE,Central Europe and the Baltics,CEB,100.713256835938,100.939628601074,100.836486816406,100.356903076172,102.413429260254,101.258842468262,99.9802322387695,99.3405303955078,99.3405303955078,..
"School enrollment, secondary, female (% gross)",SE.SEC.ENRR.FE,Chad,TCD,14.2798381653045,14.0123630025093,13.9039225599097,14.1967132658225,..,17.2672329408201,..,19.2402040168684,19.4390107130432,..
"School enrollment, secondary, female (% gross)",SE.SEC.ENRR.FE,Channel Islands,CHI,..,..,..,..,..,..,..,..,..,..
"School enrollment, secondary, female (% gross)",SE.SEC.ENRR.FE,Chile,CHL,101.831230163574,102.539222717285,103.21607208252,104.032539367676,103.239501953125,106.125999450684,105.129852294922,104.630210876465,104.45320892334,..
"School enrollment, secondary, female (% gross)",SE.SEC.ENRR.FE,China,CHN,..,..,..,..,..,..,..,..,..,..
"School enrollment, secondary, female (% gross)",SE.SEC.ENRR.FE,Colombia,COL,101.674926757812,102.081871032715,102.91561126709,104.421806335449,103.599342346191,105.227256774902,103.587738037109,..,..,..
"School enrollment, secondary, female (% gross)",SE.SEC.ENRR.FE,Comoros,COM,..,59.3382174230061,64.5565253389451,..,..,..,56.4125595092773,..,..,..
"School enrollment, secondary, female (% gross)",SE.SEC.ENRR.FE,"Congo, Dem. Rep.",COD,..,..,..,..,..,42.9527015686035,..,..,..,..
"School enrollment, secondary, female (% gross)",SE.SEC.ENRR.FE,"Congo, Rep.",COG,..,..,..,..,..,..,..,..,..,..
"School enrollment, secondary, female (% gross)",SE.SEC.ENRR.FE,Costa Rica,CRI,120.720222473145,125.053909301758,129.916809082031,137.081527709961,137.818099975586,146.792526245117,138.920425415039,130.602096557617,126.321907043457,..
"School enrollment, secondary, female (% gross)",SE.SEC.ENRR.FE,Cote d'Ivoire,CIV,40.5872787120579,43.9337901584799,46.3947128556196,49.4831223999723,51.9265625097734,54.4109890656109,52.166846663702,63.094766197367,64.4785040152839,..
"School enrollment, secondary, female (% gross)",SE.SEC.ENRR.FE,Croatia,HRV,105.486587524414,106.282768249512,107.253150939941,107.940246582031,108.669891357422,108.876899719238,108.496017456055,108.546096801758,..,..
"School enrollment, secondary, female (% gross)",SE.SEC.ENRR.FE,Cuba,CUB,99.2363989742163,99.8315436409602,100.943717956543,101.62084197998,102.091444168153,99.8342771913984,104.243159338676,96.3481332918381,92.6143549896492,..
"School enrollment, secondary, female (% gross)",SE.SEC.ENRR.FE,Curacao,CUW,..,..,..,..,139.717813051146,..,..,128.630460448642,94.2307662963867,..
"School enrollment, secondary, female (% gross)",SE.SEC.ENRR.FE,Cyprus,CYP,99.3960037231445,99.9665832519531,99.575309753418,101.438819885254,102.048797607422,102.309028625488,103.748672485352,105.460327148438,106.717170715332,..
"School enrollment, secondary, female (% gross)",SE.SEC.ENRR.FE,Czechia,CZE,103.56421661377,102.751281738281,102.012992858887,100.916809082031,99.9065322875977,102.618659973145,103.715873718262,98.0195083618164,..,..
"School enrollment, secondary, female (% gross)",SE.SEC.ENRR.FE,Denmark,DNK,132.793762207031,130.848114013672,129.861923217773,128.905914306641,129.851684570312,131.364761352539,129.684188842773,126.258628845215,124.96704864502,..
"School enrollment, secondary, female (% gross)",SE.SEC.ENRR.FE,Djibouti,DJI,..,..,..,..,..,..,..,..,..,..
"School enrollment, secondary, female (% gross)",SE.SEC.ENRR.FE,Dominica,DMA,..,..,..,103.694158075601,103.190559387207,101.098901098901,100.132102966309,96.3274307250977,..,..
"School enrollment, secondary, female (% gross)",SE.SEC.ENRR.FE,Dominican Republic,DOM,83.7006235554531,83.2663415112375,83.2545036540322,85.3244113670457,83.4156580342242,79.2421801882118,80.1246063749448,79.048372719494,80.5245385688015,..
"School enrollment, secondary, female (% gross)",SE.SEC.ENRR.FE,Early-demographic dividend,EAR,73.3005599975586,72.9086227416992,74.0610427856445,74.4964599609375,75.2726287841797,76.0862274169922,77.3045883178711,77.2803115844727,77.4464111328125,..
"School enrollment, secondary, female (% gross)",SE.SEC.ENRR.FE,East Asia & Pacific,EAS,87.7668609619141,87.9111175537109,88.4812393188477,90.0556335449219,90.8184967041016,91.3720321655273,92.0620269775391,92.7077789306641,92.4702835083008,..
"School enrollment, secondary, female (% gross)",SE.SEC.ENRR.FE,East Asia & Pacific (excluding high income),EAP,86.1764984130859,86.3374404907227,87.1004104614258,88.7187194824219,89.6240463256836,90.2519989013672,91.0241012573242,91.7414016723633,91.4979476928711,..
"School enrollment, secondary, female (% gross)",SE.SEC.ENRR.FE,East Asia & Pacific (IDA & IBRD countries),TEA,86.0514678955078,86.2188720703125,86.9969024658203,88.6385192871094,89.5575103759766,90.1944808959961,90.9774169921875,91.7039489746094,91.4581985473633,..
"School enrollment, secondary, female (% gross)",SE.SEC.ENRR.FE,Ecuador,ECU,99.4637598671025,97.4745655657693,96.3960714193164,95.28924793166,96.0492095947266,95.8818069146481,95.6203503719702,94.1827583420861,..,..
"School enrollment, secondary, female (% gross)",SE.SEC.ENRR.FE,"Egypt, Arab Rep.",EGY,74.7882619375541,75.3094821649971,75.9067103552346,76.911298614293,78.4118910481273,80.3491927630684,..,83.0465220652019,83.9216814420657,..
"School enrollment, secondary, female (% gross)",SE.SEC.ENRR.FE,El Salvador,SLV,69.2825794984198,66.9212075557367,67.797487363072,66.123873218959,66.5137094782116,67.7409182456172,68.410512155513,68.5344206950006,61.1295384065253,..
"School enrollment, secondary, female (% gross)",SE.SEC.ENRR.FE,Equatorial Guinea,GNQ,..,..,..,..,..,..,..,..,..,..
"School enrollment, secondary, female (% gross)",SE.SEC.ENRR.FE,Eritrea,ERI,..,42.0257682800293,43.4416885375977,..,..,..,40.2760810852051,..,..,..
"School enrollment, secondary, female (% gross)",SE.SEC.ENRR.FE,Estonia,EST,112.33544921875,114.632881164551,114.272331237793,114.590209960938,115.08674621582,115.217590332031,114.788101196289,110.660980224609,111.402633666992,..
"School enrollment, secondary, female (% gross)",SE.SEC.ENRR.FE,Eswatini,SWZ,82.1736533366008,..,..,..,..,..,..,..,..,..
"School enrollment, secondary, female (% gross)",SE.SEC.ENRR.FE,Ethiopia,ETH,..,..,..,..,..,..,..,..,..,..
"School enrollment, secondary, female (% gross)",SE.SEC.ENRR.FE,Euro area,EMU,107.162811279297,107.24112701416,107.565269470215,107.41471862793,108.211967468262,108.343849182129,108.541839599609,108.208801269531,108.208801269531,..
"School enrollment, secondary, female (% gross)",SE.SEC.ENRR.FE,Europe & Central Asia,ECS,104.06916809082,104.589317321777,104.573738098145,104.25904083252,102.877738952637,102.760871887207,102.949150085449,102.52490234375,103.048332214355,..
"School enrollment, secondary, female (% gross)",SE.SEC.ENRR.FE,Europe & Central Asia (excluding high income),ECA,98.6367492675781,99.5105667114258,99.7525177001953,99.3358764648438,97.725212097168,97.605842590332,98.3514022827148,98.6402130126953,100.145317077637,..
"School enrollment, secondary, female (% gross)",SE.SEC.ENRR.FE,Europe & Central Asia (IDA & IBRD countries),TEC,98.0270080566406,98.9324569702148,99.4584503173828,99.4928283691406,96.9749603271484,96.7162628173828,96.9985275268555,96.8232421875,97.7441177368164,..
"School enrollment, secondary, female (% gross)",SE.SEC.ENRR.FE,European Union,EUU,107.008682250977,107.164947509766,107.385391235352,107.081871032715,108.042427062988,107.97386932373,107.83553314209,107.276847839355,107.276863098145,..
"School enrollment, secondary, female (% gross)",SE.SEC.ENRR.FE,Faroe Islands,FRO,..,..,..,..,..,..,..,..,..,..
"School enrollment, secondary, female (% gross)",SE.SEC.ENRR.FE,Fiji,FJI,90.7946273675174,..,93.1892646769198,94.1516926967393,93.3745574951172,94.6174004192872,96.1407038662342,99.1709898140329,99.1615984606398,..
"School enrollment, secondary, female (% gross)",SE.SEC.ENRR.FE,Finland,FIN,159.691635131836,161.339553833008,161.847595214844,151.423095703125,149.881484985352,150.98811340332,153.241073608398,151.367446899414,150.736312866211,..
"School enrollment, secondary, female (% gross)",SE.SEC.ENRR.FE,France,FRA,103.741958618164,104.159187316895,104.071128845215,104.170417785645,104.657997131348,104.648162841797,104.633659362793,104.395561218262,104.367149353027,..
"School enrollment, secondary, female (% gross)",SE.SEC.ENRR.FE,French Polynesia,PYF,..,..,..,..,..,..,..,..,..,..
"School enrollment, secondary, female (% gross)",SE.SEC.ENRR.FE,Gabon,GAB,..,..,..,72.0510629415333,..,..,..,..,..,..
"School enrollment, secondary, female (% gross)",SE.SEC.ENRR.FE,"Gambia, The",GMB,..,..,..,..,..,116.372766553778,..,..,..,..
"School enrollment, secondary, female (% gross)",SE.SEC.ENRR.FE,Georgia,GEO,105.340707282856,106.843781110901,109.227803680577,109.182046396768,105.57885771221,103.428793170353,100.530264984786,99.8475609756098,97.8280378119792,..
"School enrollment, secondary, female (% gross)",SE.SEC.ENRR.FE,Germany,DEU,98.584228515625,98.1771011352539,97.601936340332,97.6850433349609,97.8931121826172,98.0514907836914,97.7000427246094,97.6778869628906,97.7090530395508,..
"School enrollment, secondary, female (% gross)",SE.SEC.ENRR.FE,Ghana,GHA,65.3783920673892,64.9647509332356,66.9166894213064,70.2943846951293,73.2758030599046,75.6377570946198,77.9574778013858,..,76.4284133911133,..
"School enrollment, secondary, female (% gross)",SE.SEC.ENRR.FE,Gibraltar,GIB,131.354838709677,130.694275274056,..,98.7607192993164,98.175178527832,97.8042068481445,70.1354675292969,75.0780762023735,80.2615203857422,..
"School enrollment, secondary, female (% gross)",SE.SEC.ENRR.FE,Greece,GRC,100.793319702148,101.863510131836,102.07266998291,104.780532836914,102.624420166016,103.454742431641,105.123413085938,104.025230407715,..,..
"School enrollment, secondary, female (% gross)",SE.SEC.ENRR.FE,Greenland,GRL,..,..,..,..,..,..,..,..,..,..
"School enrollment, secondary, female (% gross)",SE.SEC.ENRR.FE,Grenada,GRD,107.677725118483,106.911551474142,111.967495690717,..,105.387205387205,102.901307966706,..,..,101.705209063303,..
"School enrollment, secondary, female (% gross)",SE.SEC.ENRR.FE,Guam,GUM,..,..,..,..,..,..,..,..,..,..
"School enrollment, secondary, female (% gross)",SE.SEC.ENRR.FE,Guatemala,GTM,52.5401757423553,52.2652133739495,52.3446298715485,51.0635988036794,50.8073127066553,48.1472917509683,46.8427646987635,48.2479657338074,50.4821609334209,..
"School enrollment, secondary, female (% gross)",SE.SEC.ENRR.FE,Guinea,GIN,..,..,..,..,..,..,..,..,..,..
"School enrollment, secondary, female (% gross)",SE.SEC.ENRR.FE,Guinea-Bissau,GNB,..,..,..,..,..,..,..,..,..,..
"School enrollment, secondary, female (% gross)",SE.SEC.ENRR.FE,Guyana,GUY,..,..,..,..,90.3541412353516,89.7333602905273,..,84.2535171508789,91.9957253539941,..
"School enrollment, secondary, female (% gross)",SE.SEC.ENRR.FE,Haiti,HTI,..,..,..,..,..,..,..,..,..,..
"School enrollment, secondary, female (% gross)",SE.SEC.ENRR.FE,Heavily indebted poor countries (HIPC),HPC,36.8096504211426,37.3247604370117,37.9172706604004,38.4506301879883,38.8707695007324,39.1958198547363,39.2724304199219,39.5125999450684,..,..
"School enrollment, secondary, female (% gross)",SE.SEC.ENRR.FE,High income,HIC,104.505218505859,104.842407226562,104.676200866699,104.791778564453,103.970611572266,104.476928710938,104.096839904785,103.020812988281,103.079360961914,..
"School enrollment, secondary, female (% gross)",SE.SEC.ENRR.FE,Honduras,HND,55.2523310583486,54.7623596191406,..,68.4164123535156,62.3465596528451,60.2124453124399,59.2098503112793,59.4406700134277,56.205606327767,..
"School enrollment, secondary, female (% gross)",SE.SEC.ENRR.FE,"Hong Kong SAR, China",HKG,105.614832535885,104.087170042971,105.382222222222,102.312146003776,97.6744464392579,97.5304295942721,103.838896020539,..,105.643880208333,..
"School enrollment, secondary, female (% gross)",SE.SEC.ENRR.FE,Hungary,HUN,103.420066833496,104.089332580566,103.239440917969,102.106719970703,101.485832214355,99.3371276855469,102.312553405762,104.916549682617,106.523567199707,..
"School enrollment, secondary, female (% gross)",SE.SEC.ENRR.FE,IBRD only,IBD,..,..,..,..,..,..,..,..,..,..
"School enrollment, secondary, female (% gross)",SE.SEC.ENRR.FE,Iceland,ISL,116.968399047852,114.679817199707,113.783317565918,110.045211791992,108.87816619873,112.999610900879,110.178550720215,106.320831298828,..,..
"School enrollment, secondary, female (% gross)",SE.SEC.ENRR.FE,IDA & IBRD total,IBT,70.935188293457,70.6176300048828,71.4286880493164,71.9366607666016,72.4409027099609,73.100212097168,73.7423477172852,73.7175903320312,73.9897689819336,..
"School enrollment, secondary, female (% gross)",SE.SEC.ENRR.FE,IDA blend,IDB,..,..,..,..,..,..,..,..,..,..
"School enrollment, secondary, female (% gross)",SE.SEC.ENRR.FE,IDA only,IDX,..,..,..,..,..,..,..,..,..,..
"School enrollment, secondary, female (% gross)",SE.SEC.ENRR.FE,IDA total,IDA,..,..,..,..,..,..,..,..,..,..
"School enrollment, secondary, female (% gross)",SE.SEC.ENRR.FE,India,IND,75.823371887207,74.2236328125,75.5565032958984,75.6416931152344,76.5541213427966,78.4542146302356,80.4518698611689,78.7503140925354,78.7182686071249,81.0166742736519
"School enrollment, secondary, female (% gross)",SE.SEC.ENRR.FE,Indonesia,IDN,89.0999579586062,91.8476348896733,93.7541308046929,95.9420767172654,97.2526258977195,98.3041172391285,98.185474262024,97.4046705284819,98.6691707526139,95.4767374950021
"School enrollment, secondary, female (% gross)",SE.SEC.ENRR.FE,"Iran, Islamic Rep.",IRN,82.1195220947266,81.7238006591797,..,..,84.9604034423828,..,85.9843673706055,86.1972427368164,..,..
"School enrollment, secondary, female (% gross)",SE.SEC.ENRR.FE,Iraq,IRQ,..,..,..,..,..,..,..,..,..,..
"School enrollment, secondary, female (% gross)",SE.SEC.ENRR.FE,Ireland,IRL,118.613380432129,123.970291137695,164.419372558594,143.507354736328,140.086166381836,138.651184082031,136.129119873047,..,..,..
"School enrollment, secondary, female (% gross)",SE.SEC.ENRR.FE,Isle of Man,IMN,..,..,..,..,..,..,..,..,..,..
"School enrollment, secondary, female (% gross)",SE.SEC.ENRR.FE,Israel,ISR,99.7816162109375,98.5735092163086,98.8978576660156,98.4972991943359,98.5995178222656,99.3400192260742,98.9096984863281,99.5341491699219,98.6831588745117,..
"School enrollment, secondary, female (% gross)",SE.SEC.ENRR.FE,Italy,ITA,100.321586608887,100.285293579102,100.701438903809,100.929710388184,101.073577880859,101.245712280273,100.924369812012,100.401916503906,..,..
"School enrollment, secondary, female (% gross)",SE.SEC.ENRR.FE,Jamaica,JAM,89.5799290253363,86.0544417661238,84.739986572276,86.3051320241406,83.5566101074219,86.6220377560584,82.8671722412109,85.6044566148171,84.6436233520508,..
"School enrollment, secondary, female (% gross)",SE.SEC.ENRR.FE,Japan,JPN,101.40486907959,100.593452453613,100.685279846191,100.780563354492,101.33186340332,101.723770141602,101.571006774902,101.637001037598,..,..
"School enrollment, secondary, female (% gross)",SE.SEC.ENRR.FE,Jordan,JOR,..,91.5137035572558,92.4891451216421,92.5425629523907,93.0858429614664,92.8440273185155,93.4988532874014,93.1909358247647,92.9268253048268,..
"School enrollment, secondary, female (% gross)",SE.SEC.ENRR.FE,Kazakhstan,KAZ,98.0107832338107,96.6959328368217,96.2488486443621,96.758870906544,91.6816314447458,93.9223187700412,93.6981837228001,94.8671029040021,96.7445196567945,97.068308300432
"School enrollment, secondary, female (% gross)",SE.SEC.ENRR.FE,Kenya,KEN,73.1205739030308,..,..,..,..,79.6603133999262,83.4337197590316,84.7505339840655,..,..
"School enrollment, secondary, female (% gross)",SE.SEC.ENRR.FE,Kiribati,KIR,..,..,..,..,..,93.4636603502039,95.0484764542936,100.551571980143,94.4197769165039,..
"School enrollment, secondary, female (% gross)",SE.SEC.ENRR.FE,"Korea, Dem. People's Rep.",PRK,..,..,..,..,..,..,..,..,..,..
"School enrollment, secondary, female (% gross)",SE.SEC.ENRR.FE,"Korea, Rep.",KOR,98.453483581543,98.7714462280273,98.8866806030273,97.9251403808594,96.619010925293,97.7645034790039,97.5669174194336,95.9690704345703,95.8913192749023,..
"School enrollment, secondary, female (% gross)",SE.SEC.ENRR.FE,Kosovo,XKX,..,..,..,..,..,..,..,..,..,..
"School enrollment, secondary, female (% gross)",SE.SEC.ENRR.FE,Kuwait,KWT,..,..,..,..,..,..,..,..,..,..
"School enrollment, secondary, female (% gross)",SE.SEC.ENRR.FE,Kyrgyz Republic,KGZ,90.2972623073403,89.7482653344435,91.0594350779724,91.5009835275856,92.1680769300161,93.1961318508701,..,92.1027509613575,92.5232415743903,93.2779633362326
"School enrollment, secondary, female (% gross)",SE.SEC.ENRR.FE,Lao PDR,LAO,62.2666985609989,63.5469120681911,63.8298251272908,62.7755100424821,60.6465219892194,58.3834691492585,55.9171927545616,53.2568302183413,50.9977217073246,50.0541759937577
"School enrollment, secondary, female (% gross)",SE.SEC.ENRR.FE,Late-demographic dividend,LTE,91.4169616699219,91.2339096069336,92.1066589355469,93.1583633422852,93.2326507568359,94.1037292480469,94.3606567382812,94.5393371582031,94.8991470336914,..
"School enrollment, secondary, female (% gross)",SE.SEC.ENRR.FE,Latin America & Caribbean,LCN,98.4324188232422,98.6545333862305,99.8022918701172,100.104858398438,99.7190017700195,100.688407897949,100.203941345215,100.538856506348,100.904640197754,..
"School enrollment, secondary, female (% gross)",SE.SEC.ENRR.FE,Latin America & Caribbean (excluding high income),LAC,98.8219528198242,99.1099166870117,100.221862792969,100.379447937012,99.8733215332031,100.721496582031,100.081932067871,100.380447387695,100.766868591309,..
"School enrollment, secondary, female (% gross)",SE.SEC.ENRR.FE,Latin America & the Caribbean (IDA & IBRD countries),TLA,98.4624328613281,98.6692733764648,99.8246307373047,100.109489440918,99.6935195922852,100.692810058594,100.131057739258,100.539413452148,100.964630126953,..
"School enrollment, secondary, female (% gross)",SE.SEC.ENRR.FE,Latvia,LVA,110.434066772461,110.162521362305,108.584571838379,107.570869445801,106.199699401855,106.540283203125,105.172348022461,102.485107421875,102.101348876953,..
"School enrollment, secondary, female (% gross)",SE.SEC.ENRR.FE,Least developed countries: UN classification,LDC,42.847599029541,43.5300102233887,44.5144805908203,44.7978897094727,45.5225601196289,45.6659317016602,45.675838470459,45.4348487854004,45.5513191223145,..
"School enrollment, secondary, female (% gross)",SE.SEC.ENRR.FE,Lebanon,LBN,62.351438954916,66.1201281851679,68.2192125483757,69.5287831759035,70.2938677645431,71.177412177286,68.0329956698082,66.7372772721446,67.5449829101562,..
"School enrollment, secondary, female (% gross)",SE.SEC.ENRR.FE,Lesotho,LSO,65.0972290039062,68.1387518596821,..,..,..,..,..,..,..,..
"School enrollment, secondary, female (% gross)",SE.SEC.ENRR.FE,Liberia,LBR,..,..,..,..,37.0220985412598,..,..,..,..,..
"School enrollment, secondary, female (% gross)",SE.SEC.ENRR.FE,Libya,LBY,..,..,..,..,..,..,..,..,..,..
"School enrollment, secondary, female (% gross)",SE.SEC.ENRR.FE,Liechtenstein,LIE,101.906776428223,105.065116882324,101.641143798828,110.007469177246,110.204078674316,109.090911865234,..,..,..,..
"School enrollment, secondary, female (% gross)",SE.SEC.ENRR.FE,Lithuania,LTU,104.289833068848,105.108963012695,105.096572875977,105.323661804199,105.823112487793,104.426818847656,105.173408508301,104.355499267578,103.863700866699,..
"School enrollment, secondary, female (% gross)",SE.SEC.ENRR.FE,Low & middle income,LMY,70.7101593017578,70.3994216918945,71.2089767456055,71.7132110595703,72.1600036621094,72.8236770629883,73.4827575683594,73.4478607177734,73.6635131835938,..
"School enrollment, secondary, female (% gross)",SE.SEC.ENRR.FE,Low income,LIC,34.5961303710938,35.3164710998535,35.7923583984375,36.247371673584,36.8219184875488,37.4900817871094,37.7314682006836,..,..,..
"School enrollment, secondary, female (% gross)",SE.SEC.ENRR.FE,Lower middle income,LMC,64.3369522094727,63.751091003418,64.9927520751953,65.5440673828125,66.4716873168945,67.2521286010742,68.3247604370117,68.203498840332,68.2359008789062,..
"School enrollment, secondary, female (% gross)",SE.SEC.ENRR.FE,Luxembourg,LUX,107.912910461426,108.230567932129,108.786758422852,107.631690979004,107.652420043945,107.486389160156,109.018447875977,108.685668945312,109.880676269531,..
"School enrollment, secondary, female (% gross)",SE.SEC.ENRR.FE,"Macao SAR, China",MAC,101.977941176471,98.5185185185185,93.8029197080292,91.8175182481752,89.9859154929577,88.92,89.5705128205128,91.7987421383648,94.5308641975309,..
"School enrollment, secondary, female (% gross)",SE.SEC.ENRR.FE,Madagascar,MDG,36.2822418212891,35.2360569008275,35.3710327591243,33.6142692093689,..,35.2580222250234,..,..,..,..
"School enrollment, secondary, female (% gross)",SE.SEC.ENRR.FE,Malawi,MWI,35.6916809082031,39.0289251751713,38.1734496554461,31.9471376555901,43.9545178667563,36.1013396035833,35.8626281732909,37.2564052253575,..,..
"School enrollment, secondary, female (% gross)",SE.SEC.ENRR.FE,Malaysia,MYS,84.7308502197266,83.2714004516602,79.4510116577148,79.9411773681641,77.4047622680664,78.5013407999187,82.2986504789168,82.6422941806466,81.5357622372136,..
"School enrollment, secondary, female (% gross)",SE.SEC.ENRR.FE,Maldives,MDV,78.7856349500185,79.1508430806623,76.8313327177593,75.7793948678667,77.4476047904192,..,79.1463748290014,84.9893523087311,..,..
"School enrollment, secondary, female (% gross)",SE.SEC.ENRR.FE,Mali,MLI,34.1917935715776,34.447973185326,34.2633935963908,..,..,..,..,37.1307560416794,..,..
"School enrollment, secondary, female (% gross)",SE.SEC.ENRR.FE,Malta,MLT,96.0018768310547,101.760231018066,102.913093566895,103.863830566406,102.992401123047,102.578468322754,102.699798583984,103.851119995117,..,..
"School enrollment, secondary, female (% gross)",SE.SEC.ENRR.FE,Marshall Islands,MHL,89.3410852713178,..,..,97.886393659181,99.9664654594232,101.538987688099,97.5043334960938,96.0382030420941,91.2586144359811,..
"School enrollment, secondary, female (% gross)",SE.SEC.ENRR.FE,Mauritania,MRT,30.5243563459821,30.7430804973383,34.754930908232,37.5735638620028,36.1789325617578,..,..,..,..,..
"School enrollment, secondary, female (% gross)",SE.SEC.ENRR.FE,Mauritius,MUS,96.6578558308319,95.6264935299157,93.8197294421645,94.0894965817278,91.3439926033381,..,..,..,93.3869460880397,..
"School enrollment, secondary, female (% gross)",SE.SEC.ENRR.FE,Mexico,MEX,106.824447631836,109.083389282227,110.51097869873,110.386650085449,107.480339050293,103.972526550293,104.8212890625,108.700912475586,109.978668212891,..
"School enrollment, secondary, female (% gross)",SE.SEC.ENRR.FE,"Micronesia, Fed. Sts.",FSM,..,..,..,..,..,..,..,..,..,..
"School enrollment, secondary, female (% gross)",SE.SEC.ENRR.FE,"Middle East, North Africa, Afghanistan & Pakistan",MEA,54.9065208435059,55.0110015869141,56.3839988708496,57.3141708374023,57.9312705993652,58.5643081665039,59.6928901672363,61.6829414367676,63.667781829834,..
"School enrollment, secondary, female (% gross)",SE.SEC.ENRR.FE,"Middle East, North Africa, Afghanistan & Pakistan (excluding high income)",MNA,..,..,..,..,..,..,..,..,..,..
"School enrollment, secondary, female (% gross)",SE.SEC.ENRR.FE,"Middle East, North Africa, Afghanistan & Pakistan (IDA & IBRD)",TMN,..,..,..,..,..,..,..,..,..,..
"School enrollment, secondary, female (% gross)",SE.SEC.ENRR.FE,Middle income,MIC,75.8613662719727,75.5017318725586,76.4620666503906,77.0973892211914,77.6914901733398,78.4491119384766,79.257942199707,79.3529586791992,79.569450378418,..
"School enrollment, secondary, female (% gross)",SE.SEC.ENRR.FE,Moldova,MDA,106.359346502359,94.1081275473507,95.4169685647691,95.0363793316069,95.901275750102,96.2182041066503,97.3920322268435,96.9969097488181,99.3201300620751,..
"School enrollment, secondary, female (% gross)",SE.SEC.ENRR.FE,Monaco,MCO,151.901138305664,..,..,..,..,..,..,..,159.421646118164,..
"School enrollment, secondary, female (% gross)",SE.SEC.ENRR.FE,Mongolia,MNG,..,..,93.3913463704946,91.1179790787994,99.0120395114876,101.767368447062,96.3042193568297,99.3672996596348,..,..
"School enrollment, secondary, female (% gross)",SE.SEC.ENRR.FE,Montenegro,MNE,90.6202926635742,90.5475234985352,91.4177093505859,92.1967697143555,92.7898330688477,93.8239974975586,93.450813293457,95.1452331542969,..,..
"School enrollment, secondary, female (% gross)",SE.SEC.ENRR.FE,Morocco,MAR,..,74.2546979867675,75.2608385790025,76.5740050948519,78.1902667388164,79.2970919837523,83.2706329144956,87.2227171713839,91.2537211746273,..
"School enrollment, secondary, female (% gross)",SE.SEC.ENRR.FE,Mozambique,MOZ,..,35.2994499206543,..,..,..,..,..,..,..,..
"School enrollment, secondary, female (% gross)",SE.SEC.ENRR.FE,Myanmar,MMR,72.2770767211914,77.0976104736328,81.8814926147461,..,..,..,..,..,..,..
"School enrollment, secondary, female (% gross)",SE.SEC.ENRR.FE,Namibia,NAM,82.4628831856333,82.9187287944073,82.4447917914626,83.3997206880115,87.2617411950085,87.1498788500333,86.1980083129179,86.2067962132394,86.3728889011327,..
"School enrollment, secondary, female (% gross)",SE.SEC.ENRR.FE,Nauru,NRU,79.6178283691406,..,..,91.0581207275391,86.9172897338867,..,100.421348571777,93.0666732788086,92.8211595890451,97.4850324452717
"School enrollment, secondary, female (% gross)",SE.SEC.ENRR.FE,Nepal,NPL,73.9553375244141,77.7481231689453,..,84.223991394043,87.491828918457,85.6409873713909,84.9171356280891,90.7214299008772,90.8899312933145,..
"School enrollment, secondary, female (% gross)",SE.SEC.ENRR.FE,Netherlands,NLD,113.61457824707,115.796371459961,114.827590942383,115.097122192383,136.940444946289,136.865417480469,140.989440917969,140.839157104492,..,..
"School enrollment, secondary, female (% gross)",SE.SEC.ENRR.FE,New Caledonia,NCL,..,..,..,..,..,..,..,..,..,..
"School enrollment, secondary, female (% gross)",SE.SEC.ENRR.FE,New Zealand,NZL,117.256340026855,116.713752746582,116.203987121582,123.941261291504,120.29231262207,120.655471801758,117.863876342773,117.271408081055,118.336837768555,..
"School enrollment, secondary, female (% gross)",SE.SEC.ENRR.FE,Nicaragua,NIC,..,..,..,..,..,..,..,70.6665573120117,..,..
"School enrollment, secondary, female (% gross)",SE.SEC.ENRR.FE,Niger,NER,19.4438558469203,20.3042793946679,..,..,..,..,..,20.6873224974982,19.5379934744263,..
"School enrollment, secondary, female (% gross)",SE.SEC.ENRR.FE,Nigeria,NGA,37.2762603759766,..,39.4427909851074,..,43.9140815734863,45.1787605285645,..,47.4061508178711,..,..
"School enrollment, secondary, female (% gross)",SE.SEC.ENRR.FE,North America,NAC,99.6349105834961,99.8584365844727,99.9377136230469,100.248710632324,100.397407531738,102.064552307129,99.5094299316406,97.2571105957031,97.55322265625,..
"School enrollment, secondary, female (% gross)",SE.SEC.ENRR.FE,North Macedonia,MKD,..,83.6312866210938,82.5274887084961,81.7043609619141,81.9225616455078,84.2663116455078,91.6712875366211,90.173713684082,..,..
"School enrollment, secondary, female (% gross)",SE.SEC.ENRR.FE,Northern Mariana Islands,MNP,..,..,..,..,..,..,..,..,..,..
"School enrollment, secondary, female (% gross)",SE.SEC.ENRR.FE,Norway,NOR,114.915069580078,115.061729431152,115.596313476562,116.849769592285,117.254188537598,117.828887939453,117.932258605957,116.642189025879,115.499160766602,..
"School enrollment, secondary, female (% gross)",SE.SEC.ENRR.FE,Not classified,INX,..,..,..,..,..,..,..,..,..,..
"School enrollment, secondary, female (% gross)",SE.SEC.ENRR.FE,OECD members,OED,106.198120117188,106.952301025391,106.945007324219,106.935211181641,106.777572631836,107.016960144043,106.403388977051,106.005500793457,106.082550048828,..
"School enrollment, secondary, female (% gross)",SE.SEC.ENRR.FE,Oman,OMN,100.638573236813,101.150822367266,103.041481138997,101.22554053215,93.5329595650697,93.2710477870208,91.191469277966,..,94.5394515991211,..
"School enrollment, secondary, female (% gross)",SE.SEC.ENRR.FE,Other small states,OSS,71.1938934326172,72.4134902954102,73.3735961914062,74.3477325439453,74.9267196655273,75.5489273071289,75.7426071166992,..,..,..
"School enrollment, secondary, female (% gross)",SE.SEC.ENRR.FE,Pacific island small states,PSS,74.3553085327148,74.5658721923828,74.8235778808594,75.1147079467773,75.3268508911133,76.0806198120117,80.4202423095703,85.149528503418,84.8050689697266,..
"School enrollment, secondary, female (% gross)",SE.SEC.ENRR.FE,Pakistan,PAK,31.73991038953,31.2563221783058,33.7539426003326,35.5736865644319,..,36.7848892672203,37.4490104990348,39.5879695501278,46.4835415439493,..
"School enrollment, secondary, female (% gross)",SE.SEC.ENRR.FE,Palau,PLW,..,..,..,..,160.326889038086,105.06512301013,88.5593220338983,97.6190476190476,94.839609483961,..
"School enrollment, secondary, female (% gross)",SE.SEC.ENRR.FE,Panama,PAN,84.1366882324219,79.0785217285156,..,..,..,..,..,..,..,..
"School enrollment, secondary, female (% gross)",SE.SEC.ENRR.FE,Papua New Guinea,PNG,..,..,40.4233467116333,41.5678577082811,40.4603408609418,48.9409565731442,..,48.1780291095574,..,..
"School enrollment, secondary, female (% gross)",SE.SEC.ENRR.FE,Paraguay,PRY,84.2714777594267,..,..,..,88.6356499895332,91.6603622436523,87.3263168334961,81.5245895544797,80.8023312507795,..
"School enrollment, secondary, female (% gross)",SE.SEC.ENRR.FE,Peru,PER,100.164909362793,99.50537109375,98.6696395874023,98.8904113769531,100.080932617188,102.32568359375,103.652191162109,113.164916992188,108.98267364502,..
"School enrollment, secondary, female (% gross)",SE.SEC.ENRR.FE,Philippines,PHL,86.0883666592253,84.2528228759766,82.4822175600847,87.6308727761127,89.6099009594054,87.9361520075232,93.8565182415521,92.2052107888903,86.1154588164975,..
"School enrollment, secondary, female (% gross)",SE.SEC.ENRR.FE,Poland,POL,107.49730682373,108.001609802246,109.459831237793,108.760276794434,112.317840576172,109.834098815918,107.567939758301,107.910926818848,107.191352844238,..
"School enrollment, secondary, female (% gross)",SE.SEC.ENRR.FE,Portugal,PRT,115.198280334473,117.064079284668,118.86946105957,120.158042907715,118.972717285156,119.506401062012,121.729446411133,121.013473510742,..,..
"School enrollment, secondary, female (% gross)",SE.SEC.ENRR.FE,Post-demographic dividend,PST,105.410469055176,105.532516479492,104.895156860352,104.926292419434,104.928176879883,105.48853302002,104.618598937988,103.374778747559,103.405113220215,..
"School enrollment, secondary, female (% gross)",SE.SEC.ENRR.FE,Pre-demographic dividend,PRE,36.6112899780273,37.5345191955566,38.3734588623047,39.3805389404297,40.4143104553223,41.0802612304688,41.452709197998,41.9789581298828,42.2162017822266,..
"School enrollment, secondary, female (% gross)",SE.SEC.ENRR.FE,Puerto Rico (US),PRI,87.7187728881836,..,90.4226531982422,..,..,..,..,112.479949951172,82.970628221555,..
"School enrollment, secondary, female (% gross)",SE.SEC.ENRR.FE,Qatar,QAT,101.471275105091,102.250071204785,101.167953667954,106.114051818848,104.936542983826,94.4009874257502,103.828099708644,100.555801391602,99.5586624145508,..
"School enrollment, secondary, female (% gross)",SE.SEC.ENRR.FE,Romania,ROU,88.5227890014648,88.4959869384766,86.5674591064453,86.5128479003906,86.8440933227539,86.4143218994141,83.2872314453125,81.8756637573242,..,..
"School enrollment, secondary, female (% gross)",SE.SEC.ENRR.FE,Russian Federation,RUS,95.5642562629198,96.9046880348653,98.3779350439121,99.6904540870663,91.1345354950116,91.4263276032683,91.9435067815037,91.6148817164136,..,..
"School enrollment, secondary, female (% gross)",SE.SEC.ENRR.FE,Rwanda,RWA,39.8630035289782,41.5758285639592,43.2482338226061,46.5223774240521,..,47.0146410981496,47.5004278023246,48.7785157251447,53.3234802182678,..
"School enrollment, secondary, female (% gross)",SE.SEC.ENRR.FE,Samoa,WSM,91.1509944232257,..,..,..,..,..,..,..,..,..
"School enrollment, secondary, female (% gross)",SE.SEC.ENRR.FE,San Marino,SMR,..,..,57.6923076923077,59.4113090627421,59.9095704596835,59.5874713521772,59.4007490636704,59.8075499629904,59.5952023988006,..
"School enrollment, secondary, female (% gross)",SE.SEC.ENRR.FE,Sao Tome and Principe,STP,87.7800827026367,95.1290435791016,..,..,..,..,..,..,..,..
"School enrollment, secondary, female (% gross)",SE.SEC.ENRR.FE,Saudi Arabia,SAU,106.195082803448,107.213197631228,106.805095615016,104.201619656228,103.703644184464,102.31567264971,120.79801594321,..,110.795878250097,..
"School enrollment, secondary, female (% gross)",SE.SEC.ENRR.FE,Senegal,SEN,..,..,..,47.6122826558931,48.7408134468399,50.1069716907194,51.0293572947889,50.2150531512901,..,..
"School enrollment, secondary, female (% gross)",SE.SEC.ENRR.FE,Serbia,SRB,97.4025421142578,95.9280700683594,95.5111312866211,94.8361511230469,93.3936004638672,93.580436706543,95.2010726928711,..,88.5398788452148,..
"School enrollment, secondary, female (% gross)",SE.SEC.ENRR.FE,Seychelles,SYC,101.458499071864,113.519952352591,106.99716713881,100.954458685574,102.862543883338,104.619930163846,78.1369548584545,75.8835758835759,73.0632629394531,..
"School enrollment, secondary, female (% gross)",SE.SEC.ENRR.FE,Sierra Leone,SLE,40.7735595703125,41.1011695861816,42.5191192626953,60.979808807373,62.9357109069824,74.4143295288086,..,91.7119293212891,..,..
"School enrollment, secondary, female (% gross)",SE.SEC.ENRR.FE,Singapore,SGP,107.364959262144,106.88839463636,105.214493204689,104.181057515607,102.619251241336,102.820483763331,102.73547410258,102.676070813741,..,..
"School enrollment, secondary, female (% gross)",SE.SEC.ENRR.FE,Sint Maarten (Dutch part),SXM,..,..,..,..,..,..,..,..,..,..
"School enrollment, secondary, female (% gross)",SE.SEC.ENRR.FE,Slovak Republic,SVK,92.0748672485352,91.9410705566406,92.4617462158203,92.1884994506836,91.6913375854492,91.8019866943359,92.8732299804688,93.5071716308594,93.8056869506836,..
"School enrollment, secondary, female (% gross)",SE.SEC.ENRR.FE,Slovenia,SVN,116.400497436523,115.774978637695,114.688491821289,112.492553710938,111.227478027344,108.541328430176,108.789093017578,108.57103729248,..,..
"School enrollment, secondary, female (% gross)",SE.SEC.ENRR.FE,Small states,SST,74.6144866943359,75.3346328735352,75.903190612793,76.7563323974609,76.861701965332,77.3530426025391,77.6589813232422,78.010009765625,79.3243103027344,..
"School enrollment, secondary, female (% gross)",SE.SEC.ENRR.FE,Solomon Islands,SLB,..,..,..,..,..,..,..,..,..,..
"School enrollment, secondary, female (% gross)",SE.SEC.ENRR.FE,"Somalia, Fed. Rep.",SOM,..,..,..,..,..,..,..,2.75847005844116,..,..
"School enrollment, secondary, female (% gross)",SE.SEC.ENRR.FE,South Africa,ZAF,109.660301208496,110.607490539551,105.538677930271,107.597072310067,108.468464029139,111.094585540701,108.68396751263,107.464974022043,..,..
"School enrollment, secondary, female (% gross)",SE.SEC.ENRR.FE,South Asia,SAS,74.9855804443359,73.732780456543,75.2186279296875,75.2787170410156,76.702880859375,78.1247634887695,79.9995727539062,78.5853118896484,78.1734237670898,..
"School enrollment, secondary, female (% gross)",SE.SEC.ENRR.FE,South Asia (IDA & IBRD),TSA,74.9855804443359,73.732780456543,75.2186279296875,75.2787170410156,76.702880859375,78.1247634887695,79.9995727539062,78.5853118896484,78.1734237670898,..
"School enrollment, secondary, female (% gross)",SE.SEC.ENRR.FE,South Sudan,SSD,..,..,..,..,..,..,..,..,110.429168701172,..
"School enrollment, secondary, female (% gross)",SE.SEC.ENRR.FE,Spain,ESP,124.175399780273,122.132362365723,121.294639587402,121.037368774414,119.971183776855,122.149238586426,122.008041381836,120.571983337402,120.838081359863,..
"School enrollment, secondary, female (% gross)",SE.SEC.ENRR.FE,Sri Lanka,LKA,96.5253510453528,97.5062635264586,99.2050919963165,..,..,91.9800637956542,90.6491955714904,90.4491165297148,..,..
"School enrollment, secondary, female (% gross)",SE.SEC.ENRR.FE,St. Kitts and Nevis,KNA,118.171806335449,120.649651972158,117.739025856885,112.30303030303,108.363636363636,118.408256530762,115.003099814011,130.727762803234,..,..
"School enrollment, secondary, female (% gross)",SE.SEC.ENRR.FE,St. Lucia,LCA,91.5551681518555,90.8347015380859,90.4871978759766,88.6840362548828,89.3361511230469,..,91.6141891479492,90.5332412719727,91.621762558665,..
"School enrollment, secondary, female (% gross)",SE.SEC.ENRR.FE,St. Martin (French part),MAF,..,..,..,..,..,..,..,..,..,..
"School enrollment, secondary, female (% gross)",SE.SEC.ENRR.FE,St. Vincent and the Grenadines,VCT,..,..,..,129.843918191604,129.2984869326,130.800877674164,130.509846236849,126.988335100742,125.951193912359,..
"School enrollment, secondary, female (% gross)",SE.SEC.ENRR.FE,Sub-Saharan Africa,SSF,39.7697906494141,40.371768951416,40.8560485839844,41.8325309753418,42.7530403137207,43.4628715515137,43.7793312072754,44.2121391296387,44.4877815246582,..
"School enrollment, secondary, female (% gross)",SE.SEC.ENRR.FE,Sub-Saharan Africa (excluding high income),SSA,39.7671089172363,40.3692207336426,40.8536911010742,41.8304290771484,42.7509613037109,43.4608612060547,43.7772483825684,44.2103118896484,44.4859504699707,..
"School enrollment, secondary, female (% gross)",SE.SEC.ENRR.FE,Sub-Saharan Africa (IDA & IBRD countries),TSS,39.7697906494141,40.371768951416,40.8560485839844,41.8325309753418,42.7530403137207,43.4628715515137,43.7793312072754,44.2121391296387,44.4877815246582,..
"School enrollment, secondary, female (% gross)",SE.SEC.ENRR.FE,Sudan,SDN,40.467399597168,43.3027687072754,42.4490699768066,44.8803787231445,..,..,..,..,..,..
"School enrollment, secondary, female (% gross)",SE.SEC.ENRR.FE,Suriname,SUR,84.818447575667,..,..,82.830275343503,..,70.7176818847656,78.089997077636,..,..,..
"School enrollment, secondary, female (% gross)",SE.SEC.ENRR.FE,Sweden,SWE,145.599060058594,148.528549194336,147.598724365234,142.982864379883,143.369766235352,146.834045410156,148.988021850586,143.316436767578,141.029846191406,..
"School enrollment, secondary, female (% gross)",SE.SEC.ENRR.FE,Switzerland,CHE,102.22403717041,102.139213562012,102.257682800293,101.935157775879,102.080001831055,101.687019348145,101.519386291504,101.31884765625,100.214630126953,..
"School enrollment, secondary, female (% gross)",SE.SEC.ENRR.FE,Syrian Arab Republic,SYR,..,..,..,..,40.9866714477539,41.2969818115234,42.0501708984375,42.0292587280273,41.8100318908691,..
"School enrollment, secondary, female (% gross)",SE.SEC.ENRR.FE,Tajikistan,TJK,..,..,..,..,84.0353803669802,84.6863463051504,85.1438254472206,83.7874636593437,82.8936127916098,..
"School enrollment, secondary, female (% gross)",SE.SEC.ENRR.FE,Tanzania,TZA,25.6934364827346,26.6423516825531,29.1602013185307,31.1972029418227,32.1652787700855,29.2047595977783,..,..,..,..
"School enrollment, secondary, female (% gross)",SE.SEC.ENRR.FE,Thailand,THA,122.222442626953,86.0704322494438,87.3145736498592,85.5828342157346,86.5028787913307,88.4176900305973,94.929673800743,96.6361035696829,94.0628144371624,95.1639658088824
"School enrollment, secondary, female (% gross)",SE.SEC.ENRR.FE,Timor-Leste,TLS,80.4793824903514,84.7672794199171,87.2436736474694,89.6775720031834,89.3942621030436,..,..,..,..,..
"School enrollment, secondary, female (% gross)",SE.SEC.ENRR.FE,Togo,TGO,..,51.5055745468098,..,..,..,56.962123807999,..,59.0849653049812,..,..
"School enrollment, secondary, female (% gross)",SE.SEC.ENRR.FE,Tonga,TON,..,..,..,101.290988897495,96.1400359066427,106.296201886311,101.076767164935,97.895246159429,96.0905349794239,..
"School enrollment, secondary, female (% gross)",SE.SEC.ENRR.FE,Trinidad and Tobago,TTO,..,..,..,..,..,..,..,95.1876678466797,98.4770166223362,..
"School enrollment, secondary, female (% gross)",SE.SEC.ENRR.FE,Tunisia,TUN,95.4877166748047,..,..,..,..,..,..,..,..,..
"School enrollment, secondary, female (% gross)",SE.SEC.ENRR.FE,Turkiye,TUR,108.04418182373,110.961929321289,111.409126281738,110.276336669922,111.511711120605,113.14852142334,114.45539855957,116.872711181641,..,..
"School enrollment, secondary, female (% gross)",SE.SEC.ENRR.FE,Turkmenistan,TKM,..,..,..,85.1072153533862,87.9286483161618,90.9738998413086,93.1647186279297,..,94.7373803445767,..
"School enrollment, secondary, female (% gross)",SE.SEC.ENRR.FE,Turks and Caicos Islands,TCA,69.2889561270802,80.772142316427,86.8580093383789,83.3458929917106,81.2965722801788,87.9500427246094,95.5202331542969,101.720430107527,112.647058823529,..
"School enrollment, secondary, female (% gross)",SE.SEC.ENRR.FE,Tuvalu,TUV,85.5491333007812,..,86.4122085571289,85.4070663452148,79.6899224806202,96.5023847376789,100,104.873949579832,104.399323181049,..
"School enrollment, secondary, female (% gross)",SE.SEC.ENRR.FE,Uganda,UGA,..,..,..,..,..,..,..,..,..,..
"School enrollment, secondary, female (% gross)",SE.SEC.ENRR.FE,Ukraine,UKR,88.2942638037531,86.8121857927259,85.9279826554464,84.7468835528529,84.7870132572542,85.0508078338962,..,87.33740234375,86.3840713500977,..
"School enrollment, secondary, female (% gross)",SE.SEC.ENRR.FE,United Arab Emirates,ARE,..,..,100.131416320801,101.139777479205,99.1370929452638,102.068631287595,98.9789962768555,102.195120776205,100.110276412248,..
"School enrollment, secondary, female (% gross)",SE.SEC.ENRR.FE,United Kingdom,GBR,..,127.764511108398,122.013656616211,118.958671569824,116.565010070801,115.857772827148,115.081817626953,113.658416748047,..,..
"School enrollment, secondary, female (% gross)",SE.SEC.ENRR.FE,United States,USA,98.4747085571289,98.695556640625,98.7960586547852,99.189453125,99.4142990112305,101.344367980957,98.6511611938477,..,..,..
"School enrollment, secondary, female (% gross)",SE.SEC.ENRR.FE,Upper middle income,UMC,93.4494018554688,93.6901931762695,94.4231109619141,95.2726516723633,95.6853103637695,96.4112930297852,96.6962585449219,97.1281433105469,97.5216217041016,..
"School enrollment, secondary, female (% gross)",SE.SEC.ENRR.FE,Uruguay,URY,..,122.787338256836,124.153419494629,126.343617174679,123.152969360352,127.390487491348,128.742960061751,125.241045093642,..,..
"School enrollment, secondary, female (% gross)",SE.SEC.ENRR.FE,Uzbekistan,UZB,92.4681516255333,93.5591792866064,94.8141255682856,96.2599029541016,90.407816338473,96.6067427080091,96.8054259764286,97.0191649872622,96.4939184204858,97.4299681308796
"School enrollment, secondary, female (% gross)",SE.SEC.ENRR.FE,Vanuatu,VUT,..,..,..,..,62.0561790466309,64.2566909790039,82.8080237164725,134.925790252936,..,..
"School enrollment, secondary, female (% gross)",SE.SEC.ENRR.FE,"Venezuela, RB",VEN,89.12158203125,87.9344787597656,..,..,..,..,100.249549865723,101.692710876465,102.248580932617,..
"School enrollment, secondary, female (% gross)",SE.SEC.ENRR.FE,Viet Nam,VNM,86.3064277183873,87.6304773371075,88.6447461101443,89.7093994425268,89.4501554566878,90.3080638471257,90.5445572317873,..,..,..
"School enrollment, secondary, female (% gross)",SE.SEC.ENRR.FE,Virgin Islands (U.S.),VIR,..,..,..,..,..,..,..,..,..,..
"School enrollment, secondary, female (% gross)",SE.SEC.ENRR.FE,West Bank and Gaza,PSE,90.2320188949519,91.1514747935572,91.43948440818,92.1069779946866,92.3509100224999,92.9705244906805,92.7547421358175,92.1529721719084,..,..
"School enrollment, secondary, female (% gross)",SE.SEC.ENRR.FE,World,WLD,74.671012878418,74.3800277709961,75.0290069580078,75.4552917480469,75.8665008544922,76.4972991943359,77.0481109619141,76.9081802368164,77.0922470092773,..
"School enrollment, secondary, female (% gross)",SE.SEC.ENRR.FE,"Yemen, Rep.",YEM,36.8241691589355,..,..,..,..,..,..,..,..,..
"School enrollment, secondary, female (% gross)",SE.SEC.ENRR.FE,Zambia,ZMB,..,..,..,..,..,..,..,..,59.0707702636719,..
"School enrollment, secondary, female (% gross)",SE.SEC.ENRR.FE,Zimbabwe,ZWE,..,..,..,..,..,..,..,..,..,..
Urban population (% of total population),SP.URB.TOTL.IN.ZS,Afghanistan,AFG,24.6588345720126,24.8352821238871,24.9991645191406,25.1437258839803,25.2622103446137,25.3478620272481,25.3939250580909,25.4730529631167,25.7007352636188,25.9401644699898
Urban population (% of total population),SP.URB.TOTL.IN.ZS,Africa Eastern and Southern,AFE,34.8812106693274,35.2829868326458,35.714718464725,36.0973307017698,36.4883219609866,36.9085426088518,37.3605781096471,37.7723012408349,38.2414414289603,38.7021396558821
Urban population (% of total population),SP.URB.TOTL.IN.ZS,Africa Western and Central,AFW,48.1862744131428,48.7610092648065,49.3326762524323,49.9054685471984,50.4923214842153,51.0894191806819,51.7001028474527,52.3021093132307,52.8788239433226,53.4772052295821
Urban population (% of total population),SP.URB.TOTL.IN.ZS,Albania,ALB,55.5738734464276,55.980276426546,56.377000259892,56.7639071287255,57.1408592155544,57.5077187031778,57.8643477747383,58.2106086137857,58.5463634043555,58.871474331067
Urban population (% of total population),SP.URB.TOTL.IN.ZS,Algeria,DZA,70.7353778263851,71.3227912436551,71.905249845153,72.4824561380175,73.0541126293395,73.6199218261573,74.1795862354514,74.732808364138,75.2792907190618,75.8187358069877
Urban population (% of total population),SP.URB.TOTL.IN.ZS,American Samoa,ASM,84.2862824389061,83.8890385422071,83.4779973316097,83.0542171797274,82.6240780620716,82.2127091544092,81.794797704649,81.3721542708222,80.9446986961818,80.5123508239818
Urban population (% of total population),SP.URB.TOTL.IN.ZS,Andorra,AND,88.5027454634853,88.4977035522461,88.5080998493791,88.5391793666245,88.5907780427517,88.6627318165299,88.7548766267286,88.8201609217082,88.8850044816278,88.9492672283129
Urban population (% of total population),SP.URB.TOTL.IN.ZS,Angola,AGO,64.2992302517989,65.0850525086068,65.8732136723372,66.6637823180533,67.4568270208187,68.2524163556969,69.0506188977513,69.8515032220457,70.6551379036435,71.4615915176085
Urban population (% of total population),SP.URB.TOTL.IN.ZS,Antigua and Barbuda,ATG,24.9239807471655,24.8500263836871,24.7781432093764,24.708337524045,24.6406156275043,24.574983819566,24.5114484000414,24.4500156687422,24.3906919254799,24.3334834700661
Urban population (% of total population),SP.URB.TOTL.IN.ZS,Arab World,ARB,58.5622937950483,58.6808941601595,58.7847025324078,58.8962879377102,59.0899689866908,59.112484714184,59.3339325148117,59.569940800309,59.8198752449274,60.0362191816888
Urban population (% of total population),SP.URB.TOTL.IN.ZS,Argentina,ARG,91.5856817228217,91.6776028433824,91.7679941327998,91.8567844513802,91.9439026594897,92.0292776175651,92.112838186126,92.1945132257907,92.2742315972952,92.3519221615173
Urban population (% of total population),SP.URB.TOTL.IN.ZS,Armenia,ARM,64.5928753345316,64.7124948593667,64.8502833795679,65.0047033570428,65.174217253699,65.3572875314441,65.5624462874485,65.6956882008852,65.8113671449901,65.9287015589872
Urban population (% of total population),SP.URB.TOTL.IN.ZS,Aruba,ABW,63.0077880571142,62.7768488886109,62.5367636985996,62.288276286885,62.0028837566365,61.9275339886843,61.8811657924257,61.8351492675589,61.7909396819594,61.7485249229588
Urban population (% of total population),SP.URB.TOTL.IN.ZS,Australia,AUS,87.0166295249235,87.12809266445,87.2267680845925,87.3019647888406,87.2713470458985,87.2353407632761,87.3343268253813,87.4866955653765,87.6021469990446,87.7192672666333
Urban population (% of total population),SP.URB.TOTL.IN.ZS,Austria,AUT,67.7218061923556,67.9051196052802,68.1046787227623,68.3176044750522,68.5410177924001,68.773601700253,68.998085127906,69.2265358276021,69.4658181096788,69.7152152366353
Urban population (% of total population),SP.URB.TOTL.IN.ZS,Azerbaijan,AZE,55.7574797205266,56.4331887124691,57.1841534654123,58.1308191977779,58.2934691761937,58.3659969744818,58.4382815854684,58.5075350483702,58.573795837717,58.6371024281175
Urban population (% of total population),SP.URB.TOTL.IN.ZS,"Bahamas, The",BHS,82.1784378570728,82.0814018736052,81.9643158212241,81.8257463283204,81.6642600232849,81.4784235345083,81.3200717047725,81.3213799173676,81.3249262966481,81.3309172016028
Urban population (% of total population),SP.URB.TOTL.IN.ZS,Bahrain,BHR,100,100,100,100,100,100,100,100,100,100
Urban population (% of total population),SP.URB.TOTL.IN.ZS,Bangladesh,BGD,29.8753915517965,30.2015798381799,30.5175656009959,30.8228396343012,31.1168927321524,31.3992156886061,31.673734726234,32.1578465036834,32.6783196323307,33.2395847043975
Urban population (% of total population),SP.URB.TOTL.IN.ZS,Barbados,BRB,59.2510255301153,59.25926986892,59.270175311893,59.2841140645486,59.3014583324011,59.3220365433819,59.3538514107686,59.4235740235775,59.5397032429174,59.6996239887007
Urban population (% of total population),SP.URB.TOTL.IN.ZS,Belarus,BLR,76.8458709716797,77.0208206176758,77.2132720947266,77.4550771852757,77.7890385790408,78.131086803694,78.4732787892908,78.8146420666327,79.1551015210848,79.4945820380127
Urban population (% of total population),SP.URB.TOTL.IN.ZS,Belgium,BEL,86.4507790979645,86.6731739531869,86.8883449485575,87.0961631189222,87.2964994991269,87.4305564090635,87.489200269855,87.551492636772,87.6126557010527,87.6726083114649
Urban population (% of total population),SP.URB.TOTL.IN.ZS,Belize,BLZ,43.6765514309211,43.4211086747287,43.164848281502,42.9077622153323,42.649842440311,42.3910809205294,42.1373251262137,41.9459437504976,41.7532107338224,41.5621435428272
Urban population (% of total population),SP.URB.TOTL.IN.ZS,Benin,BEN,46.6094559006664,47.2942774880391,47.9952829275963,48.7125500590248,49.4461567219896,50.1961807561354,50.9627000010887,51.7457922964593,52.5455354818423,53.3620073968188
Urban population (% of total population),SP.URB.TOTL.IN.ZS,Bermuda,BMU,100,100,100,100,100,100,100,100,100,100
Urban population (% of total population),SP.URB.TOTL.IN.ZS,Bhutan,BTN,37.2745234641407,37.8645544995016,38.4661892776975,39.0746823405146,39.6888839873439,40.3075199874379,40.9365143617581,41.7352457989939,42.5645249803412,43.4301832473753
Urban population (% of total population),SP.URB.TOTL.IN.ZS,Bolivia,BOL,68.7446327876947,69.0838016274736,69.4133879813999,69.7334986708387,70.0442635528254,70.3450412826165,70.6352598708131,70.9151414044538,71.2361453773988,71.5631037265869
Urban population (% of total population),SP.URB.TOTL.IN.ZS,Bosnia and Herzegovina,BIH,48.0248845752382,48.4918401819106,48.971927825824,49.4650440037758,49.9710852122997,50.4899479477034,51.0215287060993,51.5657239834305,52.1224302754935,52.6915440779561
Urban population (% of total population),SP.URB.TOTL.IN.ZS,Botswana,BWA,65.6949296854899,65.9456435684731,66.1579176461888,66.3271694845464,66.4488166494554,66.5182767068255,66.5889787170477,67.0212655349864,67.4623537838418,67.9559561532102
Urban population (% of total population),SP.URB.TOTL.IN.ZS,Brazil,BRA,85.9487048448108,86.1982897571091,86.4420719945072,86.6797991084296,86.9112186503004,87.1360781715439,87.349556243881,87.6159710235763,87.8958549533146,88.1772996487898
Urban population (% of total population),SP.URB.TOTL.IN.ZS,British Virgin Islands,VGB,50.1800618642422,50.8953552772346,51.6322667220883,52.3907871425786,53.1709074822645,53.972618684518,54.795911692548,55.6407774494219,56.5072068980827,57.3951909813643
Urban population (% of total population),SP.URB.TOTL.IN.ZS,Brunei Darussalam,BRN,74.8816070556641,74.8476440654983,74.8172471714305,74.7923311783673,74.7748108912151,74.7667316936175,74.7772642014221,74.8199193881365,74.8983133873697,75.0109886586819
Urban population (% of total population),SP.URB.TOTL.IN.ZS,Bulgaria,BGR,73.1750030517578,73.3904571533203,73.600212097168,73.7162322998047,73.3239898681641,73.346765618041,73.4799164005224,73.7322671584613,73.9499356882481,74.1727501848475
Urban population (% of total population),SP.URB.TOTL.IN.ZS,Burkina Faso,BFA,25.821510372001,25.9769918665632,26.0832202154822,26.1187254401157,26.3578373628627,26.8114307743017,27.2791369742712,27.7872478365158,28.3352514896662,28.9226360719085
Urban population (% of total population),SP.URB.TOTL.IN.ZS,Burundi,BDI,15.6180905635494,16.6241273909209,17.6820221982475,18.786178154187,19.9309984273971,21.1108861865354,22.3202446002597,23.5534768372276,24.8302838651025,25.6870184681663
Urban population (% of total population),SP.URB.TOTL.IN.ZS,Cabo Verde,CPV,68.0354078358316,69.1999988159713,70.3970748844677,71.6254285086577,72.8838521558784,74.1607930892827,75.033738060849,75.9064245753376,76.7721471004354,77.6300668010068
Urban population (% of total population),SP.URB.TOTL.IN.ZS,Cambodia,KHM,32.4767436038024,35.0127905056235,37.6404336372742,39.5830241256026,39.832658030922,40.1091858128847,40.374616187368,40.6290788072508,40.8727033252729,41.10561939401
Urban population (% of total population),SP.URB.TOTL.IN.ZS,Cameroon,CMR,52.9815033836792,53.3115142121504,53.6339873660653,53.9487914119331,54.2557949164174,54.5548664463635,54.8458745688318,55.1286878511388,55.4031748609078,55.6692041661323
Urban population (% of total population),SP.URB.TOTL.IN.ZS,Canada,CAN,81.3023011093703,81.4018945832226,81.5500341646653,81.7363672047941,81.9509888710566,82.1779279079275,82.3500897353968,82.5250564408346,82.7002565766633,82.8757020253886
Urban population (% of total population),SP.URB.TOTL.IN.ZS,Caribbean small states,CSS,50.1731298812102,50.1782963503998,50.095481721741,50.0613448862218,50.1148273041796,50.1235419064094,50.1314448681558,50.1020889305245,50.0999425738621,50.1011216203825
Urban population (% of total population),SP.URB.TOTL.IN.ZS,Cayman Islands,CYM,100,100,100,100,100,100,100,100,100,100
Urban population (% of total population),SP.URB.TOTL.IN.ZS,Central African Republic,CAF,40.3808711749566,40.8151443386334,41.2824666248606,41.7800430407332,42.3050785933463,42.8547782897949,43.2751967457285,43.6983692134165,44.1243555638904,44.5532156681816
Urban population (% of total population),SP.URB.TOTL.IN.ZS,Central Europe and the Baltics,CEB,61.9025261003991,61.871575661727,61.8111043373164,61.7449526458334,61.6318247679717,61.5491099540844,61.5935240282645,61.69707902806,61.7976712496974,61.9065627516826
Urban population (% of total population),SP.URB.TOTL.IN.ZS,Chad,TCD,23.1119734707179,23.461349471105,23.8486084924975,24.2731047386633,24.7341921795416,25.2312246423075,25.7635558629694,26.3305395171046,26.9315292389497,27.5658786336865
Urban population (% of total population),SP.URB.TOTL.IN.ZS,Channel Islands,CHI,32.7426259745361,32.7853219355631,32.8125991997971,32.8235411026876,32.8247184979451,32.8148141071941,32.7920439098264,32.7554337975051,32.7056211227456,32.6430856346098
Urban population (% of total population),SP.URB.TOTL.IN.ZS,Chile,CHL,87.6306290578181,87.8000295757281,87.9620493753008,88.1273685623538,88.2953490438375,88.4660511664452,88.6395352768685,88.8158617217972,88.9950908479196,89.1772830019223
Urban population (% of total population),SP.URB.TOTL.IN.ZS,China,CHN,58.8399238586426,60.2402687072754,61.5001983642578,62.7099151611328,63.5234230266258,64.721076965332,65.2176361083984,65.5301448035523,65.8946980998325,66.3429910348272
Urban population (% of total population),SP.URB.TOTL.IN.ZS,Colombia,COL,77.2036266362166,77.2245191706503,77.2804816598084,77.4595528518377,77.6382533537045,77.8339570326128,78.0464633137335,78.275571579544,78.5210811866115,78.7827914751151
Urban population (% of total population),SP.URB.TOTL.IN.ZS,Comoros,COM,30.7305018169792,31.0996559689293,31.4073645195839,31.7287584068243,32.0638072194881,32.4124444313246,32.7746035528748,33.1502180946901,33.5392215673301,33.941547481361
Urban population (% of total population),SP.URB.TOTL.IN.ZS,"Congo, Dem. Rep.",COD,41.7290483782911,42.1127579403217,42.4946599159958,42.8747090907476,43.2528602500115,43.6290681792218,44.003287663813,44.3754734892194,44.7455804408753,45.1135633042151
Urban population (% of total population),SP.URB.TOTL.IN.ZS,"Congo, Rep.",COG,63.2515316469123,63.3544545340423,63.4434577481975,63.5176376123385,63.5760904494257,63.6179125824196,63.6422003342807,63.6626757615625,63.8866111699904,64.1236534817412
Urban population (% of total population),SP.URB.TOTL.IN.ZS,Costa Rica,CRI,75.5423088085047,76.0539254265608,76.5544308439668,77.0435864735963,77.5211537281257,77.9868940200009,78.4405687613972,78.8819393641702,79.3107672397967,79.7268137993004
Urban population (% of total population),SP.URB.TOTL.IN.ZS,Cote d'Ivoire,CIV,49.929991034032,50.3977309654344,50.8718477756395,51.3514799771241,51.8357660823651,52.3183461956059,52.8492549676673,53.4075201638704,53.9733113940142,54.5489501450761
Urban population (% of total population),SP.URB.TOTL.IN.ZS,Croatia,HRV,55.7294398599808,55.9009887365155,56.093170097094,56.303247958306,56.5284863367411,56.7683502560171,56.9977571733605,57.2431560672198,57.5158981711443,57.8144543604143
Urban population (% of total population),SP.URB.TOTL.IN.ZS,Cuba,CUB,76.9115829467773,76.9603271484375,77.0156326293945,77.0728225708008,77.1080322265625,77.0987701416016,77.1056060791016,77.1259872296321,77.1664929228275,77.2270774821152
Urban population (% of total population),SP.URB.TOTL.IN.ZS,Curacao,CUW,91.3353544596205,91.3480685861287,91.3601331655991,91.3714918191305,91.3820881678218,91.391865832772,91.4007684350799,91.4080929292235,91.4321812441765,91.4727714986125
Urban population (% of total population),SP.URB.TOTL.IN.ZS,Cyprus,CYP,66.9625604106231,66.8907450570326,66.8255530496405,66.7677357070518,66.7180443478713,66.6718365394971,66.6694829407584,66.6739477522639,66.6824259192483,66.6950270703775
Urban population (% of total population),SP.URB.TOTL.IN.ZS,Czechia,CZE,72.9745753395623,72.9121853567256,72.8498744351241,72.7876426709563,72.7254901604208,72.6810594374316,72.6967638379524,72.7352388396817,72.7947984592185,72.8754367116112
Urban population (% of total population),SP.URB.TOTL.IN.ZS,Denmark,DNK,87.6999969482422,88.0161943799509,88.1059762310689,88.2096490810669,88.2394485473632,88.2616449318149,88.3880239837703,88.552638542867,88.6960552688405,88.8458435892689
Urban population (% of total population),SP.URB.TOTL.IN.ZS,Djibouti,DJI,71.1492236341041,71.318261933957,71.5153442785902,71.7418146554518,71.9990170519895,72.2882954556515,72.6109938538856,72.8408245988921,72.9052635052978,72.9758660686475
Urban population (% of total population),SP.URB.TOTL.IN.ZS,Dominica,DMA,70.2511605730541,70.6405848604787,71.0362526779762,71.4382284948964,71.846576780589,72.2613620044042,72.682648635692,73.1105011438027,73.5449839980866,73.9861616678942
Urban population (% of total population),SP.URB.TOTL.IN.ZS,Dominican Republic,DOM,74.0506780735522,73.926806252977,73.7589255716938,73.5403464672933,73.2643793773663,72.9243347395035,72.4203155643711,72.3577991823338,72.4121874752151,72.517694062591
Urban population (% of total population),SP.URB.TOTL.IN.ZS,Early-demographic dividend,EAR,44.8097968515725,45.1249360555588,45.4349772935468,45.7649596058874,46.0812452315672,46.3752600779412,46.6969243405166,47.0167430983708,47.3447903059446,47.668162672247
Urban population (% of total population),SP.URB.TOTL.IN.ZS,East Asia & Pacific,EAS,58.7921942331022,59.8037083838459,60.8515259788814,61.7435560127223,62.3741418144863,63.2351929830371,63.6828244393002,64.0244370902805,64.3743990279048,64.7709883214594
Urban population (% of total population),SP.URB.TOTL.IN.ZS,East Asia & Pacific (excluding high income),EAP,55.3186115241997,56.4654638258327,57.6502705350874,58.6555692756585,59.3705245555409,60.3526131684329,60.8593968560328,61.2276463501262,61.6125537930801,62.0532518845953
Urban population (% of total population),SP.URB.TOTL.IN.ZS,East Asia & Pacific (IDA & IBRD countries),TEA,55.240567924451,56.3988367330046,57.595296727158,58.6098141698239,59.3301997601025,60.3208754851698,60.8301827838521,61.1991011324118,61.5847679018686,62.0267995645331
Urban population (% of total population),SP.URB.TOTL.IN.ZS,Ecuador,ECU,62.9913367571804,63.0194591842425,63.0433276812321,63.0627139714638,63.0773897782521,63.0871268249117,63.0901835932266,63.1307729554263,63.2376932397602,63.3918189058262
Urban population (% of total population),SP.URB.TOTL.IN.ZS,"Egypt, Arab Rep.",EGY,42.5210717266225,42.4486008687179,42.4577177449969,42.4812027332648,42.5181534630674,42.5686062621468,42.6325129008032,42.7098115041919,42.8004363938404,42.9043204925248
Urban population (% of total population),SP.URB.TOTL.IN.ZS,El Salvador,SLV,70.3990173339844,71.0856704711914,71.7577209472656,72.4148941040039,73.0570220947266,73.6838531494141,74.1465021298679,74.6080675149903,75.0674905102199,75.5237123209951
Urban population (% of total population),SP.URB.TOTL.IN.ZS,Equatorial Guinea,GNQ,69.253269853051,69.5516019132985,69.8396623666175,70.1175419547293,70.3853314193247,70.6431215020592,70.8910029445467,71.1290664883517,71.3574028749806,71.5761028458697
Urban population (% of total population),SP.URB.TOTL.IN.ZS,Eritrea,ERI,35.5254287719727,35.4427146911621,35.3451042175293,35.2352333068848,35.116138458252,34.9871139526367,34.8469276428223,34.696403503418,34.5365524291992,34.5404504255216
Urban population (% of total population),SP.URB.TOTL.IN.ZS,Estonia,EST,68.724038178078,68.9931941915158,69.2803532930133,69.5787397662154,69.8815778947665,70.1777274135822,70.4892333736738,70.6770085523126,70.6981161541961,70.7208526598129
Urban population (% of total population),SP.URB.TOTL.IN.ZS,Eswatini,SWZ,23.5278881746356,23.8052004963161,24.0579295404227,24.3459549517751,24.6652798922192,25.0156180525173,25.396682918542,25.8081878500755,26.2498461258639,26.7213709706525
Urban population (% of total population),SP.URB.TOTL.IN.ZS,Ethiopia,ETH,19.8763618469238,20.3084850311279,20.7838096618652,21.2486705780029,21.6260051727295,22.1067085266113,22.7367687225342,23.0586471557617,23.6222839355469,24.1096952088946
Urban population (% of total population),SP.URB.TOTL.IN.ZS,Euro area,EMU,76.2867357539682,76.4140813562854,76.5823371318115,76.7497988367106,76.856499971289,76.96550965754,77.0874793664882,77.211826995621,77.3400724518483,77.4751873230132
Urban population (% of total population),SP.URB.TOTL.IN.ZS,Europe & Central Asia,ECS,72.930310614191,73.0395942866041,73.1814390087833,73.3626410452614,73.4955944360825,73.6225305947295,73.729597001213,73.843585823465,73.9693471857728,74.0723400318719
Urban population (% of total population),SP.URB.TOTL.IN.ZS,Europe & Central Asia (excluding high income),ECA,67.2028741800351,67.2908425220823,67.4464992918229,67.7517086172661,67.9547177892126,68.150425455559,68.1628939259503,68.1622524490527,68.2699431236416,68.3267539699245
Urban population (% of total population),SP.URB.TOTL.IN.ZS,Europe & Central Asia (IDA & IBRD countries),TEC,68.2998664724156,68.3671996828986,68.4656324149256,68.6393881359924,68.7550754784278,68.8680370709709,68.9112783282391,68.9599808529652,69.069522725284,69.1547566263432
Urban population (% of total population),SP.URB.TOTL.IN.ZS,European Union,EUU,74.089077283109,74.1940799110393,74.3280995844319,74.4596491524844,74.5499802167242,74.6469430900615,74.7659682006806,74.8943502719612,75.0300099964199,75.1738610583145
Urban population (% of total population),SP.URB.TOTL.IN.ZS,Faroe Islands,FRO,38.3200225830078,38.3324699401855,38.4058837890625,38.3945655822754,38.6689987182617,38.8083763122559,38.9959824546757,39.1975270123645,39.4132325882965,39.643321785446
Urban population (% of total population),SP.URB.TOTL.IN.ZS,Fiji,FJI,55.1734720973874,55.7408343449609,56.2328347385698,56.70989552257,57.186684691874,57.6618364761928,58.1352701465266,58.6069049738768,59.0766602292457,59.5444551836369
Urban population (% of total population),SP.URB.TOTL.IN.ZS,Finland,FIN,71.6158383428171,71.9563038312956,72.3423467740343,72.7431214358314,73.0849439791673,73.3710215780329,73.6967597835949,74.0062548602828,74.2637190463636,74.5247844319848
Urban population (% of total population),SP.URB.TOTL.IN.ZS,France,FRA,78.5999114705779,78.6467804026368,78.6714432536599,78.6890784549356,78.7119131765249,78.7364603392338,78.7591921123356,78.7804323126547,78.7999750964116,78.8449650563584
Urban population (% of total population),SP.URB.TOTL.IN.ZS,French Polynesia,PYF,61.7744381369651,61.7896941062846,61.7888025236875,61.7824142427508,61.7673100921,61.7399813226008,61.6913806937112,61.6967135028569,61.7191984724331,61.7583766473831
Urban population (% of total population),SP.URB.TOTL.IN.ZS,Gabon,GAB,88.5445883406178,89.0009733256896,89.4539949981866,89.9031850170394,90.3480750410147,90.7881967286967,91.2243355459988,91.6375962797313,91.8632094677575,92.0876666682068
Urban population (% of total population),SP.URB.TOTL.IN.ZS,"Gambia, The",GMB,59.8652472486563,60.471712657237,61.0645869348107,61.643210849607,62.2069251698555,62.7550706637859,63.2869880996278,63.8020182456108,64.2994103409645,64.9884861325581
Urban population (% of total population),SP.URB.TOTL.IN.ZS,Georgia,GEO,57.6984032005062,57.9996827205757,58.3038181862576,58.6304091780343,58.9990552763878,59.4293560618005,60.0101622679115,60.7523077799724,61.0789605093733,61.1781364090406
Urban population (% of total population),SP.URB.TOTL.IN.ZS,Germany,DEU,80.8347870684725,80.9842544038853,81.1423036204018,81.3053991689039,81.4700055002738,81.6325870653934,81.7867852780995,81.9034366692129,82.0211432579125,82.13822205362
Urban population (% of total population),SP.URB.TOTL.IN.ZS,Ghana,GHA,54.167052758274,54.6991419779128,55.218477566593,55.7246279109161,56.2171613974837,56.6952556826536,57.250609602871,57.8074737774654,58.3654868038581,58.9246861473125
Urban population (% of total population),SP.URB.TOTL.IN.ZS,Gibraltar,GIB,100,100,100,100,100,100,100,100,100,100
Urban population (% of total population),SP.URB.TOTL.IN.ZS,Greece,GRC,77.7122988766348,77.8895342613411,78.0490656849874,78.1888100466875,78.3066842455552,78.3884898647442,78.5502190980809,78.7746303842088,78.9967856500534,79.2246082848537
Urban population (% of total population),SP.URB.TOTL.IN.ZS,Greenland,GRL,86.2261047363281,86.3915557861328,86.72509765625,87.0217895507812,87.2840881978115,87.5452017613678,87.8049405256832,88.0631147749908,88.3195347935238,88.5740108655152
Urban population (% of total population),SP.URB.TOTL.IN.ZS,Grenada,GRD,35.9706014181883,36.0173296416579,36.0720421424532,36.1346465679904,36.2050502515788,36.2831603706908,36.3688840183487,36.462128238584,36.5628000454229,36.6708064336827
Urban population (% of total population),SP.URB.TOTL.IN.ZS,Guam,GUM,94.079467256407,94.0797139460527,94.079885002321,94.0799802498939,94.0804991087801,94.0884327694075,94.1068261842046,94.1349341638921,94.1726346571831,94.2197463433641
Urban population (% of total population),SP.URB.TOTL.IN.ZS,Guatemala,GTM,53.6609232857043,53.7994723140017,53.845962303542,54.1882267267974,54.5483167911628,54.9047071553758,55.2581228215265,55.6082319565539,55.9547027274763,56.2972033013999
Urban population (% of total population),SP.URB.TOTL.IN.ZS,Guinea,GIN,35.3100280761719,35.5827331542969,35.8554382324219,36.1281547546387,36.4802208060551,36.8502178436256,37.2384967469106,37.6454083954705,38.0713036688655,38.5165334466562
Urban population (% of total population),SP.URB.TOTL.IN.ZS,Guinea-Bissau,GNB,42.586109161377,43.0155792236328,43.4449081420898,43.8745574951172,44.3038330078125,44.7334136962891,45.1627159118652,45.5923843383789,46.113204421822,46.6510315281292
Urban population (% of total population),SP.URB.TOTL.IN.ZS,Guyana,GUY,26.4080892882899,26.412905546573,26.4188378517884,26.4258834773058,26.4340397353676,26.443303961947,26.4536735068183,26.4651457279878,26.477717988557,26.4913876548981
Urban population (% of total population),SP.URB.TOTL.IN.ZS,Haiti,HTI,50.087821148256,50.735083378449,51.374898112219,52.0069059952475,52.6307476732151,53.2460637918026,53.8524949966907,54.4496819335618,55.0372652481002,55.6148855859942
Urban population (% of total population),SP.URB.TOTL.IN.ZS,Heavily indebted poor countries (HIPC),HPC,34.3061574682177,34.7436136608517,35.1902982941101,35.60787726524,36.0239709463492,36.4661763671202,36.9406309816039,37.3827611102379,37.8610562629747,38.332449317985
Urban population (% of total population),SP.URB.TOTL.IN.ZS,High income,HIC,79.4995336680827,79.5646323222643,79.6265084521732,79.6868403779463,79.7425183592538,79.808750690419,79.9047258563531,80.017512944144,80.1320285164635,80.2483970459505
Urban population (% of total population),SP.URB.TOTL.IN.ZS,Honduras,HND,54.8868414578857,55.3877322339915,55.8852577716247,56.3791561389766,56.8691654042685,57.3550236357547,57.8364689017254,58.3132392705102,58.7850728104829,59.2517075900659
Urban population (% of total population),SP.URB.TOTL.IN.ZS,"Hong Kong SAR, China",HKG,100,100,100,100,100,100,100,100,100,100
Urban population (% of total population),SP.URB.TOTL.IN.ZS,Hungary,HUN,70.4733810424805,70.4542541503906,70.4711761474609,70.4565277099609,70.2917327880859,70.2059275331413,70.1585064243445,70.2923026891431,70.491825943218,70.6936831786278
Urban population (% of total population),SP.URB.TOTL.IN.ZS,IBRD only,IBD,..,..,..,..,..,..,..,..,..,..
Urban population (% of total population),SP.URB.TOTL.IN.ZS,Iceland,ISL,93.7822647094726,93.7718982310092,93.8526667025487,93.9770847416131,94.1367102874722,94.2108206403841,94.1787071228028,94.1518261784801,94.1819039916522,94.2179320191117
Urban population (% of total population),SP.URB.TOTL.IN.ZS,IDA & IBRD total,IBT,50.1171733804251,50.6447335432842,51.1832192304679,51.6653910881874,52.0454778410909,52.5081681188004,52.8163796983223,53.0823484348401,53.3694237912271,53.6757479244859
Urban population (% of total population),SP.URB.TOTL.IN.ZS,IDA blend,IDB,..,..,..,..,..,..,..,..,..,..
Urban population (% of total population),SP.URB.TOTL.IN.ZS,IDA only,IDX,..,..,..,..,..,..,..,..,..,..
Urban population (% of total population),SP.URB.TOTL.IN.ZS,IDA total,IDA,..,..,..,..,..,..,..,..,..,..
Urban population (% of total population),SP.URB.TOTL.IN.ZS,India,IND,32.8650780972823,33.1821328157539,33.4984353473598,33.8139578818147,34.1286726088333,34.4425517181304,34.7555673994206,35.0676918424186,35.3788972368389,35.689155772396
Urban population (% of total population),SP.URB.TOTL.IN.ZS,Indonesia,IDN,53.812557220459,54.4541015625,55.0956840515137,55.7382049560547,56.2785287648768,56.8761702464027,57.4934704226599,58.1179353397878,58.7509635387997,59.3929063969984
Urban population (% of total population),SP.URB.TOTL.IN.ZS,"Iran, Islamic Rep.",IRN,73.8796100096595,74.4011840820312,74.8034286499023,75.2038879394531,75.5986404418945,75.9926376342773,76.3342208862305,76.6759567260742,77.0201263427734,77.3761530941751
Urban population (% of total population),SP.URB.TOTL.IN.ZS,Iraq,IRQ,69.9123778259643,69.8944511190753,69.8765148865842,69.8683395385742,69.8683166503906,69.8682708740234,69.8682861328125,69.868278503418,69.8861494108913,69.9396739468105
Urban population (% of total population),SP.URB.TOTL.IN.ZS,Ireland,IRL,62.7229399123734,62.9035196521232,63.0844503476779,63.2737009154127,63.4713366724915,63.6774229356985,63.8920250215059,64.1152082461268,64.3470379255585,64.5875793756168
Urban population (% of total population),SP.URB.TOTL.IN.ZS,Isle of Man,IMN,52.1331532169475,52.1498415744309,52.1651893864538,52.1789898247578,52.1909519786866,52.1999559660634,52.1955609162662,52.1832571730182,52.1633405796294,52.1358064010515
Urban population (% of total population),SP.URB.TOTL.IN.ZS,Israel,ISR,91.6894623646632,91.6701057535759,91.6456193546346,91.6154002002652,91.5788453228939,91.5353517549466,91.4979834273327,91.5089569794505,91.536188843818,91.5783060866328
Urban population (% of total population),SP.URB.TOTL.IN.ZS,Italy,ITA,69.5969232525286,69.5180784259382,69.4800033569336,69.5050010681153,69.5187492370606,69.4812507629394,69.4839779766539,69.5381540123301,69.6047535143071,69.680861801678
Urban population (% of total population),SP.URB.TOTL.IN.ZS,Jamaica,JAM,55.549259277615,55.9152267548307,56.297410990325,56.6957957395074,57.1103647563627,57.5411017937226,57.9879906034775,58.4510149367429,58.9301585439922,59.4254051751628
Urban population (% of total population),SP.URB.TOTL.IN.ZS,Japan,JPN,91.4541254852142,91.5498419685883,91.6377318609728,91.7164207898107,91.7809926267889,91.8741049279527,91.9776532428406,92.0826903891473,92.1901718034531,92.3001449420786
Urban population (% of total population),SP.URB.TOTL.IN.ZS,Jordan,JOR,90.56272794707,90.8764609714428,91.2008859099729,91.515966492507,91.8216722992319,92.117972910453,92.4048379066163,92.682236868336,92.9501393764286,93.2085150119551
Urban population (% of total population),SP.URB.TOTL.IN.ZS,Kazakhstan,KAZ,56.7476265001667,57.4586448748837,58.2388038921695,59.0832474269546,59.9871193541692,61.030254280267,61.444157327248,61.7560919499181,62.072531584162,62.3855569507987
Urban population (% of total population),SP.URB.TOTL.IN.ZS,Kenya,KEN,31.6502520105647,31.5383650847102,31.3940041639796,31.1895566421135,31.2063494632616,31.2879334021971,31.4307820066946,31.6330340816429,31.8937831721599,32.2121192871745
Urban population (% of total population),SP.URB.TOTL.IN.ZS,Kiribati,KIR,51.7710553002321,52.9734697275451,54.5004023142497,56.2846727145489,58.4123714112748,59.6364645301985,60.5739126559419,61.5244676194408,62.4620431275642,63.3850857782871
Urban population (% of total population),SP.URB.TOTL.IN.ZS,"Korea, Dem. People's Rep.",PRK,61.5681351428803,61.8206076091402,62.0826119807623,62.3542226611578,62.6355140538495,62.926560562457,63.2274365906829,63.5382165423021,63.8589748211522,64.1897858311258
Urban population (% of total population),SP.URB.TOTL.IN.ZS,"Korea, Rep.",KOR,81.5559241797057,81.471030429984,81.3823523035196,81.2901063535619,81.1759595622913,81.1616526507785,81.1624941626873,81.1645551720421,81.1682528469686,81.1740263306674
Urban population (% of total population),SP.URB.TOTL.IN.ZS,Kosovo,XKX,40.7783748317802,41.7578065585746,42.8378095837429,44.0002171565695,45.2268625263391,46.4995789423362,47.8001996538455,49.1105579101515,50.3214443938994,50.9260971650398
Urban population (% of total population),SP.URB.TOTL.IN.ZS,Kuwait,KWT,100,100,100,100,100,100,100,100,100,100
Urban population (% of total population),SP.URB.TOTL.IN.ZS,Kyrgyz Republic,KGZ,35.0515747230627,34.9980805726839,34.9408997219466,34.8805205758044,34.8174315392111,34.7521210171204,34.7003053497743,34.706439175362,34.7219977865937,34.7463537261057
Urban population (% of total population),SP.URB.TOTL.IN.ZS,Lao PDR,LAO,33.8267455533474,34.5115346444216,35.2050070032013,35.9072880879451,36.6185033569111,37.338778268357,38.0682382805397,38.8070088517156,39.5552154401406,40.3129835040701
Urban population (% of total population),SP.URB.TOTL.IN.ZS,Late-demographic dividend,LTE,61.7622468361698,62.7392997946222,63.7579414927705,64.6307387465605,65.2628534044695,66.1284355869503,66.577578734994,66.9097159245761,67.2581719439057,67.6587211144091
Urban population (% of total population),SP.URB.TOTL.IN.ZS,Latin America & Caribbean,LCN,79.6161243552428,79.8285331741903,80.019051151549,80.2273019080141,80.4373918656823,80.6341875645003,80.8277330006255,81.0435031875464,81.2716849224706,81.5060587040558
Urban population (% of total population),SP.URB.TOTL.IN.ZS,Latin America & Caribbean (excluding high income),LAC,79.4649263007294,79.6816524224664,79.8777853019987,80.0895983954183,80.3040110850269,80.5058130551037,80.7043500381091,80.9255861415046,81.1587710342698,81.3986631711555
Urban population (% of total population),SP.URB.TOTL.IN.ZS,Latin America & the Caribbean (IDA & IBRD countries),TLA,79.5767193908271,79.7952284112037,79.992282192881,80.2043693016899,80.4192977316043,80.621099914497,80.8195255101746,81.0398075940594,81.2720096738405,81.5103934487331
Urban population (% of total population),SP.URB.TOTL.IN.ZS,Latvia,LVA,67.9307110858472,67.9706866054779,68.0160346376376,68.066323694246,68.1211222872228,68.1808791463693,68.2570218109034,68.3586316343061,68.4839492628509,68.6325719753517
Urban population (% of total population),SP.URB.TOTL.IN.ZS,Least developed countries: UN classification,LDC,32.5615637568186,33.0338857488887,33.5099096116646,33.9542997559168,34.3799933582931,34.8106741074615,35.2521934518586,35.6888977222996,36.1583212100394,36.6351976248878
Urban population (% of total population),SP.URB.TOTL.IN.ZS,Lebanon,LBN,88.835892633396,89.0519233886895,89.272833088641,89.4986743521503,89.729499798117,89.965362045441,90.206313713022,90.4524074197598,90.703695784554,90.9602314263044
Urban population (% of total population),SP.URB.TOTL.IN.ZS,Lesotho,LSO,35.5077950709441,36.5283648068846,37.569092747415,38.6040920446259,39.6329305425532,40.6551760851997,41.6703965165322,42.6781596804785,43.6780334209246,44.6695855817109
Urban population (% of total population),SP.URB.TOTL.IN.ZS,Liberia,LBR,51.2687310234384,51.7957569553849,52.3245795497906,52.85526226447,53.3878685572381,53.9224618859098,54.4591057083,54.997863482224,55.5387986654968,56.0819747159338
Urban population (% of total population),SP.URB.TOTL.IN.ZS,Libya,LBY,87.8160056703177,87.8166729870528,87.818484275334,87.8220115209342,87.8278267096263,87.8365018271835,87.8486088593786,87.8647197919848,87.8854066107749,87.9112413015221
Urban population (% of total population),SP.URB.TOTL.IN.ZS,Liechtenstein,LIE,14.4802918687379,14.5144332791067,14.5565184941154,14.6070830005951,14.6666622853765,14.6989159370696,14.6923070071538,14.6783761234077,14.657584904886,14.6298998993293
Urban population (% of total population),SP.URB.TOTL.IN.ZS,Lithuania,LTU,67.1894226074219,67.1012954711914,67.1464742010457,67.245735168457,67.4254608154297,68.1912117004395,68.2866452426813,68.575454583199,68.8285833315315,69.0816381352764
Urban population (% of total population),SP.URB.TOTL.IN.ZS,Low & middle income,LMY,49.4002817533326,49.9511508416674,50.513558376457,51.0178827228954,51.4188594538107,51.9053998647644,52.2288701723598,52.5071871488085,52.8061674651841,53.1245267427522
Urban population (% of total population),SP.URB.TOTL.IN.ZS,Low income,LIC,31.5400399249211,31.9030612391146,32.3037160978336,32.6958821290116,33.08213074864,33.4763957965515,33.9116273369541,34.2895467257933,34.7310805373622,35.1617278732072
Urban population (% of total population),SP.URB.TOTL.IN.ZS,Lower middle income,LMC,38.5571311552537,38.9231471210338,39.2838199953492,39.6454155985217,40.0181811356754,40.4037713212789,40.7948368732016,41.2024823337283,41.6034373818137,42.0137846915991
Urban population (% of total population),SP.URB.TOTL.IN.ZS,Luxembourg,LUX,91.5357090052649,92.0963768119916,92.6709441899184,93.2589839734767,93.8600689970981,94.5861743396533,94.7605400940185,94.8015300320787,94.8438702866393,94.8841729598587
Urban population (% of total population),SP.URB.TOTL.IN.ZS,"Macao SAR, China",MAC,100,100,100,100,100,100,100,100,100,100
Urban population (% of total population),SP.URB.TOTL.IN.ZS,Madagascar,MDG,29.4239466316878,29.671033028335,29.9181125346909,30.3046972370204,30.7019474167548,31.1137123216036,31.5397813465886,31.9799438860946,32.4339893339844,32.9017070836898
Urban population (% of total population),SP.URB.TOTL.IN.ZS,Malawi,MWI,15.899632938282,15.9634281867266,16.0221486554255,16.1383746619001,16.2961471756409,16.4881925800694,16.7146031979436,16.9748746665356,17.268503531213,17.5949868386317
Urban population (% of total population),SP.URB.TOTL.IN.ZS,Malaysia,MYS,73.8588978909614,74.2354806421432,74.5634625145296,74.8377707734042,75.0511895575672,75.5088628191907,75.9741357073003,76.4434752105739,76.9170296648992,77.3948812296229
Urban population (% of total population),SP.URB.TOTL.IN.ZS,Maldives,MDV,38.9560872317815,39.32787719143,39.6923354428279,40.0492764783282,40.3985147902839,40.7398648710483,41.0641769690663,41.5096832933973,41.9982152717385,42.5061567995467
Urban population (% of total population),SP.URB.TOTL.IN.ZS,Mali,MLI,26.4468586077195,27.0646702892896,27.6999185916288,28.3520715749509,29.0205972994693,29.7049638253978,30.4015705681899,31.0031889023235,31.6075621182225,32.2127137183989
Urban population (% of total population),SP.URB.TOTL.IN.ZS,Malta,MLT,94.4800033569336,94.5691806330314,94.7242373261706,94.9332032524644,95.1841082280263,95.5145343617045,95.6003155132879,95.6272277147965,95.6546264490509,95.6805856649593
Urban population (% of total population),SP.URB.TOTL.IN.ZS,Marshall Islands,MHL,75.8524215301796,76.2253071645634,76.5886712229035,76.9422712042154,77.285864607515,77.6163157431143,77.9855966195187,78.3593928884282,78.7325660244112,79.105503091452
Urban population (% of total population),SP.URB.TOTL.IN.ZS,Mauritania,MRT,52.9185627319946,54.1970448502004,55.1305077000081,56.0596215779146,56.9836701058893,57.901535141641,58.8120996197226,59.7142464747058,60.6068586411829,61.4888190537696
Urban population (% of total population),SP.URB.TOTL.IN.ZS,Mauritius,MUS,39.5578893260494,39.4499348663789,39.3474905591359,39.2509492806955,39.1607039074325,39.077147315722,39.0000125885784,39.0039901092226,39.0162147027917,39.0369663368524
Urban population (% of total population),SP.URB.TOTL.IN.ZS,Mexico,MEX,77.4405087351486,77.7206924598541,78.0271223924494,78.355984332992,78.677960602824,78.9324007418057,79.199683215791,79.4734935748046,79.7538805976118,80.0408930629723
Urban population (% of total population),SP.URB.TOTL.IN.ZS,"Micronesia, Fed. Sts.",FSM,22.3214896137555,22.332401189542,22.3449820355433,22.359245777081,22.3752060036598,22.3928762855411,22.4122701819053,22.4334012451903,22.4562830235421,22.4809290622703
Urban population (% of total population),SP.URB.TOTL.IN.ZS,"Middle East, North Africa, Afghanistan & Pakistan",MEA,53.9026375690062,54.0927613956461,54.2444653262483,54.4404080887212,54.6812240122644,54.8188568175474,55.12536380356,55.4304551226559,55.6954503331851,55.9556552886396
Urban population (% of total population),SP.URB.TOTL.IN.ZS,"Middle East, North Africa, Afghanistan & Pakistan (excluding high income)",MNA,50.8273618824722,51.0212891329828,51.2278326304516,51.461592912125,51.6896857274925,51.9157887433595,52.1693289932022,52.4233912654293,52.6418305162983,52.8628681640079
Urban population (% of total population),SP.URB.TOTL.IN.ZS,"Middle East, North Africa, Afghanistan & Pakistan (IDA & IBRD)",TMN,50.5924176765155,50.7866571436082,50.9917156514723,51.2234331146053,51.4495362826798,51.6735754616086,51.925275557204,52.1776709218643,52.3941964396274,52.6132026777518
Urban population (% of total population),SP.URB.TOTL.IN.ZS,Middle income,MIC,51.3297823323889,51.9320485360666,52.5468329848241,53.1016369485035,53.543730448338,54.0812947662006,54.4326887515123,54.7420083291234,55.0660835467752,55.413010423551
Urban population (% of total population),SP.URB.TOTL.IN.ZS,Moldova,MDA,39.7373237609863,39.9736557006836,40.3258094787598,40.772289276123,41.3368530273438,41.8115425109863,42.4048843383789,43.0011825561523,43.516471862793,43.7336240404545
Urban population (% of total population),SP.URB.TOTL.IN.ZS,Monaco,MCO,100,100,100,100,100,100,100,100,100,100
Urban population (% of total population),SP.URB.TOTL.IN.ZS,Mongolia,MNG,67.9776754820979,67.9260583223672,67.8683444833372,67.8277299551557,68.0894771770775,69.2153244018555,69.783805847168,70.4464492797852,70.9566040039062,71.1450719126123
Urban population (% of total population),SP.URB.TOTL.IN.ZS,Montenegro,MNE,64.9101692293409,64.9992438680584,65.0854068937869,65.1686759904159,65.2490688418027,65.3266031317675,65.4012965440866,65.4731667624849,65.5422314706266,65.6085083521036
Urban population (% of total population),SP.URB.TOTL.IN.ZS,Morocco,MAR,60.9657656537179,61.2761057031842,61.5695822753314,61.8430450233765,62.0933436005366,62.3173276600289,62.5118468550703,62.673750838878,62.7998124018197,63.1278612260269
Urban population (% of total population),SP.URB.TOTL.IN.ZS,Mozambique,MOZ,32.3819234395234,32.6274411492675,32.9902559073541,33.4177241517032,33.9044006416285,34.4499259401554,35.0536638047945,35.7149783148407,36.4332337447237,37.2077944927189
Urban population (% of total population),SP.URB.TOTL.IN.ZS,Myanmar,MMR,29.8129165582094,29.9051727703437,29.993574050729,30.0782436945232,30.1593049968842,30.2368812529698,30.311095757938,30.3820718069466,30.4499084074136,30.5836915476767
Urban population (% of total population),SP.URB.TOTL.IN.ZS,Namibia,NAM,46.1751725648784,46.8135799686288,47.4232814423189,48.0019807724839,48.547381745659,49.0571881483796,49.5291037671807,49.9545837830821,50.4088030252155,50.8666984399326
Urban population (% of total population),SP.URB.TOTL.IN.ZS,Nauru,NRU,100,100,100,100,100,100,100,100,100,100
Urban population (% of total population),SP.URB.TOTL.IN.ZS,Nepal,NPL,65.2895168835553,65.5768928085184,65.8104229225551,65.9873929484157,66.1050886088505,66.144235274522,66.2992968721053,66.5432933453944,66.772343163029,66.999424884859
Urban population (% of total population),SP.URB.TOTL.IN.ZS,Netherlands,NLD,90.5803239452777,91.1219700676602,92.6062472401044,93.8898028856479,94.2532277765935,94.6294783220315,94.9856177734136,95.3221682092129,95.6396517079336,95.9385903481191
Urban population (% of total population),SP.URB.TOTL.IN.ZS,New Caledonia,NCL,66.8902054658406,66.9683393293094,67.0588809757675,67.1574673707832,67.2747261065933,67.4130776539646,67.5720305021282,67.751522311337,67.9514695585577,68.1717888335577
Urban population (% of total population),SP.URB.TOTL.IN.ZS,New Zealand,NZL,84.691365594,84.1701025874108,83.8017846685577,83.804965871667,83.8138977095908,83.8299382585905,83.8547305017812,83.8898991461229,83.9370658833132,83.9978515774731
Urban population (% of total population),SP.URB.TOTL.IN.ZS,Nicaragua,NIC,58.0043880782023,58.1892567408822,58.3683858659405,58.5405671448072,58.7045922689128,58.8592529296875,58.9954376220703,59.1250953674316,59.2628402709961,59.4435892957332
Urban population (% of total population),SP.URB.TOTL.IN.ZS,Niger,NER,16.3898280543236,16.5036987906896,16.6449011799221,16.813146499685,17.0081420003794,17.2295936666686,17.477207007512,17.7506873295237,18.0497398450803,18.3740697195469
Urban population (% of total population),SP.URB.TOTL.IN.ZS,Nigeria,NGA,56.541038793347,57.3486345560101,58.1553347527729,58.9611186427056,59.7659654848781,60.5698545383604,61.3727650622225,62.1746763155343,62.9755675573659,63.7754180467872
Urban population (% of total population),SP.URB.TOTL.IN.ZS,North America,NAC,80.5816899364942,80.5059159293977,80.4126136678733,80.2981427760977,80.2018987822716,80.2350390902744,80.2779687115812,80.3357102611225,80.4068310718763,80.4869628398688
Urban population (% of total population),SP.URB.TOTL.IN.ZS,North Macedonia,MKD,59.3823070989891,59.7437719356273,60.1580316016216,60.6286848102132,61.1593302746435,61.6841975628139,61.9530566607267,62.2518322545779,62.5645376928533,62.8909857826036
Urban population (% of total population),SP.URB.TOTL.IN.ZS,Northern Mariana Islands,MNP,91.3990047853283,91.4720215898621,91.5444506155168,91.6162852134162,91.6908367362908,91.7842137303802,91.8785788645608,91.9754112887573,92.0747260922394,92.1765383642716
Urban population (% of total population),SP.URB.TOTL.IN.ZS,Norway,NOR,81.6800003051758,81.9699745912375,82.2452112401723,82.4935894878281,82.7029885700532,82.8612877226956,82.9563661816034,83.0718560702166,83.3293737928469,83.5705787708326
Urban population (% of total population),SP.URB.TOTL.IN.ZS,Not classified,INX,..,..,..,..,..,..,..,..,..,..
Urban population (% of total population),SP.URB.TOTL.IN.ZS,OECD members,OED,80.3858291802831,80.4525335528694,80.5397753365218,80.6506763352269,80.7381377175693,80.8557784895293,80.949627748444,81.0543158861621,81.1863178943609,81.3158337292265
Urban population (% of total population),SP.URB.TOTL.IN.ZS,Oman,OMN,77.7521362304688,78.3142260040136,78.9655839720276,79.5780017545962,80.0176378922722,80.1239942103569,80.0117053152301,79.5702973228932,79.4440302814714,79.4781383307689
Urban population (% of total population),SP.URB.TOTL.IN.ZS,Other small states,OSS,53.2560302540443,53.4441254377598,53.6519140670653,53.8727328667505,54.0599291555754,54.2199717949652,54.4367375147272,54.7413384725346,54.9615544244478,55.1790329785941
Urban population (% of total population),SP.URB.TOTL.IN.ZS,Pacific island small states,PSS,38.5106153371305,38.8043513180851,39.0330726122061,39.2708800377762,39.4509108653665,39.6583318985728,39.9427900823495,40.2526358335376,40.5632799632706,40.8754719242034
Urban population (% of total population),SP.URB.TOTL.IN.ZS,Pakistan,PAK,36.1597184900333,36.4351548223399,36.7478511550359,37.1091631735769,37.5080192948099,37.9333395514173,38.3740439760816,38.8191861872791,39.1734368360905,39.5256010979606
Urban population (% of total population),SP.URB.TOTL.IN.ZS,Palau,PLW,80.1089335766065,79.8284579022498,79.5520868568744,79.2803814152827,79.0796884006264,79.0890798782416,79.1134831712956,79.1531991438847,79.2095042878667,79.2835934246556
Urban population (% of total population),SP.URB.TOTL.IN.ZS,Panama,PAN,65.5971555296656,65.6577712475758,65.7099285144924,65.752985396379,65.7862999591993,65.8092302689169,65.8211343914956,65.8601271176084,65.9958447685488,66.1500999418126
Urban population (% of total population),SP.URB.TOTL.IN.ZS,Papua New Guinea,PNG,13.3653651942392,13.5249644881888,13.7125720532162,13.9278267446947,14.1703677185729,14.4398342822353,14.7358658260841,15.0581017891206,15.4061816403333,15.7797448680276
Urban population (% of total population),SP.URB.TOTL.IN.ZS,Paraguay,PRY,62.0827613208606,62.9526389826574,63.9248988239553,64.9845298299929,66.116520986009,67.3058612772421,68.6396537819458,69.3466081733694,69.8622585886961,70.3897639855864
Urban population (% of total population),SP.URB.TOTL.IN.ZS,Peru,PER,81.4192362241943,82.1931650502403,82.6854929960921,83.1033003087105,83.5267437189637,83.9480118272361,84.3663554951194,84.7810255849745,85.1912729600355,85.5963484845463
Urban population (% of total population),SP.URB.TOTL.IN.ZS,Philippines,PHL,51.9114748151175,52.6010482354344,53.2088897464754,53.7157859948017,54.1077719895977,54.4504102510776,54.7902343568327,55.1242716168851,55.4520983215477,55.7732907605332
Urban population (% of total population),SP.URB.TOTL.IN.ZS,Poland,POL,60.2402284228997,60.145888199417,60.0533306480907,59.9626184068963,59.8738141138092,59.8096513205543,59.8315488048321,59.8859561370214,59.9705468695101,60.0853330309371
Urban population (% of total population),SP.URB.TOTL.IN.ZS,Portugal,PRT,61.1343011242723,61.1296726507436,61.1233069673808,61.114927250613,61.1042566768691,61.0951249296597,61.1259255772782,61.2048652633664,61.3281907341332,61.4953199318985
Urban population (% of total population),SP.URB.TOTL.IN.ZS,Post-demographic dividend,PST,80.5121378696177,80.5730252146896,80.6405983623246,80.7012981435582,80.7390351837835,80.8170398426815,80.9329132113806,81.0611822262698,81.155010735299,81.2440377612744
Urban population (% of total population),SP.URB.TOTL.IN.ZS,Pre-demographic dividend,PRE,41.6692983719903,42.1481736818509,42.6168705959194,43.0478017904088,43.4980819386669,43.966697242761,44.4496171500869,44.944973511523,45.4428830887567,45.9503662459409
Urban population (% of total population),SP.URB.TOTL.IN.ZS,Puerto Rico (US),PRI,93.8232738004303,93.8561953815964,93.8986961132283,93.9519912222253,94.0116144995587,94.0550712597302,94.1110923054937,94.1774359275881,94.2539505199436,94.3404836598892
Urban population (% of total population),SP.URB.TOTL.IN.ZS,Qatar,QAT,98.9855265345423,99.0310125265978,99.0755684762244,99.1191696672067,99.1617913833034,99.203408908243,99.243997525719,99.2835325193835,99.3219891728394,99.3593427696312
Urban population (% of total population),SP.URB.TOTL.IN.ZS,Romania,ROU,53.5528171972639,53.3648643239046,53.1445711571868,52.8931835224862,52.611947245178,52.2321512130811,52.1634832477272,52.1645747011867,52.1674778928768,52.1728885041698
Urban population (% of total population),SP.URB.TOTL.IN.ZS,Russian Federation,RUS,74.3703138709243,74.460036813029,74.5442926137992,74.6222859951926,74.6932216791674,74.7516840220252,74.8544893625017,74.9805047873279,75.1119136177067,75.2506636608215
Urban population (% of total population),SP.URB.TOTL.IN.ZS,Rwanda,RWA,19.1213951786548,20.2477568101111,21.5418444579064,22.9711026997362,24.5029761132966,26.1049092762833,27.7806702737761,28.8555310645477,29.8849714294083,30.9133840928162
Urban population (% of total population),SP.URB.TOTL.IN.ZS,Samoa,WSM,19.126462366749,18.9657191879831,18.7241267935467,18.4147344481283,18.0516608994722,17.5672426452007,17.5007949951039,17.5012799804602,17.5029115108018,17.5063874123422
Urban population (% of total population),SP.URB.TOTL.IN.ZS,San Marino,SMR,97.0999984741211,97.0999984741211,97.0999984741211,97.0999984741211,97.0999984741211,97.1035668453272,97.1141889380465,97.1317310361655,97.1560555881096,97.1870254171573
Urban population (% of total population),SP.URB.TOTL.IN.ZS,Sao Tome and Principe,STP,67.5218887329102,67.6520004272461,67.7828826904297,67.9129943847656,68.0436706542969,68.1738967895508,68.3720919798341,68.6043921103568,68.8710170184884,69.1721865415984
Urban population (% of total population),SP.URB.TOTL.IN.ZS,Saudi Arabia,SAU,83.129128630626,83.300690534822,83.4708425884849,83.6394643268678,83.8064352851942,83.9716349986538,84.1349430023993,84.2962388315415,84.4554020211443,84.6123121062185
Urban population (% of total population),SP.URB.TOTL.IN.ZS,Senegal,SEN,47.0553579909929,47.9338349639053,48.9001692274485,49.9443321273477,51.0562950093282,52.2260292191155,53.4435061024348,54.6992276190794,55.2368169057304,55.7672494455246
Urban population (% of total population),SP.URB.TOTL.IN.ZS,Serbia,SRB,60.3853870034026,60.621208190918,60.8433609008789,61.0492248535156,61.223201751709,61.363899230957,61.9013813540396,62.1434649229738,62.3830029804177,62.6379872799333
Urban population (% of total population),SP.URB.TOTL.IN.ZS,Seychelles,SYC,43.2815632531296,43.4968644410824,43.7386669014459,44.0049304031754,44.2936147152263,44.6026796065539,44.9108209981157,45.0971081321658,45.2898622460415,45.4828390704609
Urban population (% of total population),SP.URB.TOTL.IN.ZS,Sierra Leone,SLE,41.229411538771,41.7106682105058,42.2011025267803,42.7018444914441,43.2129659123546,43.7345385973699,44.2666343543487,44.809324991151,45.3626823156371,45.9267781356681
Urban population (% of total population),SP.URB.TOTL.IN.ZS,Singapore,SGP,100,100,100,100,100,100,100,100,100,100
Urban population (% of total population),SP.URB.TOTL.IN.ZS,Sint Maarten (Dutch part),SXM,100,100,100,100,100,100,100,100,100,100
Urban population (% of total population),SP.URB.TOTL.IN.ZS,Slovak Republic,SVK,53.7399327086517,53.6126018237016,53.4881496935559,53.3666558664583,53.2481998906526,53.1901479870605,53.1902831072528,53.190805019646,53.1919702985684,53.1940341971169
Urban population (% of total population),SP.URB.TOTL.IN.ZS,Slovenia,SVN,53.647274017334,55.2451133728027,55.1913430955675,55.4523277282715,55.384391784668,55.3046289429588,55.3377817873563,55.5378927789875,55.7577708405917,55.9906997845822
Urban population (% of total population),SP.URB.TOTL.IN.ZS,Small states,SST,50.5823717773529,50.740519957361,50.8834075568435,51.0510007537325,51.2091700462085,51.340072776001,51.5222800598785,51.7493987022104,51.9275948240725,52.1047234338587
Urban population (% of total population),SP.URB.TOTL.IN.ZS,Solomon Islands,SLB,24.5047424399707,25.3830535769599,26.2946826684302,27.275106750276,28.0327555150022,28.6889396820578,29.3511689856806,30.0088821088389,30.6617188562194,31.3093190325418
Urban population (% of total population),SP.URB.TOTL.IN.ZS,"Somalia, Fed. Rep.",SOM,45.942842729174,48.3639630032265,50.9506215336872,51.6421170703225,52.286318011754,52.9060649733324,53.5010115886789,54.0714435506882,54.6176465524521,55.1399062872976
Urban population (% of total population),SP.URB.TOTL.IN.ZS,South Africa,ZAF,63.2750973439347,63.3311078299936,63.3771545246841,63.4127255007908,63.4373088310982,63.4503925883909,63.4766699210327,63.5823705163545,63.6917984858172,63.8154011002522
Urban population (% of total population),SP.URB.TOTL.IN.ZS,South Asia,SAS,32.9532139923473,33.2643876230047,33.5735795082406,33.8860664509609,34.2000653894608,34.5086968655354,34.8137520955194,35.137165500664,35.462858724308,35.7927050201319
Urban population (% of total population),SP.URB.TOTL.IN.ZS,South Asia (IDA & IBRD),TSA,32.9532139923473,33.2643876230047,33.5735795082406,33.8860664509609,34.2000653894608,34.5086968655354,34.8137520955194,35.137165500664,35.462858724308,35.7927050201319
Urban population (% of total population),SP.URB.TOTL.IN.ZS,South Sudan,SSD,19.0769476614377,19.3489927232944,19.6254143932663,19.9062299188719,20.1914565476286,20.4811115270532,20.7752121046616,21.0737755279692,21.3768190444906,21.6843599017401
Urban population (% of total population),SP.URB.TOTL.IN.ZS,Spain,ESP,79.3615955277997,79.4663233085683,79.5580057813361,79.6349761108307,79.6955674617799,79.7846242983598,79.9548794567814,80.128491001856,80.315199821207,80.5149251039138
Urban population (% of total population),SP.URB.TOTL.IN.ZS,Sri Lanka,LKA,18.9747679368162,19.1507693078088,19.3241083384127,19.4946326418437,19.6621898312161,19.8266275195269,19.9877933196367,20.1455348442463,20.2996997058686,20.4501355167937
Urban population (% of total population),SP.URB.TOTL.IN.ZS,St. Kitts and Nevis,KNA,31.2806171906169,31.3169642505921,31.3607229995076,31.4121818392285,31.4716289738952,31.5393525093972,31.6156404983167,31.7007809622822,31.795061903951,31.8987713138283
Urban population (% of total population),SP.URB.TOTL.IN.ZS,St. Lucia,LCA,20.8164880000551,21.783720356472,22.9261241055144,24.2476974658382,25.7524386560998,27.4443458949551,29.097678526676,29.0976313248036,29.0973354237452,29.096571131107
Urban population (% of total population),SP.URB.TOTL.IN.ZS,St. Martin (French part),MAF,100,100,100,100,100,100,100,100,100,100
Urban population (% of total population),SP.URB.TOTL.IN.ZS,St. Vincent and the Grenadines,VCT,46.8116589511271,46.9392900518098,47.0674689446123,47.1962073993512,47.3255171858432,47.4554100739049,47.585897833353,47.7169922340041,47.8487050456749,47.9810480381821
Urban population (% of total population),SP.URB.TOTL.IN.ZS,Sub-Saharan Africa,SSF,40.3035222705197,40.7748446210958,41.2566428447246,41.7071031134135,42.1670568799491,42.6489634636483,43.1558281440802,43.639562828921,44.1495101463121,44.6585400495213
Urban population (% of total population),SP.URB.TOTL.IN.ZS,Sub-Saharan Africa (excluding high income),SSA,40.3032542736816,40.7746030847625,41.2564263036696,41.7069060558369,42.1668776172731,42.6488015882409,43.15565683019,43.6394241334397,44.1494028547268,44.6584634972637
Urban population (% of total population),SP.URB.TOTL.IN.ZS,Sub-Saharan Africa (IDA & IBRD countries),TSS,40.3035222705197,40.7748446210958,41.2566428447246,41.7071031134135,42.1670568799491,42.6489634636483,43.1558281440802,43.6395628289209,44.1495101463121,44.6585400495213
Urban population (% of total population),SP.URB.TOTL.IN.ZS,Sudan,SDN,34.1881958841213,34.2872225663509,34.382054222005,34.4727685824236,34.5594433789246,34.6421563427994,34.7209852053086,34.7960076976764,34.8673015510839,34.9349444966605
Urban population (% of total population),SP.URB.TOTL.IN.ZS,Suriname,SUR,66.1426466980469,66.1046467051207,66.0693060442846,66.0370492311305,66.00830078125,65.9853973388672,65.8985443115234,65.7562408447266,65.7641857200885,65.7886836406706
Urban population (% of total population),SP.URB.TOTL.IN.ZS,Sweden,SWE,87,87.237373786911,87.4737430925296,87.7088420242759,87.9424046895699,88.1741651958315,88.4038576504809,88.631216160938,88.8559748346228,89.0778677789555
Urban population (% of total population),SP.URB.TOTL.IN.ZS,Switzerland,CHE,76.6726675773771,77.9126273688843,79.2922201625844,80.7792907322229,82.3416838515457,84.2006477608879,84.9206266284521,85.1854212679815,85.4615370020764,85.7272157802756
Urban population (% of total population),SP.URB.TOTL.IN.ZS,Syrian Arab Republic,SYR,75.15400963398,74.5395596323392,74.0612602381775,73.8248788261986,73.4125031102512,73.0125007629395,72.6124992370605,72.1673803143204,72.0761345758254,72.0836286208518
Urban population (% of total population),SP.URB.TOTL.IN.ZS,Tajikistan,TJK,26.3718509674072,26.2731513977051,26.2338752746582,26.1300735473633,26.1925442328719,26.1991525151375,26.1957126615618,26.1890127571429,26.1788063651548,26.16476270853
Urban population (% of total population),SP.URB.TOTL.IN.ZS,Tanzania,TZA,31.7577303242916,32.2987013317296,32.8287423010834,33.3475258518752,33.8547246036273,34.3500111758619,34.8234736377147,35.4748019434954,36.1684458862992,36.8833115936643
Urban population (% of total population),SP.URB.TOTL.IN.ZS,Thailand,THA,47.8801095551247,49.2311973571777,54.5843734741211,55.9266166687012,57.2358779907227,58.5087776184082,59.742374420166,60.9341926574707,61.8689338391321,62.7993377136296
Urban population (% of total population),SP.URB.TOTL.IN.ZS,Timor-Leste,TLS,29.4462907628171,29.3600996787092,29.248617510057,29.1148755245217,28.9619049897647,28.7927371734472,28.5857292288968,28.595471832952,28.6641074179574,28.7864318960935
Urban population (% of total population),SP.URB.TOTL.IN.ZS,Togo,TGO,40.1485878279739,40.5809463430719,41.013328267781,41.445731197295,41.8781527268075,42.3105904515122,42.7332327975627,43.2496853032436,43.8148491605996,44.3949892074399
Urban population (% of total population),SP.URB.TOTL.IN.ZS,Tonga,TON,23.1277038505921,22.9711300654966,22.7017138925547,22.3288155626206,21.8766206823411,21.258003897665,21.147219451842,21.147944541337,21.1505271125521,21.1561406217448
Urban population (% of total population),SP.URB.TOTL.IN.ZS,Trinidad and Tobago,TTO,53.9277523084951,53.9293186833833,53.9314518934907,53.9342394732739,53.9377689584806,53.9421278853848,53.9474037904998,53.9536842104572,53.961056681951,53.9696087417106
Urban population (% of total population),SP.URB.TOTL.IN.ZS,Tunisia,TUN,68.0623356528248,68.2877807617188,68.5485240272509,68.8206382576031,69.1043166438476,69.3997523770568,69.707138648303,70.0266686486584,70.3585355691955,70.7029326009864
Urban population (% of total population),SP.URB.TOTL.IN.ZS,Turkiye,TUR,88.1020958581776,88.0320472717286,88.1655749576173,88.6618152857124,88.9303114965222,89.1762048153239,89.0381164550781,89.0218446796121,89.3443122873887,89.494060002186
Urban population (% of total population),SP.URB.TOTL.IN.ZS,Turkmenistan,TKM,47.0227025249994,47.0334857399476,47.0423948717765,47.0494562466485,47.0546961907259,47.0581410301711,47.0592103414926,47.0678875054171,47.0875253910294,47.1053608253747
Urban population (% of total population),SP.URB.TOTL.IN.ZS,Turks and Caicos Islands,TCA,92.1466904484552,92.4155868799755,92.6802596594323,92.9404854322845,93.1960408439605,93.4467025398547,93.6922471653237,93.9324513656818,94.1670917861964,94.3959450720822
Urban population (% of total population),SP.URB.TOTL.IN.ZS,Tuvalu,TUV,59.4744768348285,59.9531274910912,60.5596409590777,61.2406529218636,61.9212610534937,62.6098296425994,63.3065768081154,64.0117206689787,64.7254793441291,65.4480709525093
Urban population (% of total population),SP.URB.TOTL.IN.ZS,Uganda,UGA,25.6953567134098,26.4139260579546,27.1280475018884,27.8369781799403,28.5399752271502,29.2362957789022,29.9251969709665,30.6059359395495,31.2777698213557,31.9399557536617
Urban population (% of total population),SP.URB.TOTL.IN.ZS,Ukraine,UKR,69.2102241609089,69.2633108489282,69.3157992777909,69.3527648708735,69.3839100516745,69.4027032653896,69.42345912103,69.4754455027606,69.5315643200148,69.5954924645764
Urban population (% of total population),SP.URB.TOTL.IN.ZS,United Arab Emirates,ARE,84.5093991669984,84.686675718659,84.8601805824625,85.0298263388195,85.1955255681984,85.3571908511355,85.5147347682487,85.6680699002526,85.8171088279791,85.9617641324017
Urban population (% of total population),SP.URB.TOTL.IN.ZS,United Kingdom,GBR,82.0229991698295,82.23065673273,82.4465657551295,82.6699420738913,82.9000015258789,82.9886431523641,83.0753982997505,83.1601932891335,83.2429544416085,83.323608078271
Urban population (% of total population),SP.URB.TOTL.IN.ZS,United States,USA,80.4976645324131,80.4018678392891,80.2804567987377,80.1304793353594,79.997451762548,80.0074765140272,80.0324978239707,80.071561119178,80.1247798047184,80.1921733027869
Urban population (% of total population),SP.URB.TOTL.IN.ZS,Upper middle income,UMC,62.6740874157133,63.5572076005172,64.4716330609836,65.2798912322227,65.8795028368007,66.6600410441556,67.0965136790125,67.4481028683691,67.8220882951789,68.2306890215885
Urban population (% of total population),SP.URB.TOTL.IN.ZS,Uruguay,URY,95.1585424955685,95.2288235732042,95.2942581176758,95.3479309082031,95.3997650146484,95.4497146606445,95.4977416992188,95.5439605712891,95.5981951588181,95.6537192104085
Urban population (% of total population),SP.URB.TOTL.IN.ZS,Uzbekistan,UZB,50.6572189331055,50.6787376403809,50.5814971923828,50.5920104980469,50.7670402526855,50.9269905090332,50.9847412109375,50.9964841114568,50.9986686706543,51.0173495084299
Urban population (% of total population),SP.URB.TOTL.IN.ZS,Vanuatu,VUT,24.8654875642873,24.7644441456437,24.2729727045038,23.5024668917075,22.4186852094794,22.2501822422475,22.2541249733107,22.2651966823901,22.2866933360645,22.3219888836722
Urban population (% of total population),SP.URB.TOTL.IN.ZS,"Venezuela, RB",VEN,88.9914428378712,89.0287726100378,89.0659636921159,89.1030100517924,89.1399056567545,89.1766444746891,89.2132204732836,89.249627620225,89.285859883201,89.3219112298988
Urban population (% of total population),SP.URB.TOTL.IN.ZS,Viet Nam,VNM,32.8476189285136,33.3625963003742,33.9410227821412,34.6239134999511,35.5706676299742,36.6540656426603,37.5478515625,38.1298904418945,38.4900703430176,38.8299160351294
Urban population (% of total population),SP.URB.TOTL.IN.ZS,Virgin Islands (U.S.),VIR,94.9941093874829,95.0366785523929,95.0676784538999,95.0857481413049,95.0974024521293,95.1604310610968,95.2171514724412,95.2740790945924,95.3312197036061,95.388579075538
Urban population (% of total population),SP.URB.TOTL.IN.ZS,West Bank and Gaza,PSE,85.3377390706351,85.3782255354,85.5351131070872,85.8136174183656,86.0741183743925,86.334956387337,86.5961423216016,86.8576870415886,87.1196014117004,87.3818962963393
Urban population (% of total population),SP.URB.TOTL.IN.ZS,World,WLD,54.894926437495,55.319833918472,55.7520777819135,56.1409825640469,56.4441759386598,56.80922270108,57.0722541398634,57.3116916082902,57.565600293551,57.8251158115221
Urban population (% of total population),SP.URB.TOTL.IN.ZS,"Yemen, Rep.",YEM,32.9512008005236,33.5586912522175,34.2106045810864,34.9067561732024,35.7025604580302,36.0704951256305,36.3226310308295,36.5707979836506,36.8077517596594,37.0336664607078
Urban population (% of total population),SP.URB.TOTL.IN.ZS,Zambia,ZMB,42.3442476889162,42.7295979877011,43.1114735233156,43.4897864547552,43.8644489410157,44.2353731410926,44.5988511178469,45.0285853521585,45.4703838491279,45.9171510161461
Urban population (% of total population),SP.URB.TOTL.IN.ZS,Zimbabwe,ZWE,34.0799460726314,34.7014953017273,35.4085538807905,36.1837638266364,37.0097671560802,37.8692058859373,38.7055207169041,39.2919370795795,39.8933716820696,40.4951287431452
People using at least basic sanitation services (% of population),SH.STA.BASS.ZS,Afghanistan,AFG,43.3698641937307,44.7508111861658,46.1335435081079,47.5183902057843,48.9056813120247,50.2966403259731,51.6914397704169,53.0909369400519,54.4957993646086,..
People using at least basic sanitation services (% of population),SH.STA.BASS.ZS,Africa Eastern and Southern,AFE,30.2072987113231,30.9334876885869,31.6082193350839,32.2445544986626,32.8799940328049,33.571066337811,34.2791696120513,34.0795139485384,34.6634516329513,..
People using at least basic sanitation services (% of population),SH.STA.BASS.ZS,Africa Western and Central,AFW,33.5321845170052,34.4325557404153,35.2275901324312,36.1506065844091,37.0867318547095,38.0352722464966,39.2205035405519,40.1713438955057,40.5962163481677,..
People using at least basic sanitation services (% of population),SH.STA.BASS.ZS,Albania,ALB,98.1079014758832,98.5472964296809,98.9736466158724,99.1830672601737,99.298792439378,99.2990351357274,99.2992678183537,99.2994944120586,99.2997151439025,..
People using at least basic sanitation services (% of population),SH.STA.BASS.ZS,Algeria,DZA,86.6054840366106,86.4588236326811,86.3030907782839,86.1385037232471,85.9654731245039,85.7843029485606,85.8262858406741,85.8670433970582,85.9064861325463,..
People using at least basic sanitation services (% of population),SH.STA.BASS.ZS,American Samoa,ASM,62.1671029991572,62.1592021630655,62.1513013269738,62.1434004908821,62.1354996547904,62.1275988186987,62.119697982607,62.119697982607,62.119697982607,..
People using at least basic sanitation services (% of population),SH.STA.BASS.ZS,Andorra,AND,100,100,100,100,99.9999952180714,100,99.9999963147646,100,100,..
People using at least basic sanitation services (% of population),SH.STA.BASS.ZS,Angola,AGO,47.555908833618,48.4237656848917,49.2865229934191,49.5470237290202,49.8016376564917,50.0511353702384,50.2951359158799,..,..,..
People using at least basic sanitation services (% of population),SH.STA.BASS.ZS,Antigua and Barbuda,ATG,97.0132411183707,97.7638078582703,98.5136876135771,99.0899721182438,99.6041813873018,99.6050402706189,99.605594345624,99.6058209466968,99.6057190215246,..
People using at least basic sanitation services (% of population),SH.STA.BASS.ZS,Arab World,ARB,82.7181898708854,83.3065429485668,83.8543247646562,84.3862512082364,84.9310720181759,85.2970813642296,85.8041341756262,86.353231650274,86.9241273752716,..
People using at least basic sanitation services (% of population),SH.STA.BASS.ZS,Argentina,ARG,94.8209557204549,..,..,..,..,..,..,..,..,..
People using at least basic sanitation services (% of population),SH.STA.BASS.ZS,Armenia,ARM,91.7279143880493,91.9795911262643,92.2358515104765,92.4966218956113,92.7619845664061,93.0320229848765,93.3068358390677,93.5674537130871,93.6649426520095,..
People using at least basic sanitation services (% of population),SH.STA.BASS.ZS,Aruba,ABW,98.6035750074337,98.6429794587166,98.6823839099995,98.7217883612824,98.7611928125653,98.8005972638482,98.8400017151311,98.8400017151311,98.8400017151311,..
People using at least basic sanitation services (% of population),SH.STA.BASS.ZS,Australia,AUS,99.9984607066097,99.9989169467813,99.9993731869528,99.9998294271244,100,100,100,100,100,..
People using at least basic sanitation services (% of population),SH.STA.BASS.ZS,Austria,AUT,99.9748167576783,99.9729077052186,99.9728166060806,99.9727130295408,99.9726022326155,99.9724908948366,99.9723650796655,99.9722421586423,99.9721024074429,..
People using at least basic sanitation services (% of population),SH.STA.BASS.ZS,Azerbaijan,AZE,88.9091129023182,90.2983404004094,91.6909287439115,93.0865984611418,94.4852164889199,95.8663117734363,96.9106527966691,97.9482163589564,98.9785069136854,..
People using at least basic sanitation services (% of population),SH.STA.BASS.ZS,"Bahamas, The",BHS,93.7100445402837,93.7100445402837,93.7100445402837,93.7100445402837,..,..,..,..,..,..
People using at least basic sanitation services (% of population),SH.STA.BASS.ZS,Bahrain,BHR,100,100,100,100,100,100,100,100,100,..
People using at least basic sanitation services (% of population),SH.STA.BASS.ZS,Bangladesh,BGD,51.9283001377065,53.861024982081,55.8026895798661,57.7528738554199,59.7111659386902,61.6770898454809,63.6502711298232,65.6304136319171,67.6171751221237,..
People using at least basic sanitation services (% of population),SH.STA.BASS.ZS,Barbados,BRB,95.8613757377664,96.2501568778129,96.6389380178594,97.0277191579059,97.3312392700884,97.3330327442074,98.0924623115578,98.0924623115578,98.0924623115578,..
People using at least basic sanitation services (% of population),SH.STA.BASS.ZS,Belarus,BLR,97.9567271053164,98.4471393205969,98.9391988814901,99.4338632205589,99.5940049296976,99.6591219571066,99.6897638568081,99.7199437262096,99.7473526999237,..
People using at least basic sanitation services (% of population),SH.STA.BASS.ZS,Belgium,BEL,99.4861721928964,99.4861854185217,99.4861848733706,99.4861954289203,99.4862025266725,99.486206436114,99.4862152277247,99.4862165648512,99.486220664134,..
People using at least basic sanitation services (% of population),SH.STA.BASS.ZS,Belize,BLZ,84.0080355199731,84.027602259463,84.0520275827063,84.0839153038299,84.1193982319828,84.1586414948366,84.2021316466722,84.2497280854857,84.3017658171591,..
People using at least basic sanitation services (% of population),SH.STA.BASS.ZS,Benin,BEN,16.9310972411709,17.5567124078682,18.1937303852969,18.8420840944928,19.501704357901,20.1721169387367,20.853650768615,21.5460291941212,22.248968702791,..
People using at least basic sanitation services (% of population),SH.STA.BASS.ZS,Bermuda,BMU,99.9458179125246,99.9437352570609,99.9416526015971,99.9416526015971,99.9416526015971,99.9416526015971,99.9416526015971,99.9416526015971,99.9416526015971,..
People using at least basic sanitation services (% of population),SH.STA.BASS.ZS,Bhutan,BTN,73.8369686889029,75.5507698570494,77.2378421749847,78.8989372535781,80.5347803811223,82.1461906791953,83.7339782184806,85.2990010822165,86.8421082075035,..
People using at least basic sanitation services (% of population),SH.STA.BASS.ZS,Bolivia,BOL,58.4055072099322,60.1364043539165,61.8863758501478,63.6552770936558,65.4426819747995,67.2484529429256,69.0727323107113,70.4335419312464,71.5839204142996,..
People using at least basic sanitation services (% of population),SH.STA.BASS.ZS,Bosnia and Herzegovina,BIH,95.3361467691692,95.360235583008,95.3850620124746,..,..,..,..,..,..,..
People using at least basic sanitation services (% of population),SH.STA.BASS.ZS,Botswana,BWA,67.9129615984092,68.5731443566445,69.2069921595304,69.8150599678289,70.3974291175514,70.9542350453954,71.4864919930582,71.9941392506475,72.115456599001,..
People using at least basic sanitation services (% of population),SH.STA.BASS.ZS,Brazil,BRA,86.4725409994878,87.2513460581389,88.0250303307035,88.7943635272571,89.5591441286736,90.3198016289812,91.0196550646128,91.7128476214348,92.4012701604853,..
People using at least basic sanitation services (% of population),SH.STA.BASS.ZS,British Virgin Islands,VGB,96.8579794836767,..,..,..,..,..,..,..,..,..
People using at least basic sanitation services (% of population),SH.STA.BASS.ZS,Brunei Darussalam,BRN,92.1810129981427,93.3976483994347,94.6142838007268,95.8309192020188,97.0475546033103,98.2641900046024,99.4808254058944,100,100,..
People using at least basic sanitation services (% of population),SH.STA.BASS.ZS,Bulgaria,BGR,85.9935449985972,86.0039712709355,86.0143608416048,86.0247532488828,86.0351484540034,86.0455390086067,86.0559026317979,86.0662621462475,86.0765607063355,..
People using at least basic sanitation services (% of population),SH.STA.BASS.ZS,Burkina Faso,BFA,23.6358671659231,24.6558918981723,25.6835548762607,26.7185691114763,27.7597483878875,28.8068022658045,29.8585926182987,30.9150753845811,31.7963485938203,..
People using at least basic sanitation services (% of population),SH.STA.BASS.ZS,Burundi,BDI,44.7585847024572,44.6289841238283,44.4954380894811,44.3577388229315,44.4548070620661,44.5545225988873,44.6569603684061,44.6456125902738,44.6339890793582,..
People using at least basic sanitation services (% of population),SH.STA.BASS.ZS,Cabo Verde,CPV,72.496932762021,74.6142580571751,76.7237249815456,78.8249549430518,80.9181460926349,83.0030877232497,83.045304882988,83.0869470550891,83.1279216157097,..
People using at least basic sanitation services (% of population),SH.STA.BASS.ZS,Cambodia,KHM,57.417022532982,60.6744151428492,63.9398472470947,67.2122392007629,70.4910427870757,73.7752065517154,77.0641162411033,80.3569034278216,83.3359328714314,..
People using at least basic sanitation services (% of population),SH.STA.BASS.ZS,Cameroon,CMR,43.555339313602,43.9831129823405,44.4148640176423,44.8498829146317,45.2885112207418,45.7300133468788,46.1747220268822,46.6226225275107,47.0729484414837,..
People using at least basic sanitation services (% of population),SH.STA.BASS.ZS,Canada,CAN,99.0097526693879,98.9256763278337,98.84154412867,98.7573247700797,98.6730086081464,98.5885671606396,98.5883597851291,98.5881318805776,98.5878834990178,..
People using at least basic sanitation services (% of population),SH.STA.BASS.ZS,Caribbean small states,CSS,90.5388872391484,90.7771375893304,91.1326725570487,91.4114217974076,91.4461941804309,91.5715546046312,91.7389776622457,92.1260526389118,92.1153299577472,..
People using at least basic sanitation services (% of population),SH.STA.BASS.ZS,Cayman Islands,CYM,83.3908035276073,83.3709930981595,83.3508058282208,83.3302417177914,83.3093007668711,83.2879829754601,83.2662883435582,83.2442168711656,83.2442168711656,..
People using at least basic sanitation services (% of population),SH.STA.BASS.ZS,Central African Republic,CAF,15.5882414691861,15.2164870297134,14.8478356260426,14.481982156805,14.1186349646869,13.7575074575386,13.8462941483121,13.939220081887,14.0362838980325,..
People using at least basic sanitation services (% of population),SH.STA.BASS.ZS,Central Europe and the Baltics,CEB,94.4160248094977,94.7800426872963,95.0505448396847,95.2616627039685,95.4529070450896,95.6343078030199,95.8385044051193,96.0411537002889,96.0479885305529,..
People using at least basic sanitation services (% of population),SH.STA.BASS.ZS,Chad,TCD,11.6187911677525,11.8291930674672,12.0541194503815,12.2940184363217,12.5503209104072,12.823518442494,12.9220668166821,13.0279538007946,13.1415290614475,..
People using at least basic sanitation services (% of population),SH.STA.BASS.ZS,Channel Islands,CHI,..,..,..,..,..,..,..,..,..,..
People using at least basic sanitation services (% of population),SH.STA.BASS.ZS,Chile,CHL,98.5469573760897,98.8734482786872,99.1482997350228,99.2440906332437,99.3144814902357,100,99.9999982963226,100,99.9999955987514,..
People using at least basic sanitation services (% of population),SH.STA.BASS.ZS,China,CHN,86.4094766918916,88.0683084431652,89.6942189460529,91.2881339239822,92.8514975328901,94.3857583646751,95.8923648413213,97.2411682339468,97.2718787578263,..
People using at least basic sanitation services (% of population),SH.STA.BASS.ZS,Colombia,COL,89.5980252896949,90.4749374427322,91.3506596764722,92.2252062631808,93.0987394041419,93.9711220297613,94.8425154559797,95.7128008202529,96.5820151977995,..
People using at least basic sanitation services (% of population),SH.STA.BASS.ZS,Comoros,COM,47.6248040673008,48.9029223957365,50.159514854681,51.3942491790653,52.6066035113726,53.7961210274577,54.9623663372908,56.104836588019,57.2230888156822,..
People using at least basic sanitation services (% of population),SH.STA.BASS.ZS,"Congo, Dem. Rep.",COD,17.3684018777428,17.0428367247806,16.7256345274003,16.416662028181,16.1158651582213,16.1461710925268,16.1744730669276,16.2386817602994,16.3033122368932,..
People using at least basic sanitation services (% of population),SH.STA.BASS.ZS,"Congo, Rep.",COG,19.5480521293593,20.1728789551264,20.2685707874205,20.3642632516174,20.4597460251332,20.5548099594917,..,..,..,..
People using at least basic sanitation services (% of population),SH.STA.BASS.ZS,Costa Rica,CRI,97.3007564187582,97.5045870013496,97.7025136559983,97.8949564570676,98.0823538854413,98.265064236441,98.4434940972081,98.6179737414505,98.7888406524124,..
People using at least basic sanitation services (% of population),SH.STA.BASS.ZS,Cote d'Ivoire,CIV,33.0299664803717,33.945429522791,34.8708875943719,35.8059580233634,36.7505613601134,37.704616869195,38.6680398290793,39.6407426651959,40.4070687976128,..
People using at least basic sanitation services (% of population),SH.STA.BASS.ZS,Croatia,HRV,95.7305312019132,95.7427708106791,95.7545423447665,95.7669528953151,95.7800263365526,95.7936994032533,..,..,..,..
People using at least basic sanitation services (% of population),SH.STA.BASS.ZS,Cuba,CUB,89.6215521812865,90.2590050806412,90.8986460916429,91.5402228633008,92.1835753798285,92.8284902817438,93.4747105097717,94.1220801306732,94.7703506688301,..
People using at least basic sanitation services (% of population),SH.STA.BASS.ZS,Curacao,CUW,99.1690721651989,99.1690721651989,..,..,..,..,..,..,..,..
People using at least basic sanitation services (% of population),SH.STA.BASS.ZS,Cyprus,CYP,99.5235457103291,99.5164756897262,99.5094911557165,99.5026390696851,99.4959339092573,99.4893875128893,99.4830286709908,99.4768823557025,99.477676242612,..
People using at least basic sanitation services (% of population),SH.STA.BASS.ZS,Czechia,CZE,99.0747972565215,99.0743713886289,99.073893834029,99.0733677168251,99.0728030542538,99.0721814938167,99.0715177493914,99.0708089030162,99.0700543925256,..
People using at least basic sanitation services (% of population),SH.STA.BASS.ZS,Denmark,DNK,99.5972301475052,99.5972303913109,99.5972321137483,99.5972264992143,99.5972310070963,99.5972289739284,99.5972313839473,99.5972246130908,99.5972261435858,..
People using at least basic sanitation services (% of population),SH.STA.BASS.ZS,Djibouti,DJI,62.0957006266769,63.6147917367826,65.1354027813767,66.6577106028334,66.7421157146302,66.8311205695029,66.9247194918968,67.0234840121481,..,..
People using at least basic sanitation services (% of population),SH.STA.BASS.ZS,Dominica,DMA,80.3664248800941,80.3664248800941,..,..,..,..,..,..,..,..
People using at least basic sanitation services (% of population),SH.STA.BASS.ZS,Dominican Republic,DOM,85.9156708340948,86.4591843551148,86.9970340675961,87.5294360450425,88.0566185078015,88.5790077931484,89.0968114947434,89.6102380882298,90.1198237574984,..
People using at least basic sanitation services (% of population),SH.STA.BASS.ZS,Early-demographic dividend,EAR,66.4356743701035,67.9114060278797,69.7677819873262,71.6301436378088,73.4470659692425,75.2093257688744,76.9293005065137,78.4896781655447,79.8932975915581,..
People using at least basic sanitation services (% of population),SH.STA.BASS.ZS,East Asia & Pacific,EAS,85.1496860902974,86.5689796547393,87.969389625634,89.3505475023518,90.7035127422502,92.0368426374698,93.2531559694907,94.3670031418802,94.7821468281124,..
People using at least basic sanitation services (% of population),SH.STA.BASS.ZS,East Asia & Pacific (excluding high income),EAP,83.5822056681026,85.1612904831338,86.7164623211125,88.2484110831476,89.7493482034254,91.2297960096913,92.576331860161,93.8070777719071,94.2603644153971,..
People using at least basic sanitation services (% of population),SH.STA.BASS.ZS,East Asia & Pacific (IDA & IBRD countries),TEA,83.5969866898599,85.1863941384065,86.7514686306903,88.2936833894514,89.8127140160886,91.3110492550982,92.673865374262,93.9194802531398,94.2602746809459,..
People using at least basic sanitation services (% of population),SH.STA.BASS.ZS,Ecuador,ECU,85.0099232884518,85.8004886348106,86.5928399282026,87.3866333551063,88.1817507856303,88.9779601085787,89.7233208052462,90.5556911375942,91.204340143216,..
People using at least basic sanitation services (% of population),SH.STA.BASS.ZS,"Egypt, Arab Rep.",EGY,95.3608044893643,95.5716159808707,95.7838228519798,95.9974521361916,96.21249765428,96.4288914179465,96.6466119170931,96.8657483684403,97.086129419198,..
People using at least basic sanitation services (% of population),SH.STA.BASS.ZS,El Salvador,SLV,85.789208776824,86.1264645689972,86.456582332616,86.7364561760088,87.0096574927862,87.2765374387919,87.5371472547157,87.7919676704677,88.0411163426053,..
People using at least basic sanitation services (% of population),SH.STA.BASS.ZS,Equatorial Guinea,GNQ,66.2485390317556,66.3127866671561,..,..,..,..,..,..,..,..
People using at least basic sanitation services (% of population),SH.STA.BASS.ZS,Eritrea,ERI,11.9399660140866,..,..,..,..,..,..,..,..,..
People using at least basic sanitation services (% of population),SH.STA.BASS.ZS,Estonia,EST,99.0342292897259,99.0328460543917,99.0313545119292,99.0297517072032,99.0280228246995,99.0261691561023,99.0241800879557,99.0220443822146,99.0214935273124,..
People using at least basic sanitation services (% of population),SH.STA.BASS.ZS,Eswatini,SWZ,59.6244143156364,60.236840423133,60.8480464368627,61.4575194811054,62.0647533053702,62.6692355268683,63.2702587161203,63.8676533294277,64.4605026249554,..
People using at least basic sanitation services (% of population),SH.STA.BASS.ZS,Ethiopia,ETH,7.71437321783047,8.0353579200927,8.35875920842316,8.68474048756754,9.01330021395482,9.3447728615381,9.67915935964554,10.0168072289161,10.3577188356734,..
People using at least basic sanitation services (% of population),SH.STA.BASS.ZS,Euro area,EMU,98.7121414528433,98.7246356498297,98.7357697258184,98.7464850733551,98.7538222591833,98.7590211618661,98.7967601388238,98.8015717082381,98.8015857560938,..
People using at least basic sanitation services (% of population),SH.STA.BASS.ZS,Europe & Central Asia,ECS,95.9228250828419,96.1605499648737,96.3885811520498,96.612544393283,96.8216309026846,96.9814756471203,97.1403534814523,97.2951339948858,97.4417350713828,..
People using at least basic sanitation services (% of population),SH.STA.BASS.ZS,Europe & Central Asia (excluding high income),ECA,96.1050863842486,96.4821732233,96.8550932840745,97.2406358584475,97.568429983489,97.7070282698875,97.8157745580077,97.9203101824206,98.1040886940525,..
People using at least basic sanitation services (% of population),SH.STA.BASS.ZS,Europe & Central Asia (IDA & IBRD countries),TEC,92.8298093425384,93.304905740005,93.759995703732,94.1889586189209,94.6068222694198,94.9253890625184,95.2092882159754,95.496552292134,95.7533732290879,..
People using at least basic sanitation services (% of population),SH.STA.BASS.ZS,European Union,EUU,98.0500976008884,98.1386118496653,98.2040074710596,98.2550272172695,98.3017410043911,98.3465537724066,98.4138128760466,98.4570824411886,98.4597743250285,..
People using at least basic sanitation services (% of population),SH.STA.BASS.ZS,Faroe Islands,FRO,..,..,..,..,..,..,..,..,..,..
People using at least basic sanitation services (% of population),SH.STA.BASS.ZS,Fiji,FJI,93.0055113848616,93.2511716546291,93.4859578759574,93.7099433236184,93.6215609537076,93.3328625255853,93.0437432138971,92.7542060099235,92.7542897592228,..
People using at least basic sanitation services (% of population),SH.STA.BASS.ZS,Finland,FIN,99.4479863794358,99.4479844608387,99.4479792179027,99.4479732107755,99.4479703400958,99.4479633785746,99.447963421715,99.4479540389609,99.4479455340914,..
People using at least basic sanitation services (% of population),SH.STA.BASS.ZS,France,FRA,98.6508068148027,98.6500120942252,98.6492124319546,98.6484147946355,98.6476102264443,98.6468028432762,98.6459966836726,98.6451856910254,98.6443761623837,..
People using at least basic sanitation services (% of population),SH.STA.BASS.ZS,French Polynesia,PYF,97.5981317881607,97.5871015082744,97.5760712283881,97.5650409485018,97.5540106686156,97.5429803887293,97.531950108843,97.5209198289567,97.5098895490704,..
People using at least basic sanitation services (% of population),SH.STA.BASS.ZS,Gabon,GAB,47.1547496987424,48.5637395217699,49.9863984455825,51.4223011158649,52.8720170958258,54.3351602742865,55.8117052668054,57.3016336632799,57.4015026293834,..
People using at least basic sanitation services (% of population),SH.STA.BASS.ZS,"Gambia, The",GMB,46.7787647028692,46.9072182092037,47.0485303132535,47.2014093425827,47.3645750957407,47.5364188505618,47.7159912011406,47.9457928819298,48.1711442175538,..
People using at least basic sanitation services (% of population),SH.STA.BASS.ZS,Georgia,GEO,85.6008234007507,86.2379416213095,86.8748222310992,87.5111601190334,88.1470373073336,88.7819724294363,89.416046138405,90.04898468576,90.6806864880112,..
People using at least basic sanitation services (% of population),SH.STA.BASS.ZS,Germany,DEU,99.224925403148,99.2250385348841,99.2251947749957,99.2253839958428,99.2256156866511,99.2258902349631,99.2262023543276,99.2265552501835,99.2269528917777,..
People using at least basic sanitation services (% of population),SH.STA.BASS.ZS,Ghana,GHA,21.7286047018582,22.9147548943672,24.1144852694417,25.327363008811,26.5532224510153,27.7916388048117,29.0423190138112,30.3048454596217,31.5789404731982,..
People using at least basic sanitation services (% of population),SH.STA.BASS.ZS,Gibraltar,GIB,100,100,100,100,100,100,100,100,100,..
People using at least basic sanitation services (% of population),SH.STA.BASS.ZS,Greece,GRC,98.9564489293753,98.9831881851134,98.9867526034177,98.9902600193741,98.9937448356397,98.9971863349773,99.0005834270921,99.0039477070011,99.0072631280035,..
People using at least basic sanitation services (% of population),SH.STA.BASS.ZS,Greenland,GRL,62.5,62.5,62.5,62.5,62.5,62.5,62.5,..,..,..
People using at least basic sanitation services (% of population),SH.STA.BASS.ZS,Grenada,GRD,93.0836562266891,92.9907729194391,92.8978896121892,92.8050063049392,92.7121229976892,92.6192396904393,92.6192396904393,92.6192396904393,92.6192396904393,..
People using at least basic sanitation services (% of population),SH.STA.BASS.ZS,Guam,GUM,89.993929945217,90.0577048124737,90.1214796797303,90.1852545469869,90.2490294142436,90.3128042815002,90.3765791487569,90.3765791487569,90.3765791487569,..
People using at least basic sanitation services (% of population),SH.STA.BASS.ZS,Guatemala,GTM,67.5843983621211,67.9199018955355,68.2489426363097,68.5709973645284,68.8862996420965,69.4621730094076,70.0349423501554,70.6041253212475,71.1696950985045,..
People using at least basic sanitation services (% of population),SH.STA.BASS.ZS,Guinea,GIN,24.1498387012441,25.2793165342665,26.4315341873572,27.6063983510435,28.8045342946628,30.0258495167405,31.2707423118105,32.538855541003,32.6496371481415,..
People using at least basic sanitation services (% of population),SH.STA.BASS.ZS,Guinea-Bissau,GNB,21.9768833616634,23.2682682564985,24.5775735612132,25.9048078160921,27.2502045881432,28.6139998460415,28.7228575496477,28.8319728978299,28.9416006403664,..
People using at least basic sanitation services (% of population),SH.STA.BASS.ZS,Guyana,GUY,87.3692388758564,88.0315709882197,88.6946981126402,89.3586157172433,90.0231335168154,90.6881198033659,91.3010008247863,91.3046762515848,91.3087218189458,..
People using at least basic sanitation services (% of population),SH.STA.BASS.ZS,Haiti,HTI,27.4175706296699,27.7940822522494,28.1567904087872,28.5057820115222,28.6576196940519,28.793303113228,28.9133013445226,29.0180834702733,29.1081189443114,..
People using at least basic sanitation services (% of population),SH.STA.BASS.ZS,Heavily indebted poor countries (HIPC),HPC,26.6596897664183,27.5145145795108,28.3189167977671,29.1278982467861,29.9384297769657,30.7880024274235,31.7094806297872,32.4812945675132,33.1822348750737,..
People using at least basic sanitation services (% of population),SH.STA.BASS.ZS,High income,HIC,97.6421695613859,97.739738456367,97.8295621566625,97.9126274567181,97.994985029269,98.0841359512785,98.1769806780139,98.2639252537272,98.3394870305328,..
People using at least basic sanitation services (% of population),SH.STA.BASS.ZS,Honduras,HND,80.3074947960451,81.2476858869062,82.1820517802878,83.1107110257034,84.0337747326909,84.9512648992071,85.8633965875938,86.7701956081898,87.6717912057898,..
People using at least basic sanitation services (% of population),SH.STA.BASS.ZS,"Hong Kong SAR, China",HKG,95.807440915805,95.685807483998,95.564174052191,95.442540620384,95.320907188577,95.19927375677,95.077640324963,94.956006893156,94.834373461349,..
People using at least basic sanitation services (% of population),SH.STA.BASS.ZS,Hungary,HUN,97.9931789584607,97.9908758837113,97.9885191913956,97.9861309569959,97.9837062795673,97.9812382429156,97.9787350415865,97.976195278385,97.9736275561386,..
People using at least basic sanitation services (% of population),SH.STA.BASS.ZS,IBRD only,IBD,..,..,..,..,..,..,..,..,..,..
People using at least basic sanitation services (% of population),SH.STA.BASS.ZS,Iceland,ISL,98.7826661232675,98.7821726872398,98.7816461491977,98.7811009775607,98.7805419679259,98.7799498182969,98.7793239094093,98.7786759933373,98.7780018629454,..
People using at least basic sanitation services (% of population),SH.STA.BASS.ZS,IDA & IBRD total,IBT,69.2684738874792,70.5375781677576,71.9385622652123,73.3056516279149,74.6383810123324,75.9382318312228,77.2293833017334,78.5019130435077,79.2342426183914,..
People using at least basic sanitation services (% of population),SH.STA.BASS.ZS,IDA blend,IDB,..,..,..,..,..,..,..,..,..,..
People using at least basic sanitation services (% of population),SH.STA.BASS.ZS,IDA only,IDX,..,..,..,..,..,..,..,..,..,..
People using at least basic sanitation services (% of population),SH.STA.BASS.ZS,IDA total,IDA,..,..,..,..,..,..,..,..,..,..
People using at least basic sanitation services (% of population),SH.STA.BASS.ZS,India,IND,60.1238284933312,63.1125583715917,66.1148742165368,69.1300220717047,72.0482326780192,74.9328568041953,77.8161883735175,80.6978943350927,83.380872478201,..
People using at least basic sanitation services (% of population),SH.STA.BASS.ZS,Indonesia,IDN,73.9559310852412,76.0256805835892,78.0995418857349,80.1767467592482,82.2571090356155,84.339850898343,85.6486611717997,86.9363345400971,88.2031685658499,..
People using at least basic sanitation services (% of population),SH.STA.BASS.ZS,"Iran, Islamic Rep.",IRN,88.7518172769829,89.3166613162414,89.6988576017474,90.0210887632991,90.2667726388145,90.3162236149744,90.3647309306855,90.4119852074826,90.458288016159,..
People using at least basic sanitation services (% of population),SH.STA.BASS.ZS,Iraq,IRQ,93.6396641233782,95.4549205220896,96.9997458760796,97.864851810422,98.4932660483814,98.4959720542325,98.4987799022337,98.501709975411,98.5047513855653,..
People using at least basic sanitation services (% of population),SH.STA.BASS.ZS,Ireland,IRL,89.8349918949082,89.8240697617023,89.812337262782,89.7998496161213,89.7865313699403,89.7724871048145,89.757648052779,89.742009351926,89.7256064199387,..
People using at least basic sanitation services (% of population),SH.STA.BASS.ZS,Isle of Man,IMN,100,100,100,100,100,100,100,100,100,..
People using at least basic sanitation services (% of population),SH.STA.BASS.ZS,Israel,ISR,99.9610220718726,99.9545287961214,99.9481963561794,99.9420208696373,99.9360127624406,99.9301799523059,99.924519816082,99.9190335270473,99.9200782006513,..
People using at least basic sanitation services (% of population),SH.STA.BASS.ZS,Italy,ITA,99.885399852308,99.8853414231028,99.8852799137261,99.8852225421869,99.8851578267552,99.8850975832792,99.8850325902598,99.8849719036501,99.8849043408577,..
People using at least basic sanitation services (% of population),SH.STA.BASS.ZS,Jamaica,JAM,87.4141682686662,87.9424102965954,88.4702342742167,88.997622645007,89.5245308476169,90.0509072917054,90.5767034338028,91.1018987715533,91.6264600288818,..
People using at least basic sanitation services (% of population),SH.STA.BASS.ZS,Japan,JPN,99.9614621744307,99.9591932052198,99.9569242360089,99.9546552667981,99.9523862975872,99.9501173283763,99.9478483591655,99.9455793899546,99.9433104207437,..
People using at least basic sanitation services (% of population),SH.STA.BASS.ZS,Jordan,JOR,97.2644408764445,97.1574792984054,97.0507514777426,96.9442655127058,96.8379669917401,96.7318948068054,96.6260204300308,96.5203168428374,96.4147907489487,..
People using at least basic sanitation services (% of population),SH.STA.BASS.ZS,Kazakhstan,KAZ,97.7438938717997,97.8049933636929,97.8553422711483,97.9051562762041,97.9463161907176,97.9538478987078,97.9526402205332,97.948876378574,97.9447423331533,..
People using at least basic sanitation services (% of population),SH.STA.BASS.ZS,Kenya,KEN,35.1355349703251,35.857250498731,36.5783889502292,37.298797647533,38.018340896347,38.7368777065186,39.454252565811,40.1703366344741,40.8849654611543,..
People using at least basic sanitation services (% of population),SH.STA.BASS.ZS,Kiribati,KIR,42.3903837205277,42.9115121446096,43.4001999878848,43.8567170359075,44.2810965836604,44.6738091395008,45.0352022161591,45.1052498687683,45.1735078207297,..
People using at least basic sanitation services (% of population),SH.STA.BASS.ZS,"Korea, Dem. People's Rep.",PRK,82.4086074475707,83.1584097748592,83.9155776338149,84.6194920966635,84.6654650844227,84.7140378530296,84.7650382260713,84.8184516885649,..,..
People using at least basic sanitation services (% of population),SH.STA.BASS.ZS,"Korea, Rep.",KOR,99.8603539659872,99.8439789209386,99.8276038758901,99.8112288308416,99.7948537857931,99.7784787407445,99.762103695696,99.7457286506475,99.7293536055989,..
People using at least basic sanitation services (% of population),SH.STA.BASS.ZS,Kosovo,XKX,..,..,..,..,..,..,..,..,..,..
People using at least basic sanitation services (% of population),SH.STA.BASS.ZS,Kuwait,KWT,100,100,100,100,100,100,100,100,100,..
People using at least basic sanitation services (% of population),SH.STA.BASS.ZS,Kyrgyz Republic,KGZ,96.9087481057027,97.2012105005547,97.4927558595168,97.7833519513512,98.017628465842,98.1478549913374,98.278227766543,98.4088738227501,98.5398995968815,..
People using at least basic sanitation services (% of population),SH.STA.BASS.ZS,Lao PDR,LAO,70.9711485336486,73.4268509487817,75.8672585757636,78.292642485837,80.7027420895793,83.0975867054683,85.1292056400031,86.9959981840748,88.7314131605599,..
People using at least basic sanitation services (% of population),SH.STA.BASS.ZS,Late-demographic dividend,LTE,87.4467506891738,88.7505912998819,90.0275927699321,91.2789188426645,92.4959920431844,93.6857354018068,94.8463965817865,95.9006060437268,96.2514794467079,..
People using at least basic sanitation services (% of population),SH.STA.BASS.ZS,Latin America & Caribbean,LCN,86.1960929811649,86.1901512422603,86.8260228187696,87.4589803843898,88.07064711224,88.703805407856,89.3513780134356,89.8859700990816,90.3382003655669,..
People using at least basic sanitation services (% of population),SH.STA.BASS.ZS,Latin America & Caribbean (excluding high income),LAC,85.5712374639282,85.4904999903144,86.1534001653243,86.8111889743617,87.4546914660912,88.0964841387998,88.7775829503177,89.3386476763642,89.8112971773471,..
People using at least basic sanitation services (% of population),SH.STA.BASS.ZS,Latin America & the Caribbean (IDA & IBRD countries),TLA,86.037157704974,86.0098452138094,86.6592707661214,87.2977930257771,87.9188685192031,88.5575153270589,89.2113197484491,89.7486434969857,90.201313288539,..
People using at least basic sanitation services (% of population),SH.STA.BASS.ZS,Latvia,LVA,90.7423211464844,90.9929787461015,91.2449187722214,91.4979934262128,91.7520645595703,92.0069797523466,92.2626087395691,92.5186835470802,92.5346142806387,..
People using at least basic sanitation services (% of population),SH.STA.BASS.ZS,Least developed countries: UN classification,LDC,35.0848337967406,36.1304687716714,37.0973094290905,38.046406810509,38.9973630402719,39.978403584211,40.9335170950863,41.5284839143531,42.3412163570547,..
People using at least basic sanitation services (% of population),SH.STA.BASS.ZS,Lebanon,LBN,95.2522259005569,96.5614042134683,97.8705825263797,99.0673793809694,99.2,99.2,99.2,99.2,99.2,..
People using at least basic sanitation services (% of population),SH.STA.BASS.ZS,Lesotho,LSO,37.3835722556357,38.7366301247734,40.0785080651777,41.4091356196007,42.7284382834052,44.0363729437393,45.3328485039477,46.6178621737328,47.8913481422717,..
People using at least basic sanitation services (% of population),SH.STA.BASS.ZS,Liberia,LBR,18.9349390175014,19.4591800299081,19.9911366216728,20.5305258325317,21.0772995001903,21.631407651363,22.1923063601074,22.7604195167576,23.3351954904068,..
People using at least basic sanitation services (% of population),SH.STA.BASS.ZS,Libya,LBY,89.3542807003278,89.2473888681967,89.1404970360656,89.0336052039344,88.9267133718033,88.8198215396721,88.712929707541,88.6060378754098,88.4991460432787,..
People using at least basic sanitation services (% of population),SH.STA.BASS.ZS,Liechtenstein,LIE,99.95,99.95,99.95,99.95,99.95,99.95,99.95,99.95,99.95,..
People using at least basic sanitation services (% of population),SH.STA.BASS.ZS,Lithuania,LTU,92.5491836464928,93.1100410366065,93.6701055685758,94.2289437143384,94.786284769893,95.3414364231375,95.8940517663177,96.3848409552758,96.3965645962382,..
People using at least basic sanitation services (% of population),SH.STA.BASS.ZS,Low & middle income,LMY,68.5477692291894,69.8449189521866,71.2848007692504,72.6896421911555,74.0583353160626,75.3908550349232,76.7238040379168,78.0221614164193,78.742910892381,..
People using at least basic sanitation services (% of population),SH.STA.BASS.ZS,Low income,LIC,29.7825341058738,30.4918852731791,31.1439597715224,31.828232962165,32.4789014119676,33.1652084324409,33.8713062822168,34.5056011318635,33.2514708146132,..
People using at least basic sanitation services (% of population),SH.STA.BASS.ZS,Lower middle income,LMC,58.0450794383559,60.1071752188082,62.1671485465437,64.2229016166584,66.2231303808005,68.19095788275,70.2668832565296,72.3397796679349,73.8768246525063,..
People using at least basic sanitation services (% of population),SH.STA.BASS.ZS,Luxembourg,LUX,97.6211680150003,97.618188396035,97.6153595742426,97.6126777405437,97.6101288941599,97.6077017276341,97.6053918019199,97.6032304799558,97.6011739095936,..
People using at least basic sanitation services (% of population),SH.STA.BASS.ZS,"Macao SAR, China",MAC,100,100,100,100,100,100,100,100,100,..
People using at least basic sanitation services (% of population),SH.STA.BASS.ZS,Madagascar,MDG,11.6111708038341,12.1276026442495,12.647045200372,13.1693375483997,13.6947390405503,14.2229663442332,14.7542849047499,15.2883891812498,15.3671469967754,..
People using at least basic sanitation services (% of population),SH.STA.BASS.ZS,Malawi,MWI,36.2684898070789,38.4570661478088,40.6356741988533,42.8038384563156,44.9611479828173,47.1071277327455,49.2412879464451,49.23687867184,49.2322090448262,..
People using at least basic sanitation services (% of population),SH.STA.BASS.ZS,Malaysia,MYS,95.5818387511704,95.7121393469454,95.8087179177358,95.93567943551,95.9966449391973,96.0173467621383,96.0182636272288,96.0191440152349,96.019999368878,..
People using at least basic sanitation services (% of population),SH.STA.BASS.ZS,Maldives,MDV,93.3068469398135,94.3268032321981,95.3413870915622,96.3505180491116,97.1213636398167,97.8641004075029,98.5962212934826,99.3176875376915,99.7013015304493,..
People using at least basic sanitation services (% of population),SH.STA.BASS.ZS,Mali,MLI,37.3629585814102,38.6530201870083,39.9458152875809,41.2415636688459,42.5396302417606,43.8404477380485,45.1434215383033,46.4485840749361,47.7561676952566,..
People using at least basic sanitation services (% of population),SH.STA.BASS.ZS,Malta,MLT,99.9763785453032,99.9810896682043,99.9858051675868,99.9905343490211,99.9952644133915,99.9999977128228,99.9999984486759,100,100,..
People using at least basic sanitation services (% of population),SH.STA.BASS.ZS,Marshall Islands,MHL,78.0801139470474,78.2256974121697,78.3619174334576,78.488659643571,78.6065823369048,78.7159193807723,78.8167730658642,78.9094220356239,78.9585640543577,..
People using at least basic sanitation services (% of population),SH.STA.BASS.ZS,Mauritania,MRT,43.7104270690001,45.6828446170813,47.6904380054199,49.7339098436372,51.8124755125379,53.9267671870648,56.0758490078081,58.2608340232933,58.676920295931,..
People using at least basic sanitation services (% of population),SH.STA.BASS.ZS,Mauritius,MUS,95.0806649213747,95.3704562123422,95.6610436549434,95.9523952887646,96.2430585209024,96.5249988240641,96.8074578506506,97.0904086099851,97.3737391141644,..
People using at least basic sanitation services (% of population),SH.STA.BASS.ZS,Mexico,MEX,89.3924181439649,89.9592224609298,90.5185596102805,91.0705197769802,91.6152077254503,92.1526440010022,92.6614618116548,92.9784568798496,92.9912822357176,..
People using at least basic sanitation services (% of population),SH.STA.BASS.ZS,"Micronesia, Fed. Sts.",FSM,90.4539007167041,90.4539007167041,90.4539007167041,90.4539007167041,90.4539007167041,..,..,..,..,..
People using at least basic sanitation services (% of population),SH.STA.BASS.ZS,"Middle East, North Africa, Afghanistan & Pakistan",MEA,78.2661018344261,79.207872566406,80.0758906562006,80.9099122844731,81.729053627697,82.414486439922,83.2144073247725,83.4344391856684,83.6581102864054,..
People using at least basic sanitation services (% of population),SH.STA.BASS.ZS,"Middle East, North Africa, Afghanistan & Pakistan (excluding high income)",MNA,76.3414593674824,77.3739363536868,78.3580724557766,79.2892833996802,80.1716511891983,80.9618541941393,81.7983604317966,82.0029030733307,82.2143824883136,..
People using at least basic sanitation services (% of population),SH.STA.BASS.ZS,"Middle East, North Africa, Afghanistan & Pakistan (IDA & IBRD)",TMN,76.2027099527803,77.238533934487,78.2250990289767,79.1584811307905,80.0427921818105,80.834479488967,81.6737435742425,81.8788120148456,82.0907876798363,..
People using at least basic sanitation services (% of population),SH.STA.BASS.ZS,Middle income,MIC,72.7417537219064,74.1825664963615,75.7875259579483,77.3613076343066,78.9020869897916,80.4028399086324,81.9122507797486,83.4284696327101,84.3098201174814,..
People using at least basic sanitation services (% of population),SH.STA.BASS.ZS,Moldova,MDA,81.420818324275,82.1581768544632,82.9015800000824,83.6501429350345,84.4032169070888,85.1600042772456,85.734993748898,86.3094330336137,86.8828564200079,..
People using at least basic sanitation services (% of population),SH.STA.BASS.ZS,Monaco,MCO,100,100,100,100,100,100,100,100,100,..
People using at least basic sanitation services (% of population),SH.STA.BASS.ZS,Mongolia,MNG,63.4840050160805,64.7860401773072,66.102065585159,67.4319599015551,68.7755717433728,70.1321116661664,71.5023556683645,72.8851663037703,74.2806502878222,..
People using at least basic sanitation services (% of population),SH.STA.BASS.ZS,Montenegro,MNE,96.0990784093621,96.6569962707111,97.2142443586762,97.5022963479866,97.771772470462,97.7911092113251,97.8104504105016,97.8297883395881,97.8491274525811,..
People using at least basic sanitation services (% of population),SH.STA.BASS.ZS,Morocco,MAR,83.5458723077839,84.4759106100825,85.4034661501233,86.3282321764417,87.2504334400562,87.3836441048483,87.5163508881869,87.6475617548846,87.7780205460508,..
People using at least basic sanitation services (% of population),SH.STA.BASS.ZS,Mozambique,MOZ,28.3033808340067,29.5435460585168,30.7959176592195,32.0616645064997,33.3404532645595,34.6331153020155,35.9385123672753,37.257486002339,38.5900804802051,..
People using at least basic sanitation services (% of population),SH.STA.BASS.ZS,Myanmar,MMR,71.7359380963987,72.2144198606081,72.6910446469858,73.1653173340109,73.6368737740023,74.1054938787639,74.1301579655436,74.156188318795,74.1835210114319,..
People using at least basic sanitation services (% of population),SH.STA.BASS.ZS,Namibia,NAM,35.68218646148,36.0971096744774,36.4891060185928,36.9123066913261,37.3147816708838,37.6969593429633,38.0587226800855,38.4005446833098,38.7229020528394,..
People using at least basic sanitation services (% of population),SH.STA.BASS.ZS,Nauru,NRU,68.5190634764467,68.8693754420541,69.2196722624544,69.5699539376476,69.9202204676336,70.2704718524126,70.6207080919845,70.9709291863493,71.321135135507,..
People using at least basic sanitation services (% of population),SH.STA.BASS.ZS,Nepal,NPL,59.5972467919298,62.7615781748289,65.966994107957,69.2128409973963,72.4985122908231,75.8233419830013,79.1866571655946,82.5877911140468,86.0259805937649,..
People using at least basic sanitation services (% of population),SH.STA.BASS.ZS,Netherlands,NLD,97.7241321475967,97.7135252353783,97.7036451274894,97.6944050882075,97.6857903463505,97.6777500278997,97.6702396117146,97.6632296431228,97.6566689550594,..
People using at least basic sanitation services (% of population),SH.STA.BASS.ZS,New Caledonia,NCL,100,100,100,100,100,100,100,100,100,..
People using at least basic sanitation services (% of population),SH.STA.BASS.ZS,New Zealand,NZL,99.9999978251524,99.9999952214353,99.9999959549403,99.9999954101942,100,99.9999956407702,100,99.999999971682,100,..
People using at least basic sanitation services (% of population),SH.STA.BASS.ZS,Nicaragua,NIC,..,..,..,..,..,..,..,..,..,..
People using at least basic sanitation services (% of population),SH.STA.BASS.ZS,Niger,NER,12.8657160959019,13.2744201872419,13.6886629942744,14.10969749241,14.5380631441061,14.973899415173,15.4185833482363,15.8722896113192,16.336047650863,..
People using at least basic sanitation services (% of population),SH.STA.BASS.ZS,Nigeria,NGA,40.1973286058844,41.1997192224782,42.2262627362671,43.2767522763627,44.3511472247714,45.4491559568794,46.5706755484283,47.7155813553496,47.9019370619136,..
People using at least basic sanitation services (% of population),SH.STA.BASS.ZS,North America,NAC,99.6687684232382,99.6422342008677,99.6158138599293,99.5896839849981,99.5641419336152,99.5392812025012,99.5227292234294,99.5060381569135,99.5068337692955,..
People using at least basic sanitation services (% of population),SH.STA.BASS.ZS,North Macedonia,MKD,96.0648171578031,96.7174458342857,97.3296814337333,97.8791697296938,98.4277706026568,98.9748195551065,98.98180306954,98.9894017609484,98.9975865642367,..
People using at least basic sanitation services (% of population),SH.STA.BASS.ZS,Northern Mariana Islands,MNP,98.1917020384842,98.4528481795746,98.713994320665,98.9751404617553,99.2362866028457,99.4974327439361,99.7585788850266,99.7585788850266,99.7585788850266,..
People using at least basic sanitation services (% of population),SH.STA.BASS.ZS,Norway,NOR,98.0555433258963,98.0543904284695,98.053258505645,98.0521493999593,98.0510810985992,98.0500277378087,98.0490073611327,98.0480105181421,98.0470498172276,..
People using at least basic sanitation services (% of population),SH.STA.BASS.ZS,Not classified,INX,..,..,..,..,..,..,..,..,..,..
People using at least basic sanitation services (% of population),SH.STA.BASS.ZS,OECD members,OED,97.97845585211,98.0996773303952,98.2111386174867,98.3156600340623,98.4192836320128,98.5001616816906,98.5736839160358,98.6305981635194,98.6633073178484,..
People using at least basic sanitation services (% of population),SH.STA.BASS.ZS,Oman,OMN,99.3192950863755,99.3195652935256,99.3198091795186,99.3200354455114,99.320248468501,99.3204402699812,99.3206203708609,99.3207794038753,99.3209329311967,..
People using at least basic sanitation services (% of population),SH.STA.BASS.ZS,Other small states,OSS,79.336739820512,80.1846170273583,81.0384961161673,81.8776278446538,82.5521903315343,83.1944527523224,83.7976051891126,84.3381897826745,86.5819824110803,..
People using at least basic sanitation services (% of population),SH.STA.BASS.ZS,Pacific island small states,PSS,68.9075652440538,68.792929905562,68.6768689995445,68.6216456445236,68.5207139691398,67.3613351200715,67.0579561902119,66.7578537588005,66.5583631134641,..
People using at least basic sanitation services (% of population),SH.STA.BASS.ZS,Pakistan,PAK,60.3757049658476,62.2553089946578,64.1435342442995,66.0398368746477,67.9433820948755,69.8533376726557,71.7686736729802,71.8243245387853,71.8828600416756,..
People using at least basic sanitation services (% of population),SH.STA.BASS.ZS,Palau,PLW,97.5006428774559,97.7722965190515,98.0358496591014,98.2917742819101,98.5405897338691,98.7826866864938,99.0185052265638,99.0217636084131,99.0248681264887,..
People using at least basic sanitation services (% of population),SH.STA.BASS.ZS,Panama,PAN,79.7251829235126,80.8694181421993,82.0200768210799,83.1771159799322,84.3402384762944,85.5096832210543,86.6851526856535,87.8666162534578,89.0540402475148,..
People using at least basic sanitation services (% of population),SH.STA.BASS.ZS,Papua New Guinea,PNG,20.745116008719,21.1018609699395,21.4585108450562,21.8143659983838,22.169086312378,22.5229636359759,22.8753163799614,23.2257913219562,23.5743391458237,..
People using at least basic sanitation services (% of population),SH.STA.BASS.ZS,Paraguay,PRY,88.4178947324525,89.4202504452198,90.415146711899,91.4154881056866,92.4079453626308,93.3920477799252,94.2434679233291,95.2491802778514,95.9347586765151,..
People using at least basic sanitation services (% of population),SH.STA.BASS.ZS,Peru,PER,74.5559040876133,75.0928493726003,75.6274098296364,76.1591748496731,76.6882865431078,77.2143581209312,77.7372734420618,78.2571577701354,78.7732036574365,..
People using at least basic sanitation services (% of population),SH.STA.BASS.ZS,Philippines,PHL,77.9796692916052,79.1077756692214,80.2422384212533,81.3825055793541,82.5280655331601,83.6784077055498,84.8329995746262,85.991294396015,87.1527398416478,..
People using at least basic sanitation services (% of population),SH.STA.BASS.ZS,Poland,POL,98.3831051859455,98.7966126825203,98.9554251030336,98.9575340330854,98.9575085375078,98.9573598717452,98.9570843478037,98.9566925447355,98.9561729534462,..
People using at least basic sanitation services (% of population),SH.STA.BASS.ZS,Portugal,PRT,99.3443014964216,99.43806801438,99.5305100855018,99.6200248701138,99.6529221881304,99.6623109186367,99.6612544387821,99.6602104639564,99.6591815840337,..
People using at least basic sanitation services (% of population),SH.STA.BASS.ZS,Post-demographic dividend,PST,99.1502672904444,99.1610968520244,99.1713141909622,99.1925900102059,99.1971959085144,99.1996687817447,99.221719326985,99.23048344551,99.2395206681949,..
People using at least basic sanitation services (% of population),SH.STA.BASS.ZS,Pre-demographic dividend,PRE,34.3631095615153,35.3522480639089,36.2039759286967,37.0586180984005,37.9097225273209,38.7779093114341,39.7635892093045,40.2167628967345,40.7744954637243,..
People using at least basic sanitation services (% of population),SH.STA.BASS.ZS,Puerto Rico (US),PRI,100,100,100,100,100,100,100,100,100,..
People using at least basic sanitation services (% of population),SH.STA.BASS.ZS,Qatar,QAT,99.936546650008,99.9365463889767,99.9365461279432,99.9365458669077,99.9365456058699,99.9365453448301,99.936545083788,99.936545083788,99.936545083788,..
People using at least basic sanitation services (% of population),SH.STA.BASS.ZS,Romania,ROU,84.2094124497179,85.0986005989272,85.9929537766502,86.8911090946585,87.7922191507809,88.6956428751098,89.6004899502368,90.505532492932,90.5413612422841,..
People using at least basic sanitation services (% of population),SH.STA.BASS.ZS,Russian Federation,RUS,87.3591528902794,87.9466409875352,88.5392414303968,89.1372417555839,89.7409453652069,90.3506542509722,90.9663797021895,91.5886930920727,92.2175878296841,..
People using at least basic sanitation services (% of population),SH.STA.BASS.ZS,Rwanda,RWA,69.6758086260828,71.2308954690674,72.7776126104957,74.3150494792337,75.8419280137536,77.3571126484404,78.8594683891809,80.3475631851087,81.3307323783745,..
People using at least basic sanitation services (% of population),SH.STA.BASS.ZS,Samoa,WSM,95.0374675364972,95.2976717259871,95.5585181223598,95.8200173728915,96.0821241161349,96.3448273060741,96.5989544610645,96.8487142072358,97.0991039585403,..
People using at least basic sanitation services (% of population),SH.STA.BASS.ZS,San Marino,SMR,100,100,100,100,100,100,100,100,100,..
People using at least basic sanitation services (% of population),SH.STA.BASS.ZS,Sao Tome and Principe,STP,41.6983508891345,43.0527347494608,44.4058041526004,45.7575570286583,47.1080132831109,48.4573502739393,48.5350542796998,48.6086612768342,48.6785052753612,..
People using at least basic sanitation services (% of population),SH.STA.BASS.ZS,Saudi Arabia,SAU,97.5667358551859,97.5718278390654,97.5769396449473,97.5820275772784,97.5871417429561,97.5922328659359,97.5973210358859,97.6024090977173,97.6074983619299,..
People using at least basic sanitation services (% of population),SH.STA.BASS.ZS,Senegal,SEN,53.9714940731355,55.0521038030032,56.1299701818744,57.204943845452,58.276399086684,59.3441523766207,60.407587055533,61.4661335345473,62.5195952667746,..
People using at least basic sanitation services (% of population),SH.STA.BASS.ZS,Serbia,SRB,97.519678308202,97.6881908970258,97.8576090639596,97.9156406613819,97.9188486059038,97.9231088276216,97.9283883905418,97.9347704722446,97.9422983506613,..
People using at least basic sanitation services (% of population),SH.STA.BASS.ZS,Seychelles,SYC,98.6480096869539,98.8451290579635,98.8746286644801,98.885830584073,98.8969906145227,98.8985665517452,99.7,99.7,99.7,..
People using at least basic sanitation services (% of population),SH.STA.BASS.ZS,Sierra Leone,SLE,17.4849469878374,18.3338579581936,19.205484723374,20.0997388519849,21.0167123808123,21.9564987659226,22.9191878036943,23.9048711595784,24.9136362418086,..
People using at least basic sanitation services (% of population),SH.STA.BASS.ZS,Singapore,SGP,100,100,100,100,100,100,100,100,100,..
People using at least basic sanitation services (% of population),SH.STA.BASS.ZS,Sint Maarten (Dutch part),SXM,98.7810265603988,98.7810265603988,..,..,..,..,..,..,..,..
People using at least basic sanitation services (% of population),SH.STA.BASS.ZS,Slovak Republic,SVK,97.526250341086,97.532398820711,97.5317758845703,97.5318474506964,97.5326284865492,97.5341310938748,97.5363631509113,97.5393256080188,97.5429596376154,..
People using at least basic sanitation services (% of population),SH.STA.BASS.ZS,Slovenia,SVN,98.5779968762202,98.5246290511519,98.4712612260836,98.4178934010152,98.3645255759469,98.3111577508786,98.3111577508786,98.3111577508786,98.3111577508786,..
People using at least basic sanitation services (% of population),SH.STA.BASS.ZS,Small states,SST,80.5573949080494,81.120468122072,81.6661080494783,82.2038177798422,82.4346093369201,82.8024905965433,83.1838815999226,83.4872113177227,84.8416740073461,..
People using at least basic sanitation services (% of population),SH.STA.BASS.ZS,Solomon Islands,SLB,30.5306345641,31.2036978531695,31.8782846169849,32.5533129184691,33.2293129783629,33.9057348441726,34.1549727598984,34.4025678319385,34.6490737425976,..
People using at least basic sanitation services (% of population),SH.STA.BASS.ZS,"Somalia, Fed. Rep.",SOM,36.1250378584049,37.1573619625344,38.1938671112932,39.2334053088705,40.2756265135548,41.3196817201459,42.3649691614571,43.4108945004739,44.4568438332571,..
People using at least basic sanitation services (% of population),SH.STA.BASS.ZS,South Africa,ZAF,72.3045193020221,72.9715054204693,73.6294078282668,74.2781920666219,74.917857781457,75.5483071505453,76.169562634684,76.7816295496925,77.384521067613,..
People using at least basic sanitation services (% of population),SH.STA.BASS.ZS,South Asia,SAS,59.689489068753,62.5446654383749,65.4131386342214,68.2929375209308,71.0904539364477,73.8613386084937,76.62490024242,79.3799594227934,81.9597200048579,..
People using at least basic sanitation services (% of population),SH.STA.BASS.ZS,South Asia (IDA & IBRD),TSA,59.689489068753,62.5446654383749,65.4131386342214,68.2929375209308,71.0904539364477,73.8613386084937,76.62490024242,79.3799594227934,81.9597200048579,..
People using at least basic sanitation services (% of population),SH.STA.BASS.ZS,South Sudan,SSD,10.2323689883362,10.968942628146,11.737005779493,12.5375975656084,13.0864589618101,13.6458281034803,14.2167630894524,14.3201319980044,14.4282401482886,..
People using at least basic sanitation services (% of population),SH.STA.BASS.ZS,Spain,ESP,99.9188850913844,99.9198350404292,99.9195992102324,99.9193505376925,99.9191055578582,99.9188670826466,99.9186101900368,99.9183686152338,99.9181189186239,..
People using at least basic sanitation services (% of population),SH.STA.BASS.ZS,Sri Lanka,LKA,89.9341591246989,90.7819310655448,91.6331770755008,92.4879479800339,93.3463184770693,94.2083491070029,94.9480533011818,95.3491933910345,95.3530207374149,..
People using at least basic sanitation services (% of population),SH.STA.BASS.ZS,St. Kitts and Nevis,KNA,94.9535945166888,94.9535945166888,..,..,..,..,..,..,..,..
People using at least basic sanitation services (% of population),SH.STA.BASS.ZS,St. Lucia,LCA,83.1035196660243,83.2569990879187,83.3759977820708,83.3723158043306,83.3681101145383,83.3633139252982,83.3579905079804,..,..,..
People using at least basic sanitation services (% of population),SH.STA.BASS.ZS,St. Martin (French part),MAF,99.785182071519,99.836404970392,99.887627869265,99.9388507681379,99.9900736670109,100,100,100,100,..
People using at least basic sanitation services (% of population),SH.STA.BASS.ZS,St. Vincent and the Grenadines,VCT,89.6434827883976,89.6721678912107,89.7010629819102,..,..,..,..,..,..,..
People using at least basic sanitation services (% of population),SH.STA.BASS.ZS,Sub-Saharan Africa,SSF,31.562314156865,32.3634149108259,33.0822645106561,33.8325683668292,34.5869966196976,35.3793350587089,36.2628157577495,36.597084796018,37.1145942934699,..
People using at least basic sanitation services (% of population),SH.STA.BASS.ZS,Sub-Saharan Africa (excluding high income),SSA,31.5562770491182,32.3574984506633,33.0764995413546,33.8269653463185,34.5815521309203,35.3740496237225,36.2565660856196,36.5908407592212,37.1084701318195,..
People using at least basic sanitation services (% of population),SH.STA.BASS.ZS,Sub-Saharan Africa (IDA & IBRD countries),TSS,31.562314156865,32.3634149108259,33.0822645106561,33.8325683668292,34.5869966196976,35.3793350587089,36.2628157577495,36.5970847960181,37.1145942934699,..
People using at least basic sanitation services (% of population),SH.STA.BASS.ZS,Sudan,SDN,43.424779800547,46.0119565679027,48.6574194730533,51.3601722607621,54.1197261681039,56.9352476681987,59.8058415120202,62.7305457858252,65.7085965688426,..
People using at least basic sanitation services (% of population),SH.STA.BASS.ZS,Suriname,SUR,87.1630073725614,87.8530834622316,88.5487221622628,89.2491417475009,89.9542117560027,89.9622405684379,89.9723387364091,89.9842718946213,89.9982745800564,..
People using at least basic sanitation services (% of population),SH.STA.BASS.ZS,Sweden,SWE,98.9086418804905,98.8852906425608,98.8618710894005,98.8383650468889,98.8147945547194,98.7911500544417,98.767447686991,98.7436812461122,98.743188223274,..
People using at least basic sanitation services (% of population),SH.STA.BASS.ZS,Switzerland,CHE,99.8982917124867,99.8998756361922,99.8998706855138,99.8998728058584,99.8998740977632,99.8998704339259,99.8998753786739,99.8998744202541,99.8998709349206,..
People using at least basic sanitation services (% of population),SH.STA.BASS.ZS,Syrian Arab Republic,SYR,92.9046403526053,93.258034132691,93.6084625778636,93.9559328365603,94.3003801258049,94.6418305675614,94.980328483975,95.3158526472943,95.6484324566991,..
People using at least basic sanitation services (% of population),SH.STA.BASS.ZS,Tajikistan,TJK,95.3542477429458,95.5837707483272,95.8112529374464,95.9706194331764,95.9796685499025,95.98782600032,95.9951184722517,95.9857039731115,..,..
People using at least basic sanitation services (% of population),SH.STA.BASS.ZS,Tanzania,TZA,25.3153858621226,26.7585271322434,28.2133927251419,29.6802357492442,31.1602899873696,32.6535108479798,34.1608687863697,35.6824982712263,37.2193614570345,..
People using at least basic sanitation services (% of population),SH.STA.BASS.ZS,Thailand,THA,96.7354102291453,97.0558447818026,97.3791754669481,97.705394777576,98.0344733663979,98.3663780543942,98.7010762721829,99.0385374392322,99.3504878190651,..
People using at least basic sanitation services (% of population),SH.STA.BASS.ZS,Timor-Leste,TLS,53.273678577949,55.7381542550198,58.2016694124243,60.663593946828,63.1237035257288,65.5812259785817,68.0360936203576,70.4877207394957,72.935802279964,..
People using at least basic sanitation services (% of population),SH.STA.BASS.ZS,Togo,TGO,18.6162879264339,19.5982705218929,20.6062840876452,21.6400439153227,22.6992561746885,23.7836212231427,24.8925910881783,25.0297462105085,25.1681056691569,..
People using at least basic sanitation services (% of population),SH.STA.BASS.ZS,Tonga,TON,92.9019205295168,93.0554424910355,93.2070910925577,93.3566618540617,93.5041088737025,93.6491554246251,93.7917923415777,93.9318098810781,93.933454352263,..
People using at least basic sanitation services (% of population),SH.STA.BASS.ZS,Trinidad and Tobago,TTO,94.3009655351862,94.2844344672468,94.2677930697495,94.251259726399,94.2350621411755,94.2194207686008,94.204562265161,94.1907029265778,94.1780681697959,..
People using at least basic sanitation services (% of population),SH.STA.BASS.ZS,Tunisia,TUN,91.8540914293083,92.7457440160073,93.6354735142668,94.5224940632681,95.4060813673203,96.2856817943005,97.1606271679566,97.9849156132874,98.5373409254893,..
People using at least basic sanitation services (% of population),SH.STA.BASS.ZS,Turkiye,TUR,97.0180744384543,97.5910900486757,98.1513969936455,98.6993304992011,99.2307423449242,99.2429248259355,99.2548217497769,99.2664132586442,99.2777016762549,..
People using at least basic sanitation services (% of population),SH.STA.BASS.ZS,Turkmenistan,TKM,97.7947178741168,98.1805141094557,98.5690477632557,98.960474453072,99.3549516187618,99.7409287319658,99.7391494278379,99.7373196526799,99.7354493287639,..
People using at least basic sanitation services (% of population),SH.STA.BASS.ZS,Turks and Caicos Islands,TCA,93.1209288772918,93.1258920918043,93.1305309193473,93.1348642536176,93.1389142647071,93.1426950995276,93.1462139429881,93.1495232967179,93.1525997991534,..
People using at least basic sanitation services (% of population),SH.STA.BASS.ZS,Tuvalu,TUV,86.2711177988143,86.7100762257543,87.1446773088525,87.5751591368596,88.0017857400393,88.424780639943,88.8444072299231,89.2608901052421,89.674451389507,..
People using at least basic sanitation services (% of population),SH.STA.BASS.ZS,Uganda,UGA,20.9104342628765,21.2895047336164,21.6668720905552,22.0428914452572,22.4171466106688,22.789614286416,23.1603896161507,23.5293222340079,23.896386630237,..
People using at least basic sanitation services (% of population),SH.STA.BASS.ZS,Ukraine,UKR,96.9523458246156,97.0700543014006,97.1876990557354,97.3052193099168,97.3954990991366,97.4790947349818,97.5620782552435,97.6443648371652,97.7258264478011,..
People using at least basic sanitation services (% of population),SH.STA.BASS.ZS,United Arab Emirates,ARE,99.1063234658359,99.1036305730769,99.1010218730891,99.0984768671773,99.0960113749665,99.0936250142386,99.0913042673601,99.0890518596042,99.0868783474854,..
People using at least basic sanitation services (% of population),SH.STA.BASS.ZS,United Kingdom,GBR,99.1114197755495,99.1102920996894,99.1091755535877,99.1080626668205,99.1069628063769,99.105873619579,99.1047944059839,99.1037240160958,99.1026610062551,..
People using at least basic sanitation services (% of population),SH.STA.BASS.ZS,United States,USA,99.7420835602062,99.7223530086904,99.7031223122571,99.6844358089122,99.6662725669219,99.6486733885848,99.6316127279868,99.6151178147694,99.6182734760609,..
People using at least basic sanitation services (% of population),SH.STA.BASS.ZS,Upper middle income,UMC,85.7716544727076,86.9288123748182,88.2044078284895,89.4319269019666,90.640490659825,91.8033652836786,92.8655569023473,93.8335286313069,94.1507088240197,..
People using at least basic sanitation services (% of population),SH.STA.BASS.ZS,Uruguay,URY,96.9271658776364,97.2135571051318,97.4993671618489,97.784620083579,98.0693333151527,98.3535399904896,98.6365121038307,98.8933870836172,99.1507922342621,..
People using at least basic sanitation services (% of population),SH.STA.BASS.ZS,Uzbekistan,UZB,95.5713512500574,95.6935576486234,95.8162707017891,95.9392204824787,96.0621184881157,96.1847033375418,96.30669347504,96.4278294703949,96.547826032469,..
People using at least basic sanitation services (% of population),SH.STA.BASS.ZS,Vanuatu,VUT,50.826109673151,50.4548604763526,50.0825530456951,49.7088902543103,49.3338166328635,48.9569658031251,48.5782563163716,48.197355856503,47.8141509828146,..
People using at least basic sanitation services (% of population),SH.STA.BASS.ZS,"Venezuela, RB",VEN,95.1238332192828,95.6691253458652,96.2144174724477,96.7597095990301,96.9860648116858,97.0023571451138,98.3955859787771,98.3955859787771,98.3955859787771,..
People using at least basic sanitation services (% of population),SH.STA.BASS.ZS,Viet Nam,VNM,80.9140981082283,82.8485783033642,84.7702960974693,86.6789932516384,88.5744092568809,90.4559668368841,92.3237168322338,94.0898634431677,95.447026934425,..
People using at least basic sanitation services (% of population),SH.STA.BASS.ZS,Virgin Islands (U.S.),VIR,99.1990682852662,99.2090372437912,99.2190062023162,99.2289751608412,99.2389441193662,99.2489130778912,99.2588820364163,99.2588820364163,99.2588820364163,..
People using at least basic sanitation services (% of population),SH.STA.BASS.ZS,West Bank and Gaza,PSE,96.7220200053128,97.2007822905197,97.6788204548577,98.156123198693,98.6215954059263,99.0621470403227,99.3771389277401,99.3925426491979,99.3950169288026,..
People using at least basic sanitation services (% of population),SH.STA.BASS.ZS,World,WLD,73.7893936227934,74.8671659237016,76.0286037232375,77.1682121091812,78.2771492643407,79.3525746677556,80.4481869553239,81.5450831945687,82.1611698828403,..
People using at least basic sanitation services (% of population),SH.STA.BASS.ZS,"Yemen, Rep.",YEM,56.4772672906306,57.3296474501288,58.1748003487901,59.0129962088495,59.8436190728003,60.6660832932611,61.480658139543,62.2859746985692,63.0827307655577,..
People using at least basic sanitation services (% of population),SH.STA.BASS.ZS,Zambia,ZMB,32.0477720583314,32.674491350081,33.2903966380539,33.8947045843208,34.4868129715486,35.2442051458646,35.9950584575439,36.7391328457853,37.4763362189112,..
People using at least basic sanitation services (% of population),SH.STA.BASS.ZS,Zimbabwe,ZWE,37.5291927779865,36.9416715486173,36.3571595127659,35.7743353702206,35.1923620543494,34.6099501611517,34.6178594063559,34.6283464803415,34.6414985324477,..
"Adolescent fertility rate (births per 1,000 women ages 15-19)",SP.ADO.TFRT,Afghanistan,AFG,78.13,75.3,73.021,70.967,68.877,66.599,65.339,64.068,61.501,..
"Adolescent fertility rate (births per 1,000 women ages 15-19)",SP.ADO.TFRT,Africa Eastern and Southern,AFE,101.266398602231,99.2944286821449,98.082042012069,97.1897867960092,95.7413392620295,94.6595133310708,93.379388849822,92.3064528575242,91.1885613281664,..
"Adolescent fertility rate (births per 1,000 women ages 15-19)",SP.ADO.TFRT,Africa Western and Central,AFW,113.093481110957,108.507105534572,104.936985583651,101.374828899751,98.4973190706619,97.2214447059801,95.9875079515637,95.0031633107604,92.9946183508397,..
"Adolescent fertility rate (births per 1,000 women ages 15-19)",SP.ADO.TFRT,Albania,ALB,18.518,16.778,15.456,14.949,14.004,13.002,12.827,12.789,12.399,..
"Adolescent fertility rate (births per 1,000 women ages 15-19)",SP.ADO.TFRT,Algeria,DZA,10.5,9.978,9.495,10.328,9.901,9.343,8.977,8.698,8.582,..
"Adolescent fertility rate (births per 1,000 women ages 15-19)",SP.ADO.TFRT,American Samoa,ASM,39.45,37.274,35.427,34.278,34.149,34.214,34.104,34.181,34.749,..
"Adolescent fertility rate (births per 1,000 women ages 15-19)",SP.ADO.TFRT,Andorra,AND,4.576,4.326,3.832,3.526,3.119,3.5,3.527,3.48,3.4,..
"Adolescent fertility rate (births per 1,000 women ages 15-19)",SP.ADO.TFRT,Angola,AGO,148.905,147.407,146.305,145.094,144.329,143.383,141.978,140.84,139.388,..
"Adolescent fertility rate (births per 1,000 women ages 15-19)",SP.ADO.TFRT,Antigua and Barbuda,ATG,31.44,31.069,28.173,31.691,33.916,33.751,33.469,32.932,32.078,..
"Adolescent fertility rate (births per 1,000 women ages 15-19)",SP.ADO.TFRT,Arab World,ARB,51.8724233816746,51.0735774541458,49.1608732965002,47.9923596700881,47.305824741482,46.2122880151709,45.4494514185272,44.7865562834154,43.8594982248838,..
"Adolescent fertility rate (births per 1,000 women ages 15-19)",SP.ADO.TFRT,Argentina,ARG,58.79,55.022,49.926,41.751,31.492,28.54,25.767,26.414,25.56,..
"Adolescent fertility rate (births per 1,000 women ages 15-19)",SP.ADO.TFRT,Armenia,ARM,24.38,21.153,18.657,16.328,13.735,13.66,13.487,13.445,12.823,..
"Adolescent fertility rate (births per 1,000 women ages 15-19)",SP.ADO.TFRT,Aruba,ABW,30.102,27.289,24.049,22.123,20.554,18.615,18.768,18.788,18.021,..
"Adolescent fertility rate (births per 1,000 women ages 15-19)",SP.ADO.TFRT,Australia,AUS,10.939,10.235,9.741,8.763,7.726,7.089,6.747,6.715,6.419,..
"Adolescent fertility rate (births per 1,000 women ages 15-19)",SP.ADO.TFRT,Austria,AUT,7.505,6.897,5.715,5.29,4.907,4.426,4.205,3.836,3.605,..
"Adolescent fertility rate (births per 1,000 women ages 15-19)",SP.ADO.TFRT,Azerbaijan,AZE,58.882,53.042,49.913,47.851,41.585,34.844,35.293,34.767,34.856,..
"Adolescent fertility rate (births per 1,000 women ages 15-19)",SP.ADO.TFRT,"Bahamas, The",BHS,28.989,26.785,26.308,26.003,25.129,24.87,24.679,24.564,24.519,..
"Adolescent fertility rate (births per 1,000 women ages 15-19)",SP.ADO.TFRT,Bahrain,BHR,14.105,12.987,11.692,9.16,8.021,8.364,8.122,7.535,7.225,..
"Adolescent fertility rate (births per 1,000 women ages 15-19)",SP.ADO.TFRT,Bangladesh,BGD,87.837,82.215,80.415,79.151,79.184,75.962,73.128,73.179,70.813,..
"Adolescent fertility rate (births per 1,000 women ages 15-19)",SP.ADO.TFRT,Barbados,BRB,45.528,45.649,45.864,46.03,45.931,45.948,45.848,45.332,45.008,..
"Adolescent fertility rate (births per 1,000 women ages 15-19)",SP.ADO.TFRT,Belarus,BLR,16.076,13.395,11.932,11.351,10.911,10.659,9.903,8.595,8.171,..
"Adolescent fertility rate (births per 1,000 women ages 15-19)",SP.ADO.TFRT,Belgium,BEL,6.228,5.905,5.528,5.204,4.884,4.609,4.372,3.67,3.504,..
"Adolescent fertility rate (births per 1,000 women ages 15-19)",SP.ADO.TFRT,Belize,BLZ,70.672,70.413,72.19,65.575,58.522,51.324,53.404,55.232,55.6,..
"Adolescent fertility rate (births per 1,000 women ages 15-19)",SP.ADO.TFRT,Benin,BEN,95.223,91.759,87.888,83.84,81.062,79.804,78.86,77.844,76.407,..
"Adolescent fertility rate (births per 1,000 women ages 15-19)",SP.ADO.TFRT,Bermuda,BMU,5.433,4.112,3.595,3.028,2.625,1.666,1.614,1.546,1.527,..
"Adolescent fertility rate (births per 1,000 women ages 15-19)",SP.ADO.TFRT,Bhutan,BTN,14.108,11.332,9.369,8.139,8.74,9.645,9.388,9.364,8.712,..
"Adolescent fertility rate (births per 1,000 women ages 15-19)",SP.ADO.TFRT,Bolivia,BOL,71.546,70.498,69.522,68.46,67.521,66.639,65.76,64.848,64.437,..
"Adolescent fertility rate (births per 1,000 women ages 15-19)",SP.ADO.TFRT,Bosnia and Herzegovina,BIH,11.3,11.613,11.814,11.354,11.311,11.192,11.089,11.217,10.783,..
"Adolescent fertility rate (births per 1,000 women ages 15-19)",SP.ADO.TFRT,Botswana,BWA,54.312,49.926,54.313,56.259,55.557,55.094,54.585,53.805,53.45,..
"Adolescent fertility rate (births per 1,000 women ages 15-19)",SP.ADO.TFRT,Brazil,BRA,58.372,56.558,54.287,50.958,47.46,45.67,42.881,42.686,41.459,..
"Adolescent fertility rate (births per 1,000 women ages 15-19)",SP.ADO.TFRT,British Virgin Islands,VGB,14.535,10.928,12.119,13.492,13.731,14.387,14.539,15.27,15.143,..
"Adolescent fertility rate (births per 1,000 women ages 15-19)",SP.ADO.TFRT,Brunei Darussalam,BRN,11.062,10.491,10.29,10.042,8.847,8.581,8.589,8.518,8.051,..
"Adolescent fertility rate (births per 1,000 women ages 15-19)",SP.ADO.TFRT,Bulgaria,BGR,38.076,38.224,38.873,39.169,37.508,36.408,39.409,39.098,38.035,..
"Adolescent fertility rate (births per 1,000 women ages 15-19)",SP.ADO.TFRT,Burkina Faso,BFA,114.519,109.182,104.185,96.659,91.464,90.079,88.56,87.082,85.533,..
"Adolescent fertility rate (births per 1,000 women ages 15-19)",SP.ADO.TFRT,Burundi,BDI,60.404,58.504,57.37,56.534,55.673,54.826,54.08,53.364,52.49,..
"Adolescent fertility rate (births per 1,000 women ages 15-19)",SP.ADO.TFRT,Cabo Verde,CPV,58.61,56.42,50.97,45.194,39.913,38.922,38.673,38.755,37.942,..
"Adolescent fertility rate (births per 1,000 women ages 15-19)",SP.ADO.TFRT,Cambodia,KHM,52.522,51.735,51.007,50.2,48.594,47.847,47.089,46.89,47.306,..
"Adolescent fertility rate (births per 1,000 women ages 15-19)",SP.ADO.TFRT,Cameroon,CMR,119.352,118.815,117.067,114.634,112.084,109.907,108.328,106.661,105.389,..
"Adolescent fertility rate (births per 1,000 women ages 15-19)",SP.ADO.TFRT,Canada,CAN,8.695,7.931,7.006,6.432,5.805,5.262,4.889,4.805,4.501,..
"Adolescent fertility rate (births per 1,000 women ages 15-19)",SP.ADO.TFRT,Caribbean small states,CSS,53.8091375284016,52.6496373642614,52.0343981260035,50.9561591706505,49.2839474272803,47.3710634856386,46.9341105170625,46.3811306441533,45.8397224766044,..
"Adolescent fertility rate (births per 1,000 women ages 15-19)",SP.ADO.TFRT,Cayman Islands,CYM,12.706,11.063,10.56,11.533,11.85,11.611,11.515,11.338,10.525,..
"Adolescent fertility rate (births per 1,000 women ages 15-19)",SP.ADO.TFRT,Central African Republic,CAF,164.342,165.118,165.544,164.921,163.964,163.575,163.019,163.093,161.348,..
"Adolescent fertility rate (births per 1,000 women ages 15-19)",SP.ADO.TFRT,Central Europe and the Baltics,CEB,20.6973572451991,20.3712568623341,19.5899997698183,18.6727533394632,17.6322461869826,16.6434236209535,16.1912007231713,15.9356191131244,15.3763630162045,..
"Adolescent fertility rate (births per 1,000 women ages 15-19)",SP.ADO.TFRT,Chad,TCD,155.838,149.618,145.22,143.291,140.715,137.946,136.697,134.738,132.131,..
"Adolescent fertility rate (births per 1,000 women ages 15-19)",SP.ADO.TFRT,Channel Islands,CHI,11.456,10.563,9.874,9.322,8.886,8.717,8.72,8.681,8.271,..
"Adolescent fertility rate (births per 1,000 women ages 15-19)",SP.ADO.TFRT,Chile,CHL,33.658,27.261,23.705,18.968,14.415,7.892,7.687,6.542,5.608,..
"Adolescent fertility rate (births per 1,000 women ages 15-19)",SP.ADO.TFRT,China,CHN,10.747,10.236,8.691,8.277,6.737,5.996,5.463,5.227,5.202,..
"Adolescent fertility rate (births per 1,000 women ages 15-19)",SP.ADO.TFRT,Colombia,COL,66.84,65.985,65.17,64.278,62.885,62.023,60.175,59.473,58.393,..
"Adolescent fertility rate (births per 1,000 women ages 15-19)",SP.ADO.TFRT,Comoros,COM,62.209,60.415,59.952,59.294,58.543,57.386,56.298,55.233,53.797,..
"Adolescent fertility rate (births per 1,000 women ages 15-19)",SP.ADO.TFRT,"Congo, Dem. Rep.",COD,113.478,112.484,111.807,111.141,110.308,109.234,108.06,106.884,105.224,..
"Adolescent fertility rate (births per 1,000 women ages 15-19)",SP.ADO.TFRT,"Congo, Rep.",COG,118.945,117.227,115.695,114.54,113.633,112.715,111.227,109.88,108.099,..
"Adolescent fertility rate (births per 1,000 women ages 15-19)",SP.ADO.TFRT,Costa Rica,CRI,53.376,51.125,49.006,42.097,33.354,27.871,26.451,26.251,24.838,..
"Adolescent fertility rate (births per 1,000 women ages 15-19)",SP.ADO.TFRT,Cote d'Ivoire,CIV,113.001,106.786,102.061,99.014,96.903,94.609,93.194,92.085,90.556,..
"Adolescent fertility rate (births per 1,000 women ages 15-19)",SP.ADO.TFRT,Croatia,HRV,9.946,9.509,9.034,8.687,7.57,7.542,6.945,6.57,6.309,..
"Adolescent fertility rate (births per 1,000 women ages 15-19)",SP.ADO.TFRT,Cuba,CUB,48.43,49.67,52.373,51.098,50.532,48.346,47.767,48.674,48.236,..
"Adolescent fertility rate (births per 1,000 women ages 15-19)",SP.ADO.TFRT,Curacao,CUW,24.703,20.61,21.678,15.763,13.982,13.122,13.022,12.954,12.469,..
"Adolescent fertility rate (births per 1,000 women ages 15-19)",SP.ADO.TFRT,Cyprus,CYP,6.274,6.619,7.136,6.974,7.274,7.077,7.041,6.981,6.981,..
"Adolescent fertility rate (births per 1,000 women ages 15-19)",SP.ADO.TFRT,Czechia,CZE,11.789,11.653,10.738,9.834,9.036,8.096,6.913,5.979,5.754,..
"Adolescent fertility rate (births per 1,000 women ages 15-19)",SP.ADO.TFRT,Denmark,DNK,3.438,2.874,2.446,2.056,1.663,1.42,1.196,1.14,1.06,..
"Adolescent fertility rate (births per 1,000 women ages 15-19)",SP.ADO.TFRT,Djibouti,DJI,20.971,20.637,20.318,20.015,19.781,19.58,19.306,18.972,19.098,..
"Adolescent fertility rate (births per 1,000 women ages 15-19)",SP.ADO.TFRT,Dominica,DMA,37.496,36.456,36.069,36.168,35.903,34.74,34.275,34.138,33.973,..
"Adolescent fertility rate (births per 1,000 women ages 15-19)",SP.ADO.TFRT,Dominican Republic,DOM,78.64,75.887,72.619,66.982,58.852,56.058,53.582,52.774,50.163,..
"Adolescent fertility rate (births per 1,000 women ages 15-19)",SP.ADO.TFRT,Early-demographic dividend,EAR,38.5861297679203,37.6188695370425,36.5754833808231,35.6045210912706,34.674164403642,34.0762667289013,33.6280667020435,33.3625849402775,32.4518190488183,..
"Adolescent fertility rate (births per 1,000 women ages 15-19)",SP.ADO.TFRT,East Asia & Pacific,EAS,20.9930225790164,19.8566033552523,18.2119285322282,17.2614099829997,15.8789720606431,15.1972743165024,14.8003871720739,14.5658373616535,14.2815841474122,..
"Adolescent fertility rate (births per 1,000 women ages 15-19)",SP.ADO.TFRT,East Asia & Pacific (excluding high income),EAP,22.5924164377472,21.3770193509089,19.5809899855439,18.5469803749391,17.0343022026264,16.2911100176358,15.8518617131606,15.5900810236292,15.2752433465513,..
"Adolescent fertility rate (births per 1,000 women ages 15-19)",SP.ADO.TFRT,East Asia & Pacific (IDA & IBRD countries),TEA,22.9119823030494,21.677017667689,19.8519076156523,18.7982239441505,17.2589164698469,16.5000748347914,16.0492247593477,15.7786136553767,15.4548158343461,..
"Adolescent fertility rate (births per 1,000 women ages 15-19)",SP.ADO.TFRT,Ecuador,ECU,74.617,73.879,72.494,67.976,62.63,58.609,56.981,55.531,54.309,..
"Adolescent fertility rate (births per 1,000 women ages 15-19)",SP.ADO.TFRT,"Egypt, Arab Rep.",EGY,54.025,53.207,47.175,43.989,43.848,41.901,41.852,41.754,41.126,..
"Adolescent fertility rate (births per 1,000 women ages 15-19)",SP.ADO.TFRT,El Salvador,SLV,65.059,61.093,57.857,57.724,56.865,56.143,54.881,54.23,53.452,..
"Adolescent fertility rate (births per 1,000 women ages 15-19)",SP.ADO.TFRT,Equatorial Guinea,GNQ,167.303,164.344,161.597,158.817,156.024,154.136,152.146,150.442,152.865,..
"Adolescent fertility rate (births per 1,000 women ages 15-19)",SP.ADO.TFRT,Eritrea,ERI,72.316,70.977,69.626,68.343,67.189,66.429,65.724,65.177,65.157,..
"Adolescent fertility rate (births per 1,000 women ages 15-19)",SP.ADO.TFRT,Estonia,EST,10.938,9.839,9.298,8.383,7.255,6.368,5.344,5.026,4.675,..
"Adolescent fertility rate (births per 1,000 women ages 15-19)",SP.ADO.TFRT,Eswatini,SWZ,75.392,74.547,74.104,73.228,72.075,70.741,69.773,68.726,68.156,..
"Adolescent fertility rate (births per 1,000 women ages 15-19)",SP.ADO.TFRT,Ethiopia,ETH,77.374,75.196,74.733,74.505,73.654,72.373,71.137,69.865,68.198,..
"Adolescent fertility rate (births per 1,000 women ages 15-19)",SP.ADO.TFRT,Euro area,EMU,8.07715378229978,7.5698962083312,7.02376048567465,6.65962974633944,6.1284835752661,5.68691706263832,5.30494524111161,5.12007585007324,4.98473433816577,..
"Adolescent fertility rate (births per 1,000 women ages 15-19)",SP.ADO.TFRT,Europe & Central Asia,ECS,17.4005600801881,15.7143363186049,14.6225302838018,13.6942855560515,12.7098584216889,12.4281461605596,11.851594931281,11.729295705973,11.3526828205527,..
"Adolescent fertility rate (births per 1,000 women ages 15-19)",SP.ADO.TFRT,Europe & Central Asia (excluding high income),ECA,26.9377485325388,24.3231221457698,23.0337891743555,21.9026736076602,20.2292908917458,20.4367270989465,19.4758117890242,19.4438056729113,18.95474285307,..
"Adolescent fertility rate (births per 1,000 women ages 15-19)",SP.ADO.TFRT,Europe & Central Asia (IDA & IBRD countries),TEC,25.053786575546,22.4851869766935,20.9992126838065,19.6839164495153,18.3560639946834,18.2856410753853,17.5668888038366,17.4939203614089,16.8819234946095,..
"Adolescent fertility rate (births per 1,000 women ages 15-19)",SP.ADO.TFRT,European Union,EUU,10.0495600223891,9.52268892359051,8.88046590056515,8.36274668069176,7.75239458777,7.21086044994704,6.8223107652983,6.66348515606251,6.4721241657185,..
"Adolescent fertility rate (births per 1,000 women ages 15-19)",SP.ADO.TFRT,Faroe Islands,FRO,8.77,7.865,7.013,6.188,5.38,4.793,4.767,4.672,4.403,..
"Adolescent fertility rate (births per 1,000 women ages 15-19)",SP.ADO.TFRT,Fiji,FJI,21.943,21.218,21.827,22.047,21.695,21.553,21.271,21.169,20.905,..
"Adolescent fertility rate (births per 1,000 women ages 15-19)",SP.ADO.TFRT,Finland,FIN,5.598,4.957,4.372,4.048,3.799,3.748,3.221,3.095,2.987,..
"Adolescent fertility rate (births per 1,000 women ages 15-19)",SP.ADO.TFRT,France,FRA,7.557,7.122,6.397,6.127,5.616,4.94,3.979,3.507,3.302,..
"Adolescent fertility rate (births per 1,000 women ages 15-19)",SP.ADO.TFRT,French Polynesia,PYF,33.933,31.707,29.974,28.526,27.243,25.173,24.725,24.344,23.844,..
"Adolescent fertility rate (births per 1,000 women ages 15-19)",SP.ADO.TFRT,Gabon,GAB,99.801,98.88,98.055,97.632,96.307,94.925,93.319,91.707,89.467,..
"Adolescent fertility rate (births per 1,000 women ages 15-19)",SP.ADO.TFRT,"Gambia, The",GMB,72.228,67.899,64.859,63.374,61.874,60.503,59.158,58.094,56.138,..
"Adolescent fertility rate (births per 1,000 women ages 15-19)",SP.ADO.TFRT,Georgia,GEO,44.002,37.22,32.988,29.594,27.086,25.154,21.511,21.137,19.373,..
"Adolescent fertility rate (births per 1,000 women ages 15-19)",SP.ADO.TFRT,Germany,DEU,9.23,8.317,7.665,7.126,6.544,6.241,5.577,5.473,5.237,..
"Adolescent fertility rate (births per 1,000 women ages 15-19)",SP.ADO.TFRT,Ghana,GHA,70.423,67.881,66.515,64.279,62.026,59.76,58.808,58.238,57.447,..
"Adolescent fertility rate (births per 1,000 women ages 15-19)",SP.ADO.TFRT,Gibraltar,GIB,8.796,8.832,8.797,8.689,8.388,8.283,8.477,8.8,8.534,..
"Adolescent fertility rate (births per 1,000 women ages 15-19)",SP.ADO.TFRT,Greece,GRC,9.048,8.716,8.566,8.4,8.35,7.886,6.941,7.044,6.847,..
"Adolescent fertility rate (births per 1,000 women ages 15-19)",SP.ADO.TFRT,Greenland,GRL,40.228,39.529,38.376,37.615,37.14,36.873,36.42,36.101,35.05,..
"Adolescent fertility rate (births per 1,000 women ages 15-19)",SP.ADO.TFRT,Grenada,GRD,33.887,28.958,31.136,31.587,30.369,29.652,29.357,29.088,28.617,..
"Adolescent fertility rate (births per 1,000 women ages 15-19)",SP.ADO.TFRT,Guam,GUM,40.661,38.905,36.116,35.293,34.706,34.292,33.902,33.39,31.509,..
"Adolescent fertility rate (births per 1,000 women ages 15-19)",SP.ADO.TFRT,Guatemala,GTM,85.004,83.905,81.694,77.103,72.461,70.295,69.116,68.269,67.865,..
"Adolescent fertility rate (births per 1,000 women ages 15-19)",SP.ADO.TFRT,Guinea,GIN,126.677,126.32,126.102,126.258,125.054,122.721,120.438,118.577,116.768,..
"Adolescent fertility rate (births per 1,000 women ages 15-19)",SP.ADO.TFRT,Guinea-Bissau,GNB,94.263,90.151,88.417,87.043,85.874,84.568,83.159,81.981,80.292,..
"Adolescent fertility rate (births per 1,000 women ages 15-19)",SP.ADO.TFRT,Guyana,GUY,79.007,77.516,76.143,75.615,74.211,72.781,71.313,69.927,68.46,..
"Adolescent fertility rate (births per 1,000 women ages 15-19)",SP.ADO.TFRT,Haiti,HTI,56.454,55.523,54.607,53.62,52.578,51.509,50.589,49.775,49.26,..
"Adolescent fertility rate (births per 1,000 women ages 15-19)",SP.ADO.TFRT,Heavily indebted poor countries (HIPC),HPC,106.618445931808,104.584435716392,102.932886131372,101.218646504921,99.5916384294906,98.0095690948667,96.7751659970135,95.6612898645567,94.3367190695822,..
"Adolescent fertility rate (births per 1,000 women ages 15-19)",SP.ADO.TFRT,High income,HIC,14.3215585897095,13.1193592524509,12.138264955053,11.2576104714889,10.2949977929057,9.53903810682106,9.30270827383476,9.09004948734725,8.66114418911503,..
"Adolescent fertility rate (births per 1,000 women ages 15-19)",SP.ADO.TFRT,Honduras,HND,86.927,85.934,85.75,85.131,84.334,83.508,82.781,82.079,81.254,..
"Adolescent fertility rate (births per 1,000 women ages 15-19)",SP.ADO.TFRT,"Hong Kong SAR, China",HKG,3.08,2.792,2.446,2.233,1.786,1.324,1.13,1.12,1.151,..
"Adolescent fertility rate (births per 1,000 women ages 15-19)",SP.ADO.TFRT,Hungary,HUN,24.847,23.288,22.212,21.404,21.318,19.787,18.766,17.537,17.392,..
"Adolescent fertility rate (births per 1,000 women ages 15-19)",SP.ADO.TFRT,IBRD only,IBD,..,..,..,..,..,..,..,..,..,..
"Adolescent fertility rate (births per 1,000 women ages 15-19)",SP.ADO.TFRT,Iceland,ISL,6.669,5.931,5.381,4.88,4.408,4.15,3.515,3.369,3.074,..
"Adolescent fertility rate (births per 1,000 women ages 15-19)",SP.ADO.TFRT,IDA & IBRD total,IBT,48.0383522636554,47.003397861136,45.9189306197151,44.9889299503891,43.9763109932946,43.4583972968731,42.9828114040717,42.7692636226723,42.0108578350904,..
"Adolescent fertility rate (births per 1,000 women ages 15-19)",SP.ADO.TFRT,IDA blend,IDB,..,..,..,..,..,..,..,..,..,..
"Adolescent fertility rate (births per 1,000 women ages 15-19)",SP.ADO.TFRT,IDA only,IDX,..,..,..,..,..,..,..,..,..,..
"Adolescent fertility rate (births per 1,000 women ages 15-19)",SP.ADO.TFRT,IDA total,IDA,..,..,..,..,..,..,..,..,..,..
"Adolescent fertility rate (births per 1,000 women ages 15-19)",SP.ADO.TFRT,India,IND,14.535,15.166,15.133,14.796,14.423,14.289,14.185,14.06,13.036,..
"Adolescent fertility rate (births per 1,000 women ages 15-19)",SP.ADO.TFRT,Indonesia,IDN,35.356,32.792,30.648,28.876,27.176,26.824,26.581,26.419,25.646,..
"Adolescent fertility rate (births per 1,000 women ages 15-19)",SP.ADO.TFRT,"Iran, Islamic Rep.",IRN,36.172,35.132,32.963,29.369,26.989,26.445,26.291,26.204,25.787,..
"Adolescent fertility rate (births per 1,000 women ages 15-19)",SP.ADO.TFRT,Iraq,IRQ,71.098,66.576,64.639,63.067,61.747,60.371,58.979,58.006,57.308,..
"Adolescent fertility rate (births per 1,000 women ages 15-19)",SP.ADO.TFRT,Ireland,IRL,7.307,6.69,6.104,5.447,5.027,4.798,4.151,4.069,4.009,..
"Adolescent fertility rate (births per 1,000 women ages 15-19)",SP.ADO.TFRT,Isle of Man,IMN,10.44,10.125,9.615,9.22,8.97,8.944,8.827,8.685,8.498,..
"Adolescent fertility rate (births per 1,000 women ages 15-19)",SP.ADO.TFRT,Israel,ISR,9.277,8.863,8.186,7.481,6.918,6.759,6.737,6.204,5.695,..
"Adolescent fertility rate (births per 1,000 women ages 15-19)",SP.ADO.TFRT,Italy,ITA,4.766,4.376,4.064,3.68,3.295,3.016,2.988,2.852,2.871,..
"Adolescent fertility rate (births per 1,000 women ages 15-19)",SP.ADO.TFRT,Jamaica,JAM,42.821,40.413,38.233,37.741,36.813,36.807,36.812,36.541,36.095,..
"Adolescent fertility rate (births per 1,000 women ages 15-19)",SP.ADO.TFRT,Japan,JPN,3.75,3.404,3.076,2.772,2.503,2.088,1.821,1.737,1.631,..
"Adolescent fertility rate (births per 1,000 women ages 15-19)",SP.ADO.TFRT,Jordan,JOR,28.618,26.442,24.292,22.573,20.981,19.418,18.875,18.425,17.722,..
"Adolescent fertility rate (births per 1,000 women ages 15-19)",SP.ADO.TFRT,Kazakhstan,KAZ,28.612,25.047,23.453,22.036,21.962,21.952,18.412,18.235,17.436,..
"Adolescent fertility rate (births per 1,000 women ages 15-19)",SP.ADO.TFRT,Kenya,KEN,73.781,68.182,66.659,63.656,59.38,59.513,57.272,56.313,54.498,..
"Adolescent fertility rate (births per 1,000 women ages 15-19)",SP.ADO.TFRT,Kiribati,KIR,49.553,49.685,49.683,49.038,47.872,46.388,45.011,44.026,44.037,..
"Adolescent fertility rate (births per 1,000 women ages 15-19)",SP.ADO.TFRT,"Korea, Dem. People's Rep.",PRK,0.592,0.581,0.57,0.56,0.552,0.539,0.525,0.512,0.505,..
"Adolescent fertility rate (births per 1,000 women ages 15-19)",SP.ADO.TFRT,"Korea, Rep.",KOR,1.478,1.126,1.179,0.925,0.799,0.539,0.651,0.537,0.532,..
"Adolescent fertility rate (births per 1,000 women ages 15-19)",SP.ADO.TFRT,Kosovo,XKX,8.408,8.334,8.054,8.01,8.163,8.162,8,7.834,7.707,..
"Adolescent fertility rate (births per 1,000 women ages 15-19)",SP.ADO.TFRT,Kuwait,KWT,6.45,6.031,5.158,4.499,2.994,2.132,1.671,1.576,1.431,..
"Adolescent fertility rate (births per 1,000 women ages 15-19)",SP.ADO.TFRT,Kyrgyz Republic,KGZ,39.706,36.034,37.479,37.279,32.51,29.623,28.854,28.324,27.534,..
"Adolescent fertility rate (births per 1,000 women ages 15-19)",SP.ADO.TFRT,Lao PDR,LAO,84.146,84.125,84.175,84.037,83.548,82.821,82.431,81.654,81.928,..
"Adolescent fertility rate (births per 1,000 women ages 15-19)",SP.ADO.TFRT,Late-demographic dividend,LTE,23.1581347310792,21.9670617698547,20.2550675202563,19.1729171352492,17.5288758613161,16.5188425577292,15.5870601265905,15.2175037194102,14.7217844288004,..
"Adolescent fertility rate (births per 1,000 women ages 15-19)",SP.ADO.TFRT,Latin America & Caribbean,LCN,64.0893045182215,62.1002558481261,60.1081989627367,57.6566252702531,54.7793716981866,53.2574372701849,51.6839259646318,51.2452976917792,50.361370860852,..
"Adolescent fertility rate (births per 1,000 women ages 15-19)",SP.ADO.TFRT,Latin America & Caribbean (excluding high income),LAC,65.1114005796155,63.2628167831488,61.340238922859,58.9934874687379,56.2016473532417,54.8269606834802,53.18552917597,52.7617823673002,51.894314736972,..
"Adolescent fertility rate (births per 1,000 women ages 15-19)",SP.ADO.TFRT,Latin America & the Caribbean (IDA & IBRD countries),TLA,64.4876687379533,62.4622439989024,60.4088541430373,57.934252696683,55.0198513505673,53.4988051966088,51.9044514597769,51.4458872588275,50.5542403248079,..
"Adolescent fertility rate (births per 1,000 women ages 15-19)",SP.ADO.TFRT,Latvia,LVA,15.499,14.14,12.21,11.993,10.493,9.835,8.61,7.565,7.25,..
"Adolescent fertility rate (births per 1,000 women ages 15-19)",SP.ADO.TFRT,Least developed countries: UN classification,LDC,99.7011236949987,97.4906608352154,96.1393716989474,94.9066166034042,93.9133814873064,92.4558204528607,91.2984501124354,90.6542937887784,89.4654063606489,..
"Adolescent fertility rate (births per 1,000 women ages 15-19)",SP.ADO.TFRT,Lebanon,LBN,22.796,22.563,22.341,22.046,21.76,21.366,21.109,20.831,20.667,..
"Adolescent fertility rate (births per 1,000 women ages 15-19)",SP.ADO.TFRT,Lesotho,LSO,85.849,84.285,80.001,76.564,74.143,73.048,71.785,70.642,69.55,..
"Adolescent fertility rate (births per 1,000 women ages 15-19)",SP.ADO.TFRT,Liberia,LBR,137.803,135.26,133.418,132.002,130.522,129.044,127.332,126.012,124.74,..
"Adolescent fertility rate (births per 1,000 women ages 15-19)",SP.ADO.TFRT,Libya,LBY,7.23,7.016,6.797,6.61,6.445,6.274,6.079,5.923,5.827,..
"Adolescent fertility rate (births per 1,000 women ages 15-19)",SP.ADO.TFRT,Liechtenstein,LIE,2.519,2.096,2.24,1.992,1.722,1.631,1.631,1.718,1.801,..
"Adolescent fertility rate (births per 1,000 women ages 15-19)",SP.ADO.TFRT,Lithuania,LTU,13.826,12.652,11.745,10.518,8.466,6.867,6.23,5.854,5.52,..
"Adolescent fertility rate (births per 1,000 women ages 15-19)",SP.ADO.TFRT,Low & middle income,LMY,48.3747419719759,47.3892083138021,46.338884912442,45.4462115423589,44.455297460903,43.9613671742584,43.4911659855804,43.2888854955155,42.5471302371499,..
"Adolescent fertility rate (births per 1,000 women ages 15-19)",SP.ADO.TFRT,Low income,LIC,101.341966134376,99.5140941972608,98.1625714826022,96.7690751168396,95.4764033067661,94.1809234813253,93.0999749291172,92.0833230023114,90.6966703946209,..
"Adolescent fertility rate (births per 1,000 women ages 15-19)",SP.ADO.TFRT,Lower middle income,LMC,46.7536121273949,45.9370679248903,45.165042931314,44.3983814469891,43.8138851838107,43.5676203018884,43.3589242022444,43.3184785523014,42.4888913760439,..
"Adolescent fertility rate (births per 1,000 women ages 15-19)",SP.ADO.TFRT,Luxembourg,LUX,4.875,4.558,4.347,4.249,3.901,3.604,3.98,4.023,3.996,..
"Adolescent fertility rate (births per 1,000 women ages 15-19)",SP.ADO.TFRT,"Macao SAR, China",MAC,2.011,1.616,1.349,1.318,1.096,0.814,0.473,0.465,0.478,..
"Adolescent fertility rate (births per 1,000 women ages 15-19)",SP.ADO.TFRT,Madagascar,MDG,135.171,135.916,136.257,136.38,135.016,133.195,131.566,129.802,128.691,..
"Adolescent fertility rate (births per 1,000 women ages 15-19)",SP.ADO.TFRT,Malawi,MWI,125.062,123.466,122.398,120.579,118.757,116.517,115.047,113.577,113.322,..
"Adolescent fertility rate (births per 1,000 women ages 15-19)",SP.ADO.TFRT,Malaysia,MYS,10.46,9.505,8.878,8.45,7.634,6.364,5.975,5.962,5.72,..
"Adolescent fertility rate (births per 1,000 women ages 15-19)",SP.ADO.TFRT,Maldives,MDV,10.319,9.104,7.831,6.866,6.362,6.036,5.648,5.425,5.027,..
"Adolescent fertility rate (births per 1,000 women ages 15-19)",SP.ADO.TFRT,Mali,MLI,156.879,154.893,150.828,144.648,143.445,141.933,140.02,138.564,135.911,..
"Adolescent fertility rate (births per 1,000 women ages 15-19)",SP.ADO.TFRT,Malta,MLT,13.164,12.503,12.282,11.578,11.026,10.546,10.495,10.398,10,..
"Adolescent fertility rate (births per 1,000 women ages 15-19)",SP.ADO.TFRT,Marshall Islands,MHL,73.775,74.461,74.292,73.127,71.556,71.146,71.135,71.839,71.255,..
"Adolescent fertility rate (births per 1,000 women ages 15-19)",SP.ADO.TFRT,Mauritania,MRT,97.886,96.818,95.559,94.333,92.93,91.693,90.246,88.903,87.574,..
"Adolescent fertility rate (births per 1,000 women ages 15-19)",SP.ADO.TFRT,Mauritius,MUS,23.523,24.027,23.33,22.83,22.846,21.346,20.064,19.768,19.204,..
"Adolescent fertility rate (births per 1,000 women ages 15-19)",SP.ADO.TFRT,Mexico,MEX,66.136,64.486,63.447,63.359,62.577,62.033,61.111,60.099,59.316,..
"Adolescent fertility rate (births per 1,000 women ages 15-19)",SP.ADO.TFRT,"Micronesia, Fed. Sts.",FSM,47.72,47.729,46.866,45.7,44.646,44.033,43.998,43.719,43.692,..
"Adolescent fertility rate (births per 1,000 women ages 15-19)",SP.ADO.TFRT,"Middle East, North Africa, Afghanistan & Pakistan",MEA,46.0348008851413,45.279137907973,43.7357034326835,42.3985933420591,41.4411651898368,40.323924953706,39.5480296443348,38.8081255222051,37.828542250519,..
"Adolescent fertility rate (births per 1,000 women ages 15-19)",SP.ADO.TFRT,"Middle East, North Africa, Afghanistan & Pakistan (excluding high income)",MNA,48.1049255499631,47.31281222989,45.6894046853223,44.3425384458624,43.4464096915366,42.272010625249,41.5130102647407,40.7570386765176,39.7522636273702,..
"Adolescent fertility rate (births per 1,000 women ages 15-19)",SP.ADO.TFRT,"Middle East, North Africa, Afghanistan & Pakistan (IDA & IBRD)",TMN,48.121798162075,47.3424708900343,45.7204367113112,44.3732012604074,43.4816076609523,42.306292528334,41.5499726411314,40.7943596165307,39.7874286755338,..
"Adolescent fertility rate (births per 1,000 women ages 15-19)",SP.ADO.TFRT,Middle income,MIC,40.7537662975129,39.6905964369836,38.4837002778096,37.4715396882378,36.3387206860482,35.7985526083739,35.2719511310267,35.0591872133964,34.3065715044581,..
"Adolescent fertility rate (births per 1,000 women ages 15-19)",SP.ADO.TFRT,Moldova,MDA,35.425,32.368,30.96,28.163,26.382,24.97,22.384,23.04,22.661,..
"Adolescent fertility rate (births per 1,000 women ages 15-19)",SP.ADO.TFRT,Monaco,MCO,10.866,10.513,10.684,10.432,10.512,9.868,9.724,9.69,9.297,..
"Adolescent fertility rate (births per 1,000 women ages 15-19)",SP.ADO.TFRT,Mongolia,MNG,32.505,31.975,30.995,29.724,26.135,22.428,20.539,19.739,19.045,..
"Adolescent fertility rate (births per 1,000 women ages 15-19)",SP.ADO.TFRT,Montenegro,MNE,10.704,10.317,10.088,10.741,10.407,10.326,10.013,9.375,8.711,..
"Adolescent fertility rate (births per 1,000 women ages 15-19)",SP.ADO.TFRT,Morocco,MAR,28.529,28.087,27.658,27.339,26.807,26.205,25.563,25.103,24.763,..
"Adolescent fertility rate (births per 1,000 women ages 15-19)",SP.ADO.TFRT,Mozambique,MOZ,167.354,165.462,163.386,161.32,159.032,156.822,155.276,153.45,151.875,..
"Adolescent fertility rate (births per 1,000 women ages 15-19)",SP.ADO.TFRT,Myanmar,MMR,35.197,34.86,34.528,34.355,34.244,34.141,33.819,33.506,33.193,..
"Adolescent fertility rate (births per 1,000 women ages 15-19)",SP.ADO.TFRT,Namibia,NAM,74.209,73.644,73.17,71.902,70.074,68.37,66.897,66.034,65.946,..
"Adolescent fertility rate (births per 1,000 women ages 15-19)",SP.ADO.TFRT,Nauru,NRU,96.441,91.365,85.09,80.497,79.717,80.579,78.372,76.239,75.269,..
"Adolescent fertility rate (births per 1,000 women ages 15-19)",SP.ADO.TFRT,Nepal,NPL,78.814,75.975,72.782,71.667,70.275,68.777,68.33,67.169,66.489,..
"Adolescent fertility rate (births per 1,000 women ages 15-19)",SP.ADO.TFRT,Netherlands,NLD,2.961,2.772,2.603,2.505,2.355,2.227,2.071,1.858,1.748,..
"Adolescent fertility rate (births per 1,000 women ages 15-19)",SP.ADO.TFRT,New Caledonia,NCL,16.944,15.744,14.944,13.927,13.159,12.373,12.148,12.156,11.7,..
"Adolescent fertility rate (births per 1,000 women ages 15-19)",SP.ADO.TFRT,New Zealand,NZL,16.369,15.069,13.548,13.083,11.865,10.911,10.937,10.879,10.254,..
"Adolescent fertility rate (births per 1,000 women ages 15-19)",SP.ADO.TFRT,Nicaragua,NIC,100.938,99.952,98.74,97.665,96.514,95.052,94.053,93.452,93.174,..
"Adolescent fertility rate (births per 1,000 women ages 15-19)",SP.ADO.TFRT,Niger,NER,177.529,170.649,163.784,157.051,152.034,148.248,146.929,145.324,141.551,..
"Adolescent fertility rate (births per 1,000 women ages 15-19)",SP.ADO.TFRT,Nigeria,NGA,106.944,100.798,96.601,92.622,89.081,88.457,87.26,86.432,83.959,..
"Adolescent fertility rate (births per 1,000 women ages 15-19)",SP.ADO.TFRT,North America,NAC,19.0516900905387,17.5400700308075,16.2482775574089,15.3221502638332,13.9223211603966,12.9772120867853,12.852771051676,12.3870309071324,11.6759806969359,..
"Adolescent fertility rate (births per 1,000 women ages 15-19)",SP.ADO.TFRT,North Macedonia,MKD,18.616,17.732,17.604,17.25,17.157,15.952,14.731,12.963,12.425,..
"Adolescent fertility rate (births per 1,000 women ages 15-19)",SP.ADO.TFRT,Northern Mariana Islands,MNP,32.202,30.046,28.421,27.527,27.026,26.734,26.332,26.151,25.313,..
"Adolescent fertility rate (births per 1,000 women ages 15-19)",SP.ADO.TFRT,Norway,NOR,3.904,3.08,2.602,2.227,1.776,1.715,1.411,1.405,1.284,..
"Adolescent fertility rate (births per 1,000 women ages 15-19)",SP.ADO.TFRT,Not classified,INX,..,..,..,..,..,..,..,..,..,..
"Adolescent fertility rate (births per 1,000 women ages 15-19)",SP.ADO.TFRT,OECD members,OED,23.4411643758252,22.3172594550717,21.3641453455187,20.6083352764139,19.5482606092195,18.6775100459996,18.0572975200712,17.5267004692832,16.8682973996532,..
"Adolescent fertility rate (births per 1,000 women ages 15-19)",SP.ADO.TFRT,Oman,OMN,13.861,12.779,11.001,8.551,7.439,6.743,5.875,5.986,5.646,..
"Adolescent fertility rate (births per 1,000 women ages 15-19)",SP.ADO.TFRT,Other small states,OSS,33.7465482570857,32.7835458697609,31.8824325643491,30.9703525428874,30.2475445703507,29.602885498894,29.0925386689561,28.7044439319931,28.2178900075655,..
"Adolescent fertility rate (births per 1,000 women ages 15-19)",SP.ADO.TFRT,Pacific island small states,PSS,44.5664412956259,43.947274101503,43.5307855679698,42.7041911501072,42.0982443449832,41.6361084291325,41.2060844713637,40.8139440218564,40.5041381341337,..
"Adolescent fertility rate (births per 1,000 women ages 15-19)",SP.ADO.TFRT,Pakistan,PAK,47.516,47.145,46.499,45.589,44.572,43.372,42.298,41.095,39.856,..
"Adolescent fertility rate (births per 1,000 women ages 15-19)",SP.ADO.TFRT,Palau,PLW,29.432,30.058,29.973,30.425,30.193,30.02,30.031,29.927,30.178,..
"Adolescent fertility rate (births per 1,000 women ages 15-19)",SP.ADO.TFRT,Panama,PAN,82.514,79.106,75.109,69.342,62.55,58.035,57.772,57.342,55.851,..
"Adolescent fertility rate (births per 1,000 women ages 15-19)",SP.ADO.TFRT,Papua New Guinea,PNG,59.227,58.478,57.826,57.004,56.433,55.664,55.029,54.069,53.518,..
"Adolescent fertility rate (births per 1,000 women ages 15-19)",SP.ADO.TFRT,Paraguay,PRY,76.626,75.873,75.157,74.016,72.899,71.902,71.036,70.332,70.22,..
"Adolescent fertility rate (births per 1,000 women ages 15-19)",SP.ADO.TFRT,Peru,PER,53.228,50.691,49.142,47.308,45.423,44.42,43.933,43.562,42.926,..
"Adolescent fertility rate (births per 1,000 women ages 15-19)",SP.ADO.TFRT,Philippines,PHL,50.165,46.852,42.908,38.109,34.477,32.45,32.161,31.887,31.316,..
"Adolescent fertility rate (births per 1,000 women ages 15-19)",SP.ADO.TFRT,Poland,POL,12.343,11.518,10.579,9.522,8.107,6.772,5.984,6.191,5.849,..
"Adolescent fertility rate (births per 1,000 women ages 15-19)",SP.ADO.TFRT,Portugal,PRT,7.949,7.805,7.595,7.608,6.776,5.811,6.642,6.985,6.567,..
"Adolescent fertility rate (births per 1,000 women ages 15-19)",SP.ADO.TFRT,Post-demographic dividend,PST,12.8603859571928,11.9053437782536,11.0954325468344,10.4426730673427,9.57927235114592,8.88794924453124,8.52780960376126,8.29111631590123,7.90462707018279,..
"Adolescent fertility rate (births per 1,000 women ages 15-19)",SP.ADO.TFRT,Pre-demographic dividend,PRE,111.693671879535,108.490113584187,106.105645151408,103.649222664751,101.396745277627,100.079011331442,98.7234878751376,97.6116128448843,95.9742870349032,..
"Adolescent fertility rate (births per 1,000 women ages 15-19)",SP.ADO.TFRT,Puerto Rico (US),PRI,30.204,24.933,20.072,18.858,16.155,14.896,13.956,14.076,13.295,..
"Adolescent fertility rate (births per 1,000 women ages 15-19)",SP.ADO.TFRT,Qatar,QAT,9.372,8.664,7.789,7,6.137,4.894,5.63,5.693,5.491,..
"Adolescent fertility rate (births per 1,000 women ages 15-19)",SP.ADO.TFRT,Romania,ROU,37.585,38.16,36.909,35.21,34.155,33.234,33.514,33.75,32.78,..
"Adolescent fertility rate (births per 1,000 women ages 15-19)",SP.ADO.TFRT,Russian Federation,RUS,21.857,18.242,16.031,14.271,13.801,13.565,13.163,12.974,12.157,..
"Adolescent fertility rate (births per 1,000 women ages 15-19)",SP.ADO.TFRT,Rwanda,RWA,36.55,34.251,32.495,32.019,31.514,31.158,31.057,30.779,30.587,..
"Adolescent fertility rate (births per 1,000 women ages 15-19)",SP.ADO.TFRT,Samoa,WSM,48.404,47.852,47.923,47.107,45.462,44.02,43.866,43.538,43.53,..
"Adolescent fertility rate (births per 1,000 women ages 15-19)",SP.ADO.TFRT,San Marino,SMR,1.16,1.062,1.088,1.12,1.151,1.177,1.158,1.158,1.173,..
"Adolescent fertility rate (births per 1,000 women ages 15-19)",SP.ADO.TFRT,Sao Tome and Principe,STP,97.439,93.609,91.095,89.959,88.99,87.903,86.779,86.195,85.183,..
"Adolescent fertility rate (births per 1,000 women ages 15-19)",SP.ADO.TFRT,Saudi Arabia,SAU,14.963,14.657,14.249,12.803,11.266,10.467,10.29,11.114,11.076,..
"Adolescent fertility rate (births per 1,000 women ages 15-19)",SP.ADO.TFRT,Senegal,SEN,71.989,69.121,66.954,64.558,63.118,62.176,61.034,60.242,59.144,..
"Adolescent fertility rate (births per 1,000 women ages 15-19)",SP.ADO.TFRT,Serbia,SRB,15.758,14.958,14.099,13.755,13.468,13.739,13.833,13.669,13.11,..
"Adolescent fertility rate (births per 1,000 women ages 15-19)",SP.ADO.TFRT,Seychelles,SYC,59.829,59.744,59.267,58.615,57.331,56.384,55.385,54.516,53.47,..
"Adolescent fertility rate (births per 1,000 women ages 15-19)",SP.ADO.TFRT,Sierra Leone,SLE,111.154,107.017,104.136,102.178,100.177,98.06,95.743,93.592,91.187,..
"Adolescent fertility rate (births per 1,000 women ages 15-19)",SP.ADO.TFRT,Singapore,SGP,2.405,2.328,2.359,2.303,2.276,2.16,2.17,2.16,2.214,..
"Adolescent fertility rate (births per 1,000 women ages 15-19)",SP.ADO.TFRT,Sint Maarten (Dutch part),SXM,25.219,23.199,20.882,19.463,18.592,17.177,17.063,17.156,16.636,..
"Adolescent fertility rate (births per 1,000 women ages 15-19)",SP.ADO.TFRT,Slovak Republic,SVK,26.163,27.017,27.014,26.699,25.975,25.872,24.543,24.59,24.477,..
"Adolescent fertility rate (births per 1,000 women ages 15-19)",SP.ADO.TFRT,Slovenia,SVN,4.281,4.125,4.039,4.318,4.056,3.83,3.525,3.496,3.379,..
"Adolescent fertility rate (births per 1,000 women ages 15-19)",SP.ADO.TFRT,Small states,SST,39.9759189345665,38.9797735839485,38.1774859684534,37.1876585293094,36.210386774199,35.2812948290309,34.7739335807628,34.3567360956864,33.9065458048491,..
"Adolescent fertility rate (births per 1,000 women ages 15-19)",SP.ADO.TFRT,Solomon Islands,SLB,58.323,56.705,54.75,52.616,52.236,51.836,51.179,50.372,49.388,..
"Adolescent fertility rate (births per 1,000 women ages 15-19)",SP.ADO.TFRT,"Somalia, Fed. Rep.",SOM,130.624,128.549,126.568,124.669,122.735,120.995,119.277,117.1,115.425,..
"Adolescent fertility rate (births per 1,000 women ages 15-19)",SP.ADO.TFRT,South Africa,ZAF,61.613,55.999,51.417,53.273,51.614,52.546,51.707,51.56,51.844,..
"Adolescent fertility rate (births per 1,000 women ages 15-19)",SP.ADO.TFRT,South Asia,SAS,24.5682395504192,24.3985559279863,24.0952933807404,23.6388754172223,23.3138101764624,22.8284841488847,22.4057962680861,22.2344625324849,20.9819653640797,..
"Adolescent fertility rate (births per 1,000 women ages 15-19)",SP.ADO.TFRT,South Asia (IDA & IBRD),TSA,24.5682395504192,24.3985559279863,24.0952933807404,23.6388754172223,23.3138101764624,22.8284841488847,22.4057962680861,22.2344625324849,20.9819653640797,..
"Adolescent fertility rate (births per 1,000 women ages 15-19)",SP.ADO.TFRT,South Sudan,SSD,104.704,102.781,101.209,101.054,100.555,99.485,98.551,97.132,96.276,..
"Adolescent fertility rate (births per 1,000 women ages 15-19)",SP.ADO.TFRT,Spain,ESP,7.287,6.932,6.243,5.867,5.23,4.702,4.776,4.809,4.85,..
"Adolescent fertility rate (births per 1,000 women ages 15-19)",SP.ADO.TFRT,Sri Lanka,LKA,16.485,16.218,15.778,15.602,15.465,15.401,15.122,15.091,14.719,..
"Adolescent fertility rate (births per 1,000 women ages 15-19)",SP.ADO.TFRT,St. Kitts and Nevis,KNA,40.268,40.456,40.39,39.623,38.711,36.993,35.666,35.183,36.413,..
"Adolescent fertility rate (births per 1,000 women ages 15-19)",SP.ADO.TFRT,St. Lucia,LCA,35.203,33.812,32.127,30.831,29.294,28.84,28.551,27.829,27.167,..
"Adolescent fertility rate (births per 1,000 women ages 15-19)",SP.ADO.TFRT,St. Martin (French part),MAF,17.886,16.197,14.463,14.9,16.251,15.065,14.656,14.29,13.22,..
"Adolescent fertility rate (births per 1,000 women ages 15-19)",SP.ADO.TFRT,St. Vincent and the Grenadines,VCT,58.779,56.256,54.48,53.182,50.299,44.54,43.553,42.3,40.774,..
"Adolescent fertility rate (births per 1,000 women ages 15-19)",SP.ADO.TFRT,Sub-Saharan Africa,SSF,105.951191750001,102.958289233722,100.816545883037,98.8638973283449,96.8464826991192,95.6893916259954,94.4306867597483,93.3971702835226,91.9220268845489,..
"Adolescent fertility rate (births per 1,000 women ages 15-19)",SP.ADO.TFRT,Sub-Saharan Africa (excluding high income),SSA,105.953725961387,102.960542919115,100.818629064767,98.8658495773656,96.8483260471313,95.6911688255354,94.4327816125457,93.3992336220993,91.9240606580538,..
"Adolescent fertility rate (births per 1,000 women ages 15-19)",SP.ADO.TFRT,Sub-Saharan Africa (IDA & IBRD countries),TSS,105.951191750001,102.958289233722,100.816545883037,98.8638973283449,96.8464826991192,95.6893916259954,94.4306867597483,93.3971702835226,91.9220268845488,..
"Adolescent fertility rate (births per 1,000 women ages 15-19)",SP.ADO.TFRT,Sudan,SDN,77.501,75.89,73.951,72.653,71.151,69.14,67.339,66.071,64.535,..
"Adolescent fertility rate (births per 1,000 women ages 15-19)",SP.ADO.TFRT,Suriname,SUR,58.237,56.039,53.57,53.196,52.064,49.56,48.814,48.032,46.857,..
"Adolescent fertility rate (births per 1,000 women ages 15-19)",SP.ADO.TFRT,Sweden,SWE,4.513,4.254,3.993,3.291,2.75,2.38,2.016,1.792,1.695,..
"Adolescent fertility rate (births per 1,000 women ages 15-19)",SP.ADO.TFRT,Switzerland,CHE,2.829,2.494,2.334,1.992,1.671,1.471,1.386,1.483,1.48,..
"Adolescent fertility rate (births per 1,000 women ages 15-19)",SP.ADO.TFRT,Syrian Arab Republic,SYR,41.619,41.428,41.227,41.151,41.213,40.73,39.72,38.91,38.618,..
"Adolescent fertility rate (births per 1,000 women ages 15-19)",SP.ADO.TFRT,Tajikistan,TJK,45.834,39.046,42.908,46.924,45.669,43.993,42.246,40.437,39.436,..
"Adolescent fertility rate (births per 1,000 women ages 15-19)",SP.ADO.TFRT,Tanzania,TZA,122.395,122.023,120.641,118.798,117.034,115.452,114.29,113.209,112.612,..
"Adolescent fertility rate (births per 1,000 women ages 15-19)",SP.ADO.TFRT,Thailand,THA,44.497,39.181,34.703,31.21,29.613,27.475,26.254,26.145,25.045,..
"Adolescent fertility rate (births per 1,000 women ages 15-19)",SP.ADO.TFRT,Timor-Leste,TLS,34.913,33.187,31.719,30.482,29.407,28.284,27.87,27.406,26.784,..
"Adolescent fertility rate (births per 1,000 women ages 15-19)",SP.ADO.TFRT,Togo,TGO,84.125,83.278,82.42,81.607,80.816,79.696,78.269,77.05,76.383,..
"Adolescent fertility rate (births per 1,000 women ages 15-19)",SP.ADO.TFRT,Tonga,TON,24.933,25.43,25.411,25.256,24.889,24.728,24.958,24.841,25.067,..
"Adolescent fertility rate (births per 1,000 women ages 15-19)",SP.ADO.TFRT,Trinidad and Tobago,TTO,38.876,38.585,38.44,37.987,37.684,37.22,36.768,35.994,36.03,..
"Adolescent fertility rate (births per 1,000 women ages 15-19)",SP.ADO.TFRT,Tunisia,TUN,8.181,7.408,6.63,6.111,5.264,4.321,4.475,4.315,4.207,..
"Adolescent fertility rate (births per 1,000 women ages 15-19)",SP.ADO.TFRT,Turkiye,TUR,24.226,22.332,19.835,17.535,15.334,13.63,12.203,12.055,11.182,..
"Adolescent fertility rate (births per 1,000 women ages 15-19)",SP.ADO.TFRT,Turkmenistan,TKM,28.337,26.888,25.82,25.683,24.73,24.023,22.303,21.227,20.145,..
"Adolescent fertility rate (births per 1,000 women ages 15-19)",SP.ADO.TFRT,Turks and Caicos Islands,TCA,22.332,21.433,20.332,19.129,17.872,17.257,16.581,16.189,15.647,..
"Adolescent fertility rate (births per 1,000 women ages 15-19)",SP.ADO.TFRT,Tuvalu,TUV,32.48,32.409,32.056,31.566,28.779,28.474,28.094,27.507,26.789,..
"Adolescent fertility rate (births per 1,000 women ages 15-19)",SP.ADO.TFRT,Uganda,UGA,121.568,118.53,117.279,114.989,112.94,110.964,108.697,106.954,104.733,..
"Adolescent fertility rate (births per 1,000 women ages 15-19)",SP.ADO.TFRT,Ukraine,UKR,25.018,21.711,18.583,16.636,15.489,14.417,10.271,11.377,10.939,..
"Adolescent fertility rate (births per 1,000 women ages 15-19)",SP.ADO.TFRT,United Arab Emirates,ARE,4.598,4.547,3.74,3.292,3.032,2.563,2.879,3.103,2.817,..
"Adolescent fertility rate (births per 1,000 women ages 15-19)",SP.ADO.TFRT,United Kingdom,GBR,13.952,12.978,12.068,11.064,9.701,8.578,8.379,8.359,7.817,..
"Adolescent fertility rate (births per 1,000 women ages 15-19)",SP.ADO.TFRT,United States,USA,20.08,18.491,17.164,16.202,14.719,13.724,13.628,13.145,12.412,..
"Adolescent fertility rate (births per 1,000 women ages 15-19)",SP.ADO.TFRT,Upper middle income,UMC,33.3081314085879,31.7571001923477,29.8389073993458,28.3919512544601,26.4410882490766,25.4572951824814,24.523950849818,24.1383229551147,23.5546948895051,..
"Adolescent fertility rate (births per 1,000 women ages 15-19)",SP.ADO.TFRT,Uruguay,URY,50.844,44.28,37.762,33.065,29.59,27.356,26.487,26.188,25.096,..
"Adolescent fertility rate (births per 1,000 women ages 15-19)",SP.ADO.TFRT,Uzbekistan,UZB,22.953,21.057,21.987,22.159,21.316,31.127,34.418,34.081,34.138,..
"Adolescent fertility rate (births per 1,000 women ages 15-19)",SP.ADO.TFRT,Vanuatu,VUT,73.468,72.479,71.437,70.218,69.095,68.166,67.185,66.219,65.766,..
"Adolescent fertility rate (births per 1,000 women ages 15-19)",SP.ADO.TFRT,"Venezuela, RB",VEN,84.191,79.917,75.503,74.487,73.75,73.384,73.026,73.295,73.189,..
"Adolescent fertility rate (births per 1,000 women ages 15-19)",SP.ADO.TFRT,Viet Nam,VNM,39.181,37.703,35.417,35.258,35.03,34.666,34.626,34.277,33.948,..
"Adolescent fertility rate (births per 1,000 women ages 15-19)",SP.ADO.TFRT,Virgin Islands (U.S.),VIR,33.967,33.162,32.584,32.171,31.759,31.787,31.701,31.777,31.142,..
"Adolescent fertility rate (births per 1,000 women ages 15-19)",SP.ADO.TFRT,West Bank and Gaza,PSE,45.95,43.498,41.694,40.399,38.946,37.919,36.837,36.043,35.326,..
"Adolescent fertility rate (births per 1,000 women ages 15-19)",SP.ADO.TFRT,World,WLD,44.0277023902131,43.0453548299604,42.0387934365905,41.1755790852496,40.2174426489088,39.7283768528425,39.2809217424733,39.0566827280186,38.3388122362191,..
"Adolescent fertility rate (births per 1,000 women ages 15-19)",SP.ADO.TFRT,"Yemen, Rep.",YEM,72.829,73.291,73.698,74.019,74.303,74.54,74.879,75.328,73.887,..
"Adolescent fertility rate (births per 1,000 women ages 15-19)",SP.ADO.TFRT,Zambia,ZMB,127.286,126.058,124.398,122.903,120.712,118.744,117.398,115.907,115.479,..
"Adolescent fertility rate (births per 1,000 women ages 15-19)",SP.ADO.TFRT,Zimbabwe,ZWE,100.849,99.053,98.612,98.733,98.893,99.199,99.484,98.057,95.524,..
"Prevalence of severe wasting, weight for height (% of children under 5)",SH.SVR.WAST.ZS,Afghanistan,AFG,..,..,1.6,..,..,..,1.2,..,..,..
"Prevalence of severe wasting, weight for height (% of children under 5)",SH.SVR.WAST.ZS,Africa Eastern and Southern,AFE,..,..,..,..,..,..,..,..,..,..
"Prevalence of severe wasting, weight for height (% of children under 5)",SH.SVR.WAST.ZS,Africa Western and Central,AFW,..,..,..,..,..,..,..,..,..,..
"Prevalence of severe wasting, weight for height (% of children under 5)",SH.SVR.WAST.ZS,Albania,ALB,..,0.5,..,..,..,..,..,..,..,..
"Prevalence of severe wasting, weight for height (% of children under 5)",SH.SVR.WAST.ZS,Algeria,DZA,..,..,..,1.3,..,..,..,..,..,..
"Prevalence of severe wasting, weight for height (% of children under 5)",SH.SVR.WAST.ZS,American Samoa,ASM,..,..,..,..,..,..,..,..,..,..
"Prevalence of severe wasting, weight for height (% of children under 5)",SH.SVR.WAST.ZS,Andorra,AND,..,..,..,..,..,..,..,..,..,..
"Prevalence of severe wasting, weight for height (% of children under 5)",SH.SVR.WAST.ZS,Angola,AGO,..,..,..,..,..,..,..,..,..,..
"Prevalence of severe wasting, weight for height (% of children under 5)",SH.SVR.WAST.ZS,Antigua and Barbuda,ATG,..,..,..,..,..,..,..,..,..,..
"Prevalence of severe wasting, weight for height (% of children under 5)",SH.SVR.WAST.ZS,Arab World,ARB,..,..,..,..,..,..,..,..,..,..
"Prevalence of severe wasting, weight for height (% of children under 5)",SH.SVR.WAST.ZS,Argentina,ARG,..,..,0.5,..,..,..,..,..,..,..
"Prevalence of severe wasting, weight for height (% of children under 5)",SH.SVR.WAST.ZS,Armenia,ARM,1.7,..,..,..,..,..,..,..,..,..
"Prevalence of severe wasting, weight for height (% of children under 5)",SH.SVR.WAST.ZS,Aruba,ABW,..,..,..,..,..,..,..,..,..,..
"Prevalence of severe wasting, weight for height (% of children under 5)",SH.SVR.WAST.ZS,Australia,AUS,..,..,..,..,..,..,..,..,..,..
"Prevalence of severe wasting, weight for height (% of children under 5)",SH.SVR.WAST.ZS,Austria,AUT,..,..,..,..,..,..,..,..,..,..
"Prevalence of severe wasting, weight for height (% of children under 5)",SH.SVR.WAST.ZS,Azerbaijan,AZE,..,..,..,..,..,..,..,0.6,..,..
"Prevalence of severe wasting, weight for height (% of children under 5)",SH.SVR.WAST.ZS,"Bahamas, The",BHS,..,..,..,..,..,..,..,..,..,..
"Prevalence of severe wasting, weight for height (% of children under 5)",SH.SVR.WAST.ZS,Bahrain,BHR,..,..,..,..,..,..,..,..,..,..
"Prevalence of severe wasting, weight for height (% of children under 5)",SH.SVR.WAST.ZS,Bangladesh,BGD,..,..,1.5,2.3,..,..,1.7,..,..,..
"Prevalence of severe wasting, weight for height (% of children under 5)",SH.SVR.WAST.ZS,Barbados,BRB,..,..,..,..,..,..,..,..,..,..
"Prevalence of severe wasting, weight for height (% of children under 5)",SH.SVR.WAST.ZS,Belarus,BLR,..,..,..,..,..,..,..,..,..,..
"Prevalence of severe wasting, weight for height (% of children under 5)",SH.SVR.WAST.ZS,Belgium,BEL,..,..,..,..,..,..,..,0.1,..,..
"Prevalence of severe wasting, weight for height (% of children under 5)",SH.SVR.WAST.ZS,Belize,BLZ,..,..,..,..,..,..,..,..,..,..
"Prevalence of severe wasting, weight for height (% of children under 5)",SH.SVR.WAST.ZS,Benin,BEN,..,..,1.1,..,..,2.4,..,..,..,..
"Prevalence of severe wasting, weight for height (% of children under 5)",SH.SVR.WAST.ZS,Bermuda,BMU,..,..,..,..,..,..,..,..,..,..
"Prevalence of severe wasting, weight for height (% of children under 5)",SH.SVR.WAST.ZS,Bhutan,BTN,..,..,..,..,..,..,..,1.6,..,..
"Prevalence of severe wasting, weight for height (% of children under 5)",SH.SVR.WAST.ZS,Bolivia,BOL,0.9,..,..,..,..,..,..,..,..,..
"Prevalence of severe wasting, weight for height (% of children under 5)",SH.SVR.WAST.ZS,Bosnia and Herzegovina,BIH,..,..,..,..,..,..,..,..,..,..
"Prevalence of severe wasting, weight for height (% of children under 5)",SH.SVR.WAST.ZS,Botswana,BWA,..,..,..,..,..,..,..,..,..,..
"Prevalence of severe wasting, weight for height (% of children under 5)",SH.SVR.WAST.ZS,Brazil,BRA,..,..,..,0.8,..,..,..,..,..,..
"Prevalence of severe wasting, weight for height (% of children under 5)",SH.SVR.WAST.ZS,British Virgin Islands,VGB,..,..,..,..,..,..,..,..,..,..
"Prevalence of severe wasting, weight for height (% of children under 5)",SH.SVR.WAST.ZS,Brunei Darussalam,BRN,..,..,..,..,..,..,..,..,..,..
"Prevalence of severe wasting, weight for height (% of children under 5)",SH.SVR.WAST.ZS,Bulgaria,BGR,..,..,..,..,..,..,..,..,..,..
"Prevalence of severe wasting, weight for height (% of children under 5)",SH.SVR.WAST.ZS,Burkina Faso,BFA,1.4,1.9,1.7,1,0.9,0.9,..,..,..,..
"Prevalence of severe wasting, weight for height (% of children under 5)",SH.SVR.WAST.ZS,Burundi,BDI,0.9,..,0.8,1,0.9,..,1.4,1.3,2.1,..
"Prevalence of severe wasting, weight for height (% of children under 5)",SH.SVR.WAST.ZS,Cabo Verde,CPV,..,..,0.5,..,..,..,..,..,..,..
"Prevalence of severe wasting, weight for height (% of children under 5)",SH.SVR.WAST.ZS,Cambodia,KHM,..,..,..,..,..,2.4,..,..,..,..
"Prevalence of severe wasting, weight for height (% of children under 5)",SH.SVR.WAST.ZS,Cameroon,CMR,..,..,1.6,..,..,..,..,..,..,..
"Prevalence of severe wasting, weight for height (% of children under 5)",SH.SVR.WAST.ZS,Canada,CAN,..,..,..,..,..,..,..,..,..,..
"Prevalence of severe wasting, weight for height (% of children under 5)",SH.SVR.WAST.ZS,Caribbean small states,CSS,..,..,..,..,..,..,..,..,..,..
"Prevalence of severe wasting, weight for height (% of children under 5)",SH.SVR.WAST.ZS,Cayman Islands,CYM,..,..,..,..,..,..,..,..,..,..
"Prevalence of severe wasting, weight for height (% of children under 5)",SH.SVR.WAST.ZS,Central African Republic,CAF,..,..,1.6,0.9,..,..,1.6,..,..,..
"Prevalence of severe wasting, weight for height (% of children under 5)",SH.SVR.WAST.ZS,Central Europe and the Baltics,CEB,..,..,..,..,..,..,..,..,..,..
"Prevalence of severe wasting, weight for height (% of children under 5)",SH.SVR.WAST.ZS,Chad,TCD,..,3.6,4.1,4.5,2.1,1.8,1.5,..,..,..
"Prevalence of severe wasting, weight for height (% of children under 5)",SH.SVR.WAST.ZS,Channel Islands,CHI,..,..,..,..,..,..,..,..,..,..
"Prevalence of severe wasting, weight for height (% of children under 5)",SH.SVR.WAST.ZS,Chile,CHL,..,..,..,..,..,..,..,..,..,..
"Prevalence of severe wasting, weight for height (% of children under 5)",SH.SVR.WAST.ZS,China,CHN,..,..,..,..,..,..,..,..,..,..
"Prevalence of severe wasting, weight for height (% of children under 5)",SH.SVR.WAST.ZS,Colombia,COL,0.4,..,..,..,..,..,..,..,..,..
"Prevalence of severe wasting, weight for height (% of children under 5)",SH.SVR.WAST.ZS,Comoros,COM,..,..,..,..,..,..,1.2,..,..,..
"Prevalence of severe wasting, weight for height (% of children under 5)",SH.SVR.WAST.ZS,"Congo, Dem. Rep.",COD,..,2,..,..,..,..,..,1.9,..,..
"Prevalence of severe wasting, weight for height (% of children under 5)",SH.SVR.WAST.ZS,"Congo, Rep.",COG,..,..,..,..,..,..,..,..,..,..
"Prevalence of severe wasting, weight for height (% of children under 5)",SH.SVR.WAST.ZS,Costa Rica,CRI,..,..,0.1,..,..,..,..,..,..,..
"Prevalence of severe wasting, weight for height (% of children under 5)",SH.SVR.WAST.ZS,Cote d'Ivoire,CIV,1.2,..,..,..,..,2.4,..,..,..,..
"Prevalence of severe wasting, weight for height (% of children under 5)",SH.SVR.WAST.ZS,Croatia,HRV,..,..,..,..,..,..,..,..,..,..
"Prevalence of severe wasting, weight for height (% of children under 5)",SH.SVR.WAST.ZS,Cuba,CUB,..,..,..,0.6,..,..,..,..,..,..
"Prevalence of severe wasting, weight for height (% of children under 5)",SH.SVR.WAST.ZS,Curacao,CUW,..,..,..,..,..,..,..,..,..,..
"Prevalence of severe wasting, weight for height (% of children under 5)",SH.SVR.WAST.ZS,Cyprus,CYP,..,..,..,..,..,..,..,..,..,..
"Prevalence of severe wasting, weight for height (% of children under 5)",SH.SVR.WAST.ZS,Czechia,CZE,..,..,..,..,..,..,..,..,..,..
"Prevalence of severe wasting, weight for height (% of children under 5)",SH.SVR.WAST.ZS,Denmark,DNK,..,..,..,..,..,..,..,..,..,..
"Prevalence of severe wasting, weight for height (% of children under 5)",SH.SVR.WAST.ZS,Djibouti,DJI,..,..,..,2.6,..,..,..,2.3,..,..
"Prevalence of severe wasting, weight for height (% of children under 5)",SH.SVR.WAST.ZS,Dominica,DMA,..,..,..,..,..,..,..,..,..,..
"Prevalence of severe wasting, weight for height (% of children under 5)",SH.SVR.WAST.ZS,Dominican Republic,DOM,..,..,..,0.5,..,..,..,..,..,..
"Prevalence of severe wasting, weight for height (% of children under 5)",SH.SVR.WAST.ZS,Early-demographic dividend,EAR,..,..,..,..,..,..,..,..,..,..
"Prevalence of severe wasting, weight for height (% of children under 5)",SH.SVR.WAST.ZS,East Asia & Pacific,EAS,0.9,0.89,0.87,0.87,0.87,0.87,0.89,0.9,0.92,..
"Prevalence of severe wasting, weight for height (% of children under 5)",SH.SVR.WAST.ZS,East Asia & Pacific (excluding high income),EAP,..,..,..,..,..,..,..,..,..,..
"Prevalence of severe wasting, weight for height (% of children under 5)",SH.SVR.WAST.ZS,East Asia & Pacific (IDA & IBRD countries),TEA,..,..,..,..,..,..,..,..,..,..
"Prevalence of severe wasting, weight for height (% of children under 5)",SH.SVR.WAST.ZS,Ecuador,ECU,..,..,..,..,..,..,..,0.1,0.1,..
"Prevalence of severe wasting, weight for height (% of children under 5)",SH.SVR.WAST.ZS,"Egypt, Arab Rep.",EGY,..,..,..,..,..,1.5,..,..,..,..
"Prevalence of severe wasting, weight for height (% of children under 5)",SH.SVR.WAST.ZS,El Salvador,SLV,..,..,..,..,..,0.7,..,..,..,..
"Prevalence of severe wasting, weight for height (% of children under 5)",SH.SVR.WAST.ZS,Equatorial Guinea,GNQ,..,..,..,..,..,..,..,..,..,..
"Prevalence of severe wasting, weight for height (% of children under 5)",SH.SVR.WAST.ZS,Eritrea,ERI,..,..,..,..,..,..,..,..,..,..
"Prevalence of severe wasting, weight for height (% of children under 5)",SH.SVR.WAST.ZS,Estonia,EST,..,..,..,..,..,..,..,..,..,..
"Prevalence of severe wasting, weight for height (% of children under 5)",SH.SVR.WAST.ZS,Eswatini,SWZ,..,..,..,..,..,0.5,..,..,..,..
"Prevalence of severe wasting, weight for height (% of children under 5)",SH.SVR.WAST.ZS,Ethiopia,ETH,3,..,..,1.1,..,..,..,..,..,..
"Prevalence of severe wasting, weight for height (% of children under 5)",SH.SVR.WAST.ZS,Euro area,EMU,..,..,..,..,..,..,..,..,..,..
"Prevalence of severe wasting, weight for height (% of children under 5)",SH.SVR.WAST.ZS,Europe & Central Asia,ECS,0.35,0.33,0.31,0.3,0.28,0.27,0.26,0.24,0.23,..
"Prevalence of severe wasting, weight for height (% of children under 5)",SH.SVR.WAST.ZS,Europe & Central Asia (excluding high income),ECA,..,..,..,..,..,..,..,..,..,..
"Prevalence of severe wasting, weight for height (% of children under 5)",SH.SVR.WAST.ZS,Europe & Central Asia (IDA & IBRD countries),TEC,..,..,..,..,..,..,..,..,..,..
"Prevalence of severe wasting, weight for height (% of children under 5)",SH.SVR.WAST.ZS,European Union,EUU,..,..,..,..,..,..,..,..,..,..
"Prevalence of severe wasting, weight for height (% of children under 5)",SH.SVR.WAST.ZS,Faroe Islands,FRO,..,..,..,..,..,..,..,..,..,..
"Prevalence of severe wasting, weight for height (% of children under 5)",SH.SVR.WAST.ZS,Fiji,FJI,..,..,..,..,..,1.1,..,..,..,..
"Prevalence of severe wasting, weight for height (% of children under 5)",SH.SVR.WAST.ZS,Finland,FIN,0.1,0.1,0.1,0.1,0.1,0.1,0.2,0.2,..,..
"Prevalence of severe wasting, weight for height (% of children under 5)",SH.SVR.WAST.ZS,France,FRA,..,..,..,..,..,..,..,..,..,..
"Prevalence of severe wasting, weight for height (% of children under 5)",SH.SVR.WAST.ZS,French Polynesia,PYF,..,..,..,..,..,..,..,..,..,..
"Prevalence of severe wasting, weight for height (% of children under 5)",SH.SVR.WAST.ZS,Gabon,GAB,..,..,..,..,0.9,..,..,..,..,..
"Prevalence of severe wasting, weight for height (% of children under 5)",SH.SVR.WAST.ZS,"Gambia, The",GMB,..,..,1,..,0.6,..,..,..,..,..
"Prevalence of severe wasting, weight for height (% of children under 5)",SH.SVR.WAST.ZS,Georgia,GEO,..,..,0.1,..,..,..,..,..,..,..
"Prevalence of severe wasting, weight for height (% of children under 5)",SH.SVR.WAST.ZS,Germany,DEU,0.1,..,..,..,..,..,..,..,..,..
"Prevalence of severe wasting, weight for height (% of children under 5)",SH.SVR.WAST.ZS,Ghana,GHA,..,1.1,..,..,..,..,1.2,..,..,..
"Prevalence of severe wasting, weight for height (% of children under 5)",SH.SVR.WAST.ZS,Gibraltar,GIB,..,..,..,..,..,..,..,..,..,..
"Prevalence of severe wasting, weight for height (% of children under 5)",SH.SVR.WAST.ZS,Greece,GRC,..,..,..,..,..,..,..,..,..,..
"Prevalence of severe wasting, weight for height (% of children under 5)",SH.SVR.WAST.ZS,Greenland,GRL,..,..,..,..,..,..,..,..,..,..
"Prevalence of severe wasting, weight for height (% of children under 5)",SH.SVR.WAST.ZS,Grenada,GRD,..,..,..,..,..,..,..,..,..,..
"Prevalence of severe wasting, weight for height (% of children under 5)",SH.SVR.WAST.ZS,Guam,GUM,..,..,..,..,..,..,..,..,..,..
"Prevalence of severe wasting, weight for height (% of children under 5)",SH.SVR.WAST.ZS,Guatemala,GTM,..,..,..,..,..,0.2,..,..,..,..
"Prevalence of severe wasting, weight for height (% of children under 5)",SH.SVR.WAST.ZS,Guinea,GIN,2.9,..,3.6,..,..,..,1.3,..,..,..
"Prevalence of severe wasting, weight for height (% of children under 5)",SH.SVR.WAST.ZS,Guinea-Bissau,GNB,..,..,..,1.5,..,..,..,..,..,..
"Prevalence of severe wasting, weight for height (% of children under 5)",SH.SVR.WAST.ZS,Guyana,GUY,..,..,..,1.9,..,..,..,..,..,..
"Prevalence of severe wasting, weight for height (% of children under 5)",SH.SVR.WAST.ZS,Haiti,HTI,..,0.8,..,..,..,..,..,0.9,..,..
"Prevalence of severe wasting, weight for height (% of children under 5)",SH.SVR.WAST.ZS,Heavily indebted poor countries (HIPC),HPC,..,..,..,..,..,..,..,..,..,..
"Prevalence of severe wasting, weight for height (% of children under 5)",SH.SVR.WAST.ZS,High income,HIC,0.08,0.07,0.07,0.07,0.06,0.06,0.06,0.06,0.05,..
"Prevalence of severe wasting, weight for height (% of children under 5)",SH.SVR.WAST.ZS,Honduras,HND,..,..,..,0.5,..,..,..,..,..,..
"Prevalence of severe wasting, weight for height (% of children under 5)",SH.SVR.WAST.ZS,"Hong Kong SAR, China",HKG,..,..,..,..,..,..,..,..,..,..
"Prevalence of severe wasting, weight for height (% of children under 5)",SH.SVR.WAST.ZS,Hungary,HUN,..,..,..,..,..,..,..,..,..,..
"Prevalence of severe wasting, weight for height (% of children under 5)",SH.SVR.WAST.ZS,IBRD only,IBD,..,..,..,..,..,..,..,..,..,..
"Prevalence of severe wasting, weight for height (% of children under 5)",SH.SVR.WAST.ZS,Iceland,ISL,..,..,..,..,..,..,..,..,..,..
"Prevalence of severe wasting, weight for height (% of children under 5)",SH.SVR.WAST.ZS,IDA & IBRD total,IBT,..,..,..,..,..,..,..,..,..,..
"Prevalence of severe wasting, weight for height (% of children under 5)",SH.SVR.WAST.ZS,IDA blend,IDB,..,..,..,..,..,..,..,..,..,..
"Prevalence of severe wasting, weight for height (% of children under 5)",SH.SVR.WAST.ZS,IDA only,IDX,..,..,..,..,..,..,..,..,..,..
"Prevalence of severe wasting, weight for height (% of children under 5)",SH.SVR.WAST.ZS,IDA total,IDA,..,..,..,..,..,..,..,..,..,..
"Prevalence of severe wasting, weight for height (% of children under 5)",SH.SVR.WAST.ZS,India,IND,..,4.8,..,..,7.5,..,..,..,..,..
"Prevalence of severe wasting, weight for height (% of children under 5)",SH.SVR.WAST.ZS,Indonesia,IDN,..,..,3.6,1.9,..,1.2,1.3,2.1,..,..
"Prevalence of severe wasting, weight for height (% of children under 5)",SH.SVR.WAST.ZS,"Iran, Islamic Rep.",IRN,..,0.9,..,..,..,..,..,..,..,..
"Prevalence of severe wasting, weight for height (% of children under 5)",SH.SVR.WAST.ZS,Iraq,IRQ,..,..,0.9,..,..,..,..,..,..,..
"Prevalence of severe wasting, weight for height (% of children under 5)",SH.SVR.WAST.ZS,Ireland,IRL,..,..,..,..,..,..,..,..,..,..
"Prevalence of severe wasting, weight for height (% of children under 5)",SH.SVR.WAST.ZS,Isle of Man,IMN,..,..,..,..,..,..,..,..,..,..
"Prevalence of severe wasting, weight for height (% of children under 5)",SH.SVR.WAST.ZS,Israel,ISR,..,..,..,..,..,..,..,..,..,..
"Prevalence of severe wasting, weight for height (% of children under 5)",SH.SVR.WAST.ZS,Italy,ITA,..,..,..,..,..,..,..,..,..,..
"Prevalence of severe wasting, weight for height (% of children under 5)",SH.SVR.WAST.ZS,Jamaica,JAM,0.5,..,1,..,..,..,..,..,..,..
"Prevalence of severe wasting, weight for height (% of children under 5)",SH.SVR.WAST.ZS,Japan,JPN,..,..,..,..,..,..,..,..,..,..
"Prevalence of severe wasting, weight for height (% of children under 5)",SH.SVR.WAST.ZS,Jordan,JOR,..,..,..,0.3,..,..,..,0.4,..,..
"Prevalence of severe wasting, weight for height (% of children under 5)",SH.SVR.WAST.ZS,Kazakhstan,KAZ,..,..,..,..,..,..,..,..,..,..
"Prevalence of severe wasting, weight for height (% of children under 5)",SH.SVR.WAST.ZS,Kenya,KEN,2.3,..,..,..,..,..,0.6,..,..,..
"Prevalence of severe wasting, weight for height (% of children under 5)",SH.SVR.WAST.ZS,Kiribati,KIR,..,..,1.3,..,..,..,..,..,..,..
"Prevalence of severe wasting, weight for height (% of children under 5)",SH.SVR.WAST.ZS,"Korea, Dem. People's Rep.",PRK,..,0.5,..,..,..,..,..,..,..,..
"Prevalence of severe wasting, weight for height (% of children under 5)",SH.SVR.WAST.ZS,"Korea, Rep.",KOR,..,0.1,..,..,0.1,..,..,..,..,..
"Prevalence of severe wasting, weight for height (% of children under 5)",SH.SVR.WAST.ZS,Kosovo,XKX,..,..,..,..,..,..,..,..,..,..
"Prevalence of severe wasting, weight for height (% of children under 5)",SH.SVR.WAST.ZS,Kuwait,KWT,0.5,0.7,0.9,0.7,0.7,0.8,0.7,0.9,..,..
"Prevalence of severe wasting, weight for height (% of children under 5)",SH.SVR.WAST.ZS,Kyrgyz Republic,KGZ,..,..,0.7,..,..,0.2,..,1.3,..,..
"Prevalence of severe wasting, weight for height (% of children under 5)",SH.SVR.WAST.ZS,Lao PDR,LAO,..,3,..,..,..,..,..,2.7,..,..
"Prevalence of severe wasting, weight for height (% of children under 5)",SH.SVR.WAST.ZS,Late-demographic dividend,LTE,..,..,..,..,..,..,..,..,..,..
"Prevalence of severe wasting, weight for height (% of children under 5)",SH.SVR.WAST.ZS,Latin America & Caribbean,LCN,0.34,0.33,0.32,0.31,0.3,0.29,0.28,0.28,0.27,..
"Prevalence of severe wasting, weight for height (% of children under 5)",SH.SVR.WAST.ZS,Latin America & Caribbean (excluding high income),LAC,..,..,..,..,..,..,..,..,..,..
"Prevalence of severe wasting, weight for height (% of children under 5)",SH.SVR.WAST.ZS,Latin America & the Caribbean (IDA & IBRD countries),TLA,..,..,..,..,..,..,..,..,..,..
"Prevalence of severe wasting, weight for height (% of children under 5)",SH.SVR.WAST.ZS,Latvia,LVA,..,..,..,..,..,0.1,..,..,..,..
"Prevalence of severe wasting, weight for height (% of children under 5)",SH.SVR.WAST.ZS,Least developed countries: UN classification,LDC,..,..,..,..,..,..,..,..,..,..
"Prevalence of severe wasting, weight for height (% of children under 5)",SH.SVR.WAST.ZS,Lebanon,LBN,..,..,..,..,..,0.3,..,0.5,..,..
"Prevalence of severe wasting, weight for height (% of children under 5)",SH.SVR.WAST.ZS,Lesotho,LSO,..,..,0.8,..,..,..,..,..,0.2,..
"Prevalence of severe wasting, weight for height (% of children under 5)",SH.SVR.WAST.ZS,Liberia,LBR,0.7,..,..,0.5,..,..,..,..,..,..
"Prevalence of severe wasting, weight for height (% of children under 5)",SH.SVR.WAST.ZS,Libya,LBY,..,..,..,..,..,..,0.9,..,..,..
"Prevalence of severe wasting, weight for height (% of children under 5)",SH.SVR.WAST.ZS,Liechtenstein,LIE,..,..,..,..,..,..,..,..,..,..
"Prevalence of severe wasting, weight for height (% of children under 5)",SH.SVR.WAST.ZS,Lithuania,LTU,..,..,..,..,..,0.7,..,..,..,..
"Prevalence of severe wasting, weight for height (% of children under 5)",SH.SVR.WAST.ZS,Low & middle income,LMY,2.08,2.04,2.01,1.98,1.95,1.93,1.91,1.89,1.87,..
"Prevalence of severe wasting, weight for height (% of children under 5)",SH.SVR.WAST.ZS,Low income,LIC,1.97,1.89,1.81,1.73,1.66,1.59,1.52,1.46,1.4,..
"Prevalence of severe wasting, weight for height (% of children under 5)",SH.SVR.WAST.ZS,Lower middle income,LMC,3.04,3,2.96,2.92,2.88,2.84,2.8,2.76,2.72,..
"Prevalence of severe wasting, weight for height (% of children under 5)",SH.SVR.WAST.ZS,Luxembourg,LUX,..,..,..,..,..,..,..,..,..,..
"Prevalence of severe wasting, weight for height (% of children under 5)",SH.SVR.WAST.ZS,"Macao SAR, China",MAC,..,..,..,..,..,..,..,..,..,..
"Prevalence of severe wasting, weight for height (% of children under 5)",SH.SVR.WAST.ZS,Madagascar,MDG,..,..,1,..,..,1.5,..,..,..,..
"Prevalence of severe wasting, weight for height (% of children under 5)",SH.SVR.WAST.ZS,Malawi,MWI,0.6,0.2,0.1,1.2,0.7,..,..,..,..,..
"Prevalence of severe wasting, weight for height (% of children under 5)",SH.SVR.WAST.ZS,Malaysia,MYS,3.8,..,..,3.6,..,..,..,..,..,..
"Prevalence of severe wasting, weight for height (% of children under 5)",SH.SVR.WAST.ZS,Maldives,MDV,..,2,..,..,..,..,..,..,..,..
"Prevalence of severe wasting, weight for height (% of children under 5)",SH.SVR.WAST.ZS,Mali,MLI,2.2,2.5,2.6,4.5,1.4,1.8,2.2,..,0.7,..
"Prevalence of severe wasting, weight for height (% of children under 5)",SH.SVR.WAST.ZS,Malta,MLT,..,..,..,..,..,..,0.1,..,..,..
"Prevalence of severe wasting, weight for height (% of children under 5)",SH.SVR.WAST.ZS,Marshall Islands,MHL,..,1.1,..,..,..,..,..,..,..,..
"Prevalence of severe wasting, weight for height (% of children under 5)",SH.SVR.WAST.ZS,Mauritania,MRT,..,..,2.3,1.8,1,1.7,2.6,..,..,..
"Prevalence of severe wasting, weight for height (% of children under 5)",SH.SVR.WAST.ZS,Mauritius,MUS,..,..,..,..,..,..,..,..,..,..
"Prevalence of severe wasting, weight for height (% of children under 5)",SH.SVR.WAST.ZS,Mexico,MEX,0.3,..,..,0.4,0.4,0.5,0.1,..,..,..
"Prevalence of severe wasting, weight for height (% of children under 5)",SH.SVR.WAST.ZS,"Micronesia, Fed. Sts.",FSM,..,..,..,..,..,..,..,..,..,..
"Prevalence of severe wasting, weight for height (% of children under 5)",SH.SVR.WAST.ZS,"Middle East, North Africa, Afghanistan & Pakistan",MEA,2.25,2.21,2.18,2.14,2.11,2.08,2.05,2.01,1.98,..
"Prevalence of severe wasting, weight for height (% of children under 5)",SH.SVR.WAST.ZS,"Middle East, North Africa, Afghanistan & Pakistan (excluding high income)",MNA,..,..,..,..,..,..,..,..,..,..
"Prevalence of severe wasting, weight for height (% of children under 5)",SH.SVR.WAST.ZS,"Middle East, North Africa, Afghanistan & Pakistan (IDA & IBRD)",TMN,..,..,..,..,..,..,..,..,..,..
"Prevalence of severe wasting, weight for height (% of children under 5)",SH.SVR.WAST.ZS,Middle income,MIC,2.11,2.07,2.05,2.03,2.01,2,2,2,1.99,..
"Prevalence of severe wasting, weight for height (% of children under 5)",SH.SVR.WAST.ZS,Moldova,MDA,..,..,..,..,..,..,..,..,..,..
"Prevalence of severe wasting, weight for height (% of children under 5)",SH.SVR.WAST.ZS,Monaco,MCO,..,..,..,..,..,..,..,..,..,..
"Prevalence of severe wasting, weight for height (% of children under 5)",SH.SVR.WAST.ZS,Mongolia,MNG,0.4,..,0.3,..,..,..,..,0.9,..,..
"Prevalence of severe wasting, weight for height (% of children under 5)",SH.SVR.WAST.ZS,Montenegro,MNE,..,..,0.5,..,..,..,..,..,..,..
"Prevalence of severe wasting, weight for height (% of children under 5)",SH.SVR.WAST.ZS,Morocco,MAR,..,1.1,..,0.5,..,..,..,..,..,..
"Prevalence of severe wasting, weight for height (% of children under 5)",SH.SVR.WAST.ZS,Mozambique,MOZ,..,..,..,..,1,..,0.7,..,..,..
"Prevalence of severe wasting, weight for height (% of children under 5)",SH.SVR.WAST.ZS,Myanmar,MMR,1.3,..,0.9,..,..,..,..,..,..,..
"Prevalence of severe wasting, weight for height (% of children under 5)",SH.SVR.WAST.ZS,Namibia,NAM,..,..,..,..,..,..,..,..,..,..
"Prevalence of severe wasting, weight for height (% of children under 5)",SH.SVR.WAST.ZS,Nauru,NRU,..,..,..,..,..,..,..,0.3,..,..
"Prevalence of severe wasting, weight for height (% of children under 5)",SH.SVR.WAST.ZS,Nepal,NPL,1.8,..,..,2.9,..,..,0.8,..,..,..
"Prevalence of severe wasting, weight for height (% of children under 5)",SH.SVR.WAST.ZS,Netherlands,NLD,..,..,..,..,..,..,..,..,..,..
"Prevalence of severe wasting, weight for height (% of children under 5)",SH.SVR.WAST.ZS,New Caledonia,NCL,..,..,..,..,..,..,..,..,..,..
"Prevalence of severe wasting, weight for height (% of children under 5)",SH.SVR.WAST.ZS,New Zealand,NZL,..,..,..,..,..,..,..,..,..,..
"Prevalence of severe wasting, weight for height (% of children under 5)",SH.SVR.WAST.ZS,Nicaragua,NIC,..,..,..,..,..,..,..,..,..,..
"Prevalence of severe wasting, weight for height (% of children under 5)",SH.SVR.WAST.ZS,Niger,NER,2.1,..,3,2.4,2.5,2.3,2.1,..,..,..
"Prevalence of severe wasting, weight for height (% of children under 5)",SH.SVR.WAST.ZS,Nigeria,NGA,2.9,..,1.8,..,1.4,3.1,..,..,..,..
"Prevalence of severe wasting, weight for height (% of children under 5)",SH.SVR.WAST.ZS,North America,NAC,0.03,0.03,0.03,0.02,0.02,0.02,0.01,0.01,0.01,..
"Prevalence of severe wasting, weight for height (% of children under 5)",SH.SVR.WAST.ZS,North Macedonia,MKD,..,..,..,0.5,..,..,..,..,..,..
"Prevalence of severe wasting, weight for height (% of children under 5)",SH.SVR.WAST.ZS,Northern Mariana Islands,MNP,..,..,..,..,..,..,..,..,..,..
"Prevalence of severe wasting, weight for height (% of children under 5)",SH.SVR.WAST.ZS,Norway,NOR,..,..,..,..,..,..,..,..,..,..
"Prevalence of severe wasting, weight for height (% of children under 5)",SH.SVR.WAST.ZS,Not classified,INX,..,..,..,..,..,..,..,..,..,..
"Prevalence of severe wasting, weight for height (% of children under 5)",SH.SVR.WAST.ZS,OECD members,OED,..,..,..,..,..,..,..,..,..,..
"Prevalence of severe wasting, weight for height (% of children under 5)",SH.SVR.WAST.ZS,Oman,OMN,..,3.1,..,..,..,..,..,..,..,..
"Prevalence of severe wasting, weight for height (% of children under 5)",SH.SVR.WAST.ZS,Other small states,OSS,..,..,..,..,..,..,..,..,..,..
"Prevalence of severe wasting, weight for height (% of children under 5)",SH.SVR.WAST.ZS,Pacific island small states,PSS,..,..,..,..,..,..,..,..,..,..
"Prevalence of severe wasting, weight for height (% of children under 5)",SH.SVR.WAST.ZS,Pakistan,PAK,..,..,2.4,..,..,..,..,..,..,..
"Prevalence of severe wasting, weight for height (% of children under 5)",SH.SVR.WAST.ZS,Palau,PLW,..,..,..,..,..,..,..,..,..,..
"Prevalence of severe wasting, weight for height (% of children under 5)",SH.SVR.WAST.ZS,Panama,PAN,..,..,..,0.3,..,..,..,..,..,..
"Prevalence of severe wasting, weight for height (% of children under 5)",SH.SVR.WAST.ZS,Papua New Guinea,PNG,..,..,..,..,..,..,..,..,..,..
"Prevalence of severe wasting, weight for height (% of children under 5)",SH.SVR.WAST.ZS,Paraguay,PRY,0.4,..,..,..,..,..,..,..,..,..
"Prevalence of severe wasting, weight for height (% of children under 5)",SH.SVR.WAST.ZS,Peru,PER,0.1,0.1,0.1,0.3,0.1,0.1,0.1,0,..,..
"Prevalence of severe wasting, weight for height (% of children under 5)",SH.SVR.WAST.ZS,Philippines,PHL,..,..,0.9,0.9,..,0.8,..,..,..,..
"Prevalence of severe wasting, weight for height (% of children under 5)",SH.SVR.WAST.ZS,Poland,POL,..,..,0.1,..,..,..,..,..,..,..
"Prevalence of severe wasting, weight for height (% of children under 5)",SH.SVR.WAST.ZS,Portugal,PRT,0.1,..,..,..,..,..,..,..,..,..
"Prevalence of severe wasting, weight for height (% of children under 5)",SH.SVR.WAST.ZS,Post-demographic dividend,PST,..,..,..,..,..,..,..,..,..,..
"Prevalence of severe wasting, weight for height (% of children under 5)",SH.SVR.WAST.ZS,Pre-demographic dividend,PRE,..,..,..,..,..,..,..,..,..,..
"Prevalence of severe wasting, weight for height (% of children under 5)",SH.SVR.WAST.ZS,Puerto Rico (US),PRI,..,..,..,..,..,..,..,..,..,..
"Prevalence of severe wasting, weight for height (% of children under 5)",SH.SVR.WAST.ZS,Qatar,QAT,..,..,..,..,..,0.2,0.2,0.3,..,..
"Prevalence of severe wasting, weight for height (% of children under 5)",SH.SVR.WAST.ZS,Romania,ROU,..,..,..,..,..,..,..,..,..,..
"Prevalence of severe wasting, weight for height (% of children under 5)",SH.SVR.WAST.ZS,Russian Federation,RUS,..,..,..,..,..,..,..,..,..,..
"Prevalence of severe wasting, weight for height (% of children under 5)",SH.SVR.WAST.ZS,Rwanda,RWA,..,..,0.4,..,0.2,..,..,..,..,..
"Prevalence of severe wasting, weight for height (% of children under 5)",SH.SVR.WAST.ZS,Samoa,WSM,..,..,..,1.2,..,..,..,..,..,..
"Prevalence of severe wasting, weight for height (% of children under 5)",SH.SVR.WAST.ZS,San Marino,SMR,..,..,..,..,..,..,..,..,..,..
"Prevalence of severe wasting, weight for height (% of children under 5)",SH.SVR.WAST.ZS,Sao Tome and Principe,STP,..,..,..,1.4,..,..,..,..,..,..
"Prevalence of severe wasting, weight for height (% of children under 5)",SH.SVR.WAST.ZS,Saudi Arabia,SAU,0.8,1.7,1,0.9,1.2,..,..,..,..,..
"Prevalence of severe wasting, weight for height (% of children under 5)",SH.SVR.WAST.ZS,Senegal,SEN,1.2,1.5,1.2,1.2,..,..,..,1.1,..,..
"Prevalence of severe wasting, weight for height (% of children under 5)",SH.SVR.WAST.ZS,Serbia,SRB,..,..,..,0.5,..,..,..,..,..,..
"Prevalence of severe wasting, weight for height (% of children under 5)",SH.SVR.WAST.ZS,Seychelles,SYC,..,..,..,..,..,..,..,..,..,..
"Prevalence of severe wasting, weight for height (% of children under 5)",SH.SVR.WAST.ZS,Sierra Leone,SLE,..,2.3,..,1.1,..,2.4,..,..,..,..
"Prevalence of severe wasting, weight for height (% of children under 5)",SH.SVR.WAST.ZS,Singapore,SGP,..,..,..,..,..,..,..,..,..,..
"Prevalence of severe wasting, weight for height (% of children under 5)",SH.SVR.WAST.ZS,Sint Maarten (Dutch part),SXM,..,..,..,..,..,..,..,..,..,..
"Prevalence of severe wasting, weight for height (% of children under 5)",SH.SVR.WAST.ZS,Slovak Republic,SVK,..,..,..,..,..,..,..,..,..,..
"Prevalence of severe wasting, weight for height (% of children under 5)",SH.SVR.WAST.ZS,Slovenia,SVN,..,..,..,..,..,..,..,..,..,..
"Prevalence of severe wasting, weight for height (% of children under 5)",SH.SVR.WAST.ZS,Small states,SST,..,..,..,..,..,..,..,..,..,..
"Prevalence of severe wasting, weight for height (% of children under 5)",SH.SVR.WAST.ZS,Solomon Islands,SLB,..,..,..,..,..,..,..,..,..,..
"Prevalence of severe wasting, weight for height (% of children under 5)",SH.SVR.WAST.ZS,"Somalia, Fed. Rep.",SOM,..,..,..,..,..,..,..,..,..,..
"Prevalence of severe wasting, weight for height (% of children under 5)",SH.SVR.WAST.ZS,South Africa,ZAF,0.6,1.7,..,..,..,..,..,..,..,..
"Prevalence of severe wasting, weight for height (% of children under 5)",SH.SVR.WAST.ZS,South Asia,SAS,5.14,5.12,5.09,5.07,5.04,5.02,4.99,4.97,4.94,..
"Prevalence of severe wasting, weight for height (% of children under 5)",SH.SVR.WAST.ZS,South Asia (IDA & IBRD),TSA,..,..,..,..,..,..,..,..,..,..
"Prevalence of severe wasting, weight for height (% of children under 5)",SH.SVR.WAST.ZS,South Sudan,SSD,..,..,..,..,..,..,..,..,..,..
"Prevalence of severe wasting, weight for height (% of children under 5)",SH.SVR.WAST.ZS,Spain,ESP,..,..,..,..,..,..,..,..,..,..
"Prevalence of severe wasting, weight for height (% of children under 5)",SH.SVR.WAST.ZS,Sri Lanka,LKA,3.1,..,..,1.5,1.2,1.1,1.4,1.2,0.8,..
"Prevalence of severe wasting, weight for height (% of children under 5)",SH.SVR.WAST.ZS,St. Kitts and Nevis,KNA,..,..,..,..,..,..,..,..,..,..
"Prevalence of severe wasting, weight for height (% of children under 5)",SH.SVR.WAST.ZS,St. Lucia,LCA,..,..,..,..,..,..,..,..,..,..
"Prevalence of severe wasting, weight for height (% of children under 5)",SH.SVR.WAST.ZS,St. Martin (French part),MAF,..,..,..,..,..,..,..,..,..,..
"Prevalence of severe wasting, weight for height (% of children under 5)",SH.SVR.WAST.ZS,St. Vincent and the Grenadines,VCT,..,..,..,..,..,..,..,..,..,..
"Prevalence of severe wasting, weight for height (% of children under 5)",SH.SVR.WAST.ZS,Sub-Saharan Africa,SSF,1.74,1.68,1.62,1.56,1.5,1.45,1.4,1.35,1.3,..
"Prevalence of severe wasting, weight for height (% of children under 5)",SH.SVR.WAST.ZS,Sub-Saharan Africa (excluding high income),SSA,..,..,..,..,..,..,..,..,..,..
"Prevalence of severe wasting, weight for height (% of children under 5)",SH.SVR.WAST.ZS,Sub-Saharan Africa (IDA & IBRD countries),TSS,..,..,..,..,..,..,..,..,..,..
"Prevalence of severe wasting, weight for height (% of children under 5)",SH.SVR.WAST.ZS,Sudan,SDN,..,..,..,..,..,..,..,..,..,..
"Prevalence of severe wasting, weight for height (% of children under 5)",SH.SVR.WAST.ZS,Suriname,SUR,..,..,1,..,..,..,..,..,..,..
"Prevalence of severe wasting, weight for height (% of children under 5)",SH.SVR.WAST.ZS,Sweden,SWE,..,..,..,..,..,..,..,..,..,..
"Prevalence of severe wasting, weight for height (% of children under 5)",SH.SVR.WAST.ZS,Switzerland,CHE,..,..,..,..,..,..,..,..,..,..
"Prevalence of severe wasting, weight for height (% of children under 5)",SH.SVR.WAST.ZS,Syrian Arab Republic,SYR,..,..,..,..,..,..,..,..,..,..
"Prevalence of severe wasting, weight for height (% of children under 5)",SH.SVR.WAST.ZS,Tajikistan,TJK,1.2,1.8,..,..,..,..,..,1.6,..,..
"Prevalence of severe wasting, weight for height (% of children under 5)",SH.SVR.WAST.ZS,Tanzania,TZA,..,..,0.4,..,..,0.9,0.9,..,..,..
"Prevalence of severe wasting, weight for height (% of children under 5)",SH.SVR.WAST.ZS,Thailand,THA,1.4,..,..,2.7,..,..,2.5,..,..,..
"Prevalence of severe wasting, weight for height (% of children under 5)",SH.SVR.WAST.ZS,Timor-Leste,TLS,..,..,..,..,1.5,..,..,..,..,..
"Prevalence of severe wasting, weight for height (% of children under 5)",SH.SVR.WAST.ZS,Togo,TGO,..,1.1,..,..,..,..,..,..,..,..
"Prevalence of severe wasting, weight for height (% of children under 5)",SH.SVR.WAST.ZS,Tonga,TON,..,..,..,0.4,..,..,..,..,..,..
"Prevalence of severe wasting, weight for height (% of children under 5)",SH.SVR.WAST.ZS,Trinidad and Tobago,TTO,..,..,..,..,..,..,..,..,..,..
"Prevalence of severe wasting, weight for height (% of children under 5)",SH.SVR.WAST.ZS,Tunisia,TUN,..,..,0.9,..,..,..,..,..,..,..
"Prevalence of severe wasting, weight for height (% of children under 5)",SH.SVR.WAST.ZS,Turkiye,TUR,..,..,0.6,..,..,..,..,..,..,..
"Prevalence of severe wasting, weight for height (% of children under 5)",SH.SVR.WAST.ZS,Turkmenistan,TKM,..,..,..,1.1,..,..,..,..,..,..
"Prevalence of severe wasting, weight for height (% of children under 5)",SH.SVR.WAST.ZS,Turks and Caicos Islands,TCA,..,..,..,..,0.1,..,..,..,..,..
"Prevalence of severe wasting, weight for height (% of children under 5)",SH.SVR.WAST.ZS,Tuvalu,TUV,..,..,..,1.3,..,..,..,..,..,..
"Prevalence of severe wasting, weight for height (% of children under 5)",SH.SVR.WAST.ZS,Uganda,UGA,1.3,..,0.7,..,1,..,1,..,..,..
"Prevalence of severe wasting, weight for height (% of children under 5)",SH.SVR.WAST.ZS,Ukraine,UKR,..,..,..,..,..,..,..,..,..,..
"Prevalence of severe wasting, weight for height (% of children under 5)",SH.SVR.WAST.ZS,United Arab Emirates,ARE,..,..,..,..,..,..,..,..,..,..
"Prevalence of severe wasting, weight for height (% of children under 5)",SH.SVR.WAST.ZS,United Kingdom,GBR,0.1,0.3,0.1,0.1,..,..,..,..,..,..
"Prevalence of severe wasting, weight for height (% of children under 5)",SH.SVR.WAST.ZS,United States,USA,0.1,..,0,..,..,..,..,..,..,..
"Prevalence of severe wasting, weight for height (% of children under 5)",SH.SVR.WAST.ZS,Upper middle income,UMC,0.67,0.65,0.63,0.61,0.59,0.58,0.56,0.54,0.52,..
"Prevalence of severe wasting, weight for height (% of children under 5)",SH.SVR.WAST.ZS,Uruguay,URY,0.3,..,0.2,..,..,..,..,..,..,..
"Prevalence of severe wasting, weight for height (% of children under 5)",SH.SVR.WAST.ZS,Uzbekistan,UZB,..,0.3,..,..,..,1.1,..,..,..,..
"Prevalence of severe wasting, weight for height (% of children under 5)",SH.SVR.WAST.ZS,Vanuatu,VUT,..,..,..,..,..,..,..,..,..,..
"Prevalence of severe wasting, weight for height (% of children under 5)",SH.SVR.WAST.ZS,"Venezuela, RB",VEN,..,..,..,..,..,..,..,..,..,..
"Prevalence of severe wasting, weight for height (% of children under 5)",SH.SVR.WAST.ZS,Viet Nam,VNM,..,1.2,1.1,1,1,..,..,..,..,..
"Prevalence of severe wasting, weight for height (% of children under 5)",SH.SVR.WAST.ZS,Virgin Islands (U.S.),VIR,..,..,..,..,..,..,..,..,..,..
"Prevalence of severe wasting, weight for height (% of children under 5)",SH.SVR.WAST.ZS,West Bank and Gaza,PSE,..,..,..,..,0.6,..,..,..,..,..
"Prevalence of severe wasting, weight for height (% of children under 5)",SH.SVR.WAST.ZS,World,WLD,2.03,2,1.97,1.95,1.93,1.92,1.91,1.9,1.89,..
"Prevalence of severe wasting, weight for height (% of children under 5)",SH.SVR.WAST.ZS,"Yemen, Rep.",YEM,..,..,..,..,..,1.4,5.2,..,..,..
"Prevalence of severe wasting, weight for height (% of children under 5)",SH.SVR.WAST.ZS,Zambia,ZMB,..,..,1.5,..,..,..,..,..,..,..
"Prevalence of severe wasting, weight for height (% of children under 5)",SH.SVR.WAST.ZS,Zimbabwe,ZWE,..,..,..,0.3,..,..,..,..,1.6,..
"Prevalence of underweight, weight for age (% of children under 5)",SH.STA.MALN.ZS,Afghanistan,AFG,..,..,19.1,..,..,..,18.4,..,..,..
"Prevalence of underweight, weight for age (% of children under 5)",SH.STA.MALN.ZS,Africa Eastern and Southern,AFE,..,..,..,..,..,..,..,..,..,..
"Prevalence of underweight, weight for age (% of children under 5)",SH.STA.MALN.ZS,Africa Western and Central,AFW,..,..,..,..,..,..,..,..,..,..
"Prevalence of underweight, weight for age (% of children under 5)",SH.STA.MALN.ZS,Albania,ALB,..,1.5,..,..,..,..,..,..,..,..
"Prevalence of underweight, weight for age (% of children under 5)",SH.STA.MALN.ZS,Algeria,DZA,..,..,..,2.7,..,..,..,..,..,..
"Prevalence of underweight, weight for age (% of children under 5)",SH.STA.MALN.ZS,American Samoa,ASM,..,..,..,..,..,..,..,..,..,..
"Prevalence of underweight, weight for age (% of children under 5)",SH.STA.MALN.ZS,Andorra,AND,..,..,..,..,..,..,..,..,..,..
"Prevalence of underweight, weight for age (% of children under 5)",SH.STA.MALN.ZS,Angola,AGO,..,..,..,..,..,..,..,..,..,..
"Prevalence of underweight, weight for age (% of children under 5)",SH.STA.MALN.ZS,Antigua and Barbuda,ATG,..,..,..,..,..,..,..,..,..,..
"Prevalence of underweight, weight for age (% of children under 5)",SH.STA.MALN.ZS,Arab World,ARB,..,..,..,..,..,..,..,..,..,..
"Prevalence of underweight, weight for age (% of children under 5)",SH.STA.MALN.ZS,Argentina,ARG,..,..,2,..,..,..,..,..,..,..
"Prevalence of underweight, weight for age (% of children under 5)",SH.STA.MALN.ZS,Armenia,ARM,2.6,..,..,..,..,..,..,..,..,..
"Prevalence of underweight, weight for age (% of children under 5)",SH.STA.MALN.ZS,Aruba,ABW,..,..,..,..,..,..,..,..,..,..
"Prevalence of underweight, weight for age (% of children under 5)",SH.STA.MALN.ZS,Australia,AUS,..,..,..,..,..,..,..,..,..,..
"Prevalence of underweight, weight for age (% of children under 5)",SH.STA.MALN.ZS,Austria,AUT,..,..,..,..,..,..,..,..,..,..
"Prevalence of underweight, weight for age (% of children under 5)",SH.STA.MALN.ZS,Azerbaijan,AZE,..,..,..,..,..,..,..,3,..,..
"Prevalence of underweight, weight for age (% of children under 5)",SH.STA.MALN.ZS,"Bahamas, The",BHS,..,..,..,..,..,..,..,..,..,..
"Prevalence of underweight, weight for age (% of children under 5)",SH.STA.MALN.ZS,Bahrain,BHR,..,..,..,..,..,..,..,..,..,..
"Prevalence of underweight, weight for age (% of children under 5)",SH.STA.MALN.ZS,Bangladesh,BGD,..,..,21.9,22.6,..,..,21.7,..,..,..
"Prevalence of underweight, weight for age (% of children under 5)",SH.STA.MALN.ZS,Barbados,BRB,..,..,..,..,..,..,..,..,..,..
"Prevalence of underweight, weight for age (% of children under 5)",SH.STA.MALN.ZS,Belarus,BLR,..,..,..,..,..,..,..,..,..,..
"Prevalence of underweight, weight for age (% of children under 5)",SH.STA.MALN.ZS,Belgium,BEL,..,..,..,..,..,..,..,0.3,..,..
"Prevalence of underweight, weight for age (% of children under 5)",SH.STA.MALN.ZS,Belize,BLZ,..,..,..,..,..,..,..,..,..,..
"Prevalence of underweight, weight for age (% of children under 5)",SH.STA.MALN.ZS,Benin,BEN,..,..,16.8,..,..,19.6,..,..,..,..
"Prevalence of underweight, weight for age (% of children under 5)",SH.STA.MALN.ZS,Bermuda,BMU,..,..,..,..,..,..,..,..,..,..
"Prevalence of underweight, weight for age (% of children under 5)",SH.STA.MALN.ZS,Bhutan,BTN,..,..,..,..,..,..,..,8.7,..,..
"Prevalence of underweight, weight for age (% of children under 5)",SH.STA.MALN.ZS,Bolivia,BOL,3.4,..,..,..,..,..,..,..,..,..
"Prevalence of underweight, weight for age (% of children under 5)",SH.STA.MALN.ZS,Bosnia and Herzegovina,BIH,..,..,..,..,..,..,..,..,..,..
"Prevalence of underweight, weight for age (% of children under 5)",SH.STA.MALN.ZS,Botswana,BWA,..,..,..,..,..,..,..,..,..,..
"Prevalence of underweight, weight for age (% of children under 5)",SH.STA.MALN.ZS,Brazil,BRA,..,..,..,3.5,..,..,..,..,..,..
"Prevalence of underweight, weight for age (% of children under 5)",SH.STA.MALN.ZS,British Virgin Islands,VGB,..,..,..,..,..,..,..,..,..,..
"Prevalence of underweight, weight for age (% of children under 5)",SH.STA.MALN.ZS,Brunei Darussalam,BRN,..,..,..,..,..,..,..,..,..,..
"Prevalence of underweight, weight for age (% of children under 5)",SH.STA.MALN.ZS,Bulgaria,BGR,..,..,..,..,..,..,..,..,..,..
"Prevalence of underweight, weight for age (% of children under 5)",SH.STA.MALN.ZS,Burkina Faso,BFA,18.9,16.2,17.7,16.4,12.7,16.9,..,..,..,..
"Prevalence of underweight, weight for age (% of children under 5)",SH.STA.MALN.ZS,Burundi,BDI,29.3,..,29.6,27,27.7,..,27.6,28,28.3,..
"Prevalence of underweight, weight for age (% of children under 5)",SH.STA.MALN.ZS,Cabo Verde,CPV,..,..,2.2,..,..,..,..,..,..,..
"Prevalence of underweight, weight for age (% of children under 5)",SH.STA.MALN.ZS,Cambodia,KHM,..,..,..,..,..,16.3,..,..,..,..
"Prevalence of underweight, weight for age (% of children under 5)",SH.STA.MALN.ZS,Cameroon,CMR,..,..,11,..,..,..,..,..,..,..
"Prevalence of underweight, weight for age (% of children under 5)",SH.STA.MALN.ZS,Canada,CAN,..,..,..,..,..,..,..,..,..,..
"Prevalence of underweight, weight for age (% of children under 5)",SH.STA.MALN.ZS,Caribbean small states,CSS,..,..,..,..,..,..,..,..,..,..
"Prevalence of underweight, weight for age (% of children under 5)",SH.STA.MALN.ZS,Cayman Islands,CYM,..,..,..,..,..,..,..,..,..,..
"Prevalence of underweight, weight for age (% of children under 5)",SH.STA.MALN.ZS,Central African Republic,CAF,..,..,19.7,20.5,..,..,18.4,..,..,..
"Prevalence of underweight, weight for age (% of children under 5)",SH.STA.MALN.ZS,Central Europe and the Baltics,CEB,..,..,..,..,..,..,..,..,..,..
"Prevalence of underweight, weight for age (% of children under 5)",SH.STA.MALN.ZS,Chad,TCD,..,24.3,24.7,29.2,18.9,21.4,18.2,..,..,..
"Prevalence of underweight, weight for age (% of children under 5)",SH.STA.MALN.ZS,Channel Islands,CHI,..,..,..,..,..,..,..,..,..,..
"Prevalence of underweight, weight for age (% of children under 5)",SH.STA.MALN.ZS,Chile,CHL,..,..,..,..,..,..,..,..,..,..
"Prevalence of underweight, weight for age (% of children under 5)",SH.STA.MALN.ZS,China,CHN,..,..,..,..,..,..,..,..,..,..
"Prevalence of underweight, weight for age (% of children under 5)",SH.STA.MALN.ZS,Colombia,COL,3.7,..,..,..,..,..,..,..,..,..
"Prevalence of underweight, weight for age (% of children under 5)",SH.STA.MALN.ZS,Comoros,COM,..,..,..,..,..,..,9.1,..,..,..
"Prevalence of underweight, weight for age (% of children under 5)",SH.STA.MALN.ZS,"Congo, Dem. Rep.",COD,..,23.1,..,..,..,..,..,25,..,..
"Prevalence of underweight, weight for age (% of children under 5)",SH.STA.MALN.ZS,"Congo, Rep.",COG,..,..,..,..,..,..,..,..,..,..
"Prevalence of underweight, weight for age (% of children under 5)",SH.STA.MALN.ZS,Costa Rica,CRI,..,..,2.9,..,..,..,..,..,..,..
"Prevalence of underweight, weight for age (% of children under 5)",SH.STA.MALN.ZS,Cote d'Ivoire,CIV,12.8,..,..,..,..,13.6,..,..,..,..
"Prevalence of underweight, weight for age (% of children under 5)",SH.STA.MALN.ZS,Croatia,HRV,..,..,..,..,..,..,..,..,..,..
"Prevalence of underweight, weight for age (% of children under 5)",SH.STA.MALN.ZS,Cuba,CUB,..,..,..,2.4,..,..,..,..,..,..
"Prevalence of underweight, weight for age (% of children under 5)",SH.STA.MALN.ZS,Curacao,CUW,..,..,..,..,..,..,..,..,..,..
"Prevalence of underweight, weight for age (% of children under 5)",SH.STA.MALN.ZS,Cyprus,CYP,..,..,..,..,..,..,..,..,..,..
"Prevalence of underweight, weight for age (% of children under 5)",SH.STA.MALN.ZS,Czechia,CZE,..,..,..,..,..,..,..,..,..,..
"Prevalence of underweight, weight for age (% of children under 5)",SH.STA.MALN.ZS,Denmark,DNK,..,..,..,..,..,..,..,..,..,..
"Prevalence of underweight, weight for age (% of children under 5)",SH.STA.MALN.ZS,Djibouti,DJI,..,..,..,16.2,..,..,..,17.7,..,..
"Prevalence of underweight, weight for age (% of children under 5)",SH.STA.MALN.ZS,Dominica,DMA,..,..,..,..,..,..,..,..,..,..
"Prevalence of underweight, weight for age (% of children under 5)",SH.STA.MALN.ZS,Dominican Republic,DOM,..,..,..,3,..,..,..,..,..,..
"Prevalence of underweight, weight for age (% of children under 5)",SH.STA.MALN.ZS,Early-demographic dividend,EAR,..,..,..,..,..,..,..,..,..,..
"Prevalence of underweight, weight for age (% of children under 5)",SH.STA.MALN.ZS,East Asia & Pacific,EAS,6.1,5.87,5.67,5.52,5.41,5.36,5.38,5.41,5.42,..
"Prevalence of underweight, weight for age (% of children under 5)",SH.STA.MALN.ZS,East Asia & Pacific (excluding high income),EAP,..,..,..,..,..,..,..,..,..,..
"Prevalence of underweight, weight for age (% of children under 5)",SH.STA.MALN.ZS,East Asia & Pacific (IDA & IBRD countries),TEA,..,..,..,..,..,..,..,..,..,..
"Prevalence of underweight, weight for age (% of children under 5)",SH.STA.MALN.ZS,Ecuador,ECU,..,..,..,..,..,..,..,4.3,4.9,..
"Prevalence of underweight, weight for age (% of children under 5)",SH.STA.MALN.ZS,"Egypt, Arab Rep.",EGY,..,..,..,..,..,3.7,..,..,..,..
"Prevalence of underweight, weight for age (% of children under 5)",SH.STA.MALN.ZS,El Salvador,SLV,..,..,..,..,..,5,..,..,..,..
"Prevalence of underweight, weight for age (% of children under 5)",SH.STA.MALN.ZS,Equatorial Guinea,GNQ,..,..,..,..,..,..,..,..,..,..
"Prevalence of underweight, weight for age (% of children under 5)",SH.STA.MALN.ZS,Eritrea,ERI,..,..,..,..,..,..,..,..,..,..
"Prevalence of underweight, weight for age (% of children under 5)",SH.STA.MALN.ZS,Estonia,EST,..,..,..,..,..,..,..,..,..,..
"Prevalence of underweight, weight for age (% of children under 5)",SH.STA.MALN.ZS,Eswatini,SWZ,..,..,..,..,..,5,..,..,..,..
"Prevalence of underweight, weight for age (% of children under 5)",SH.STA.MALN.ZS,Ethiopia,ETH,23.5,..,..,21.2,..,..,..,..,..,..
"Prevalence of underweight, weight for age (% of children under 5)",SH.STA.MALN.ZS,Euro area,EMU,..,..,..,..,..,..,..,..,..,..
"Prevalence of underweight, weight for age (% of children under 5)",SH.STA.MALN.ZS,Europe & Central Asia,ECS,1.22,1.15,1.08,1.01,0.95,0.89,0.83,0.78,0.73,..
"Prevalence of underweight, weight for age (% of children under 5)",SH.STA.MALN.ZS,Europe & Central Asia (excluding high income),ECA,..,..,..,..,..,..,..,..,..,..
"Prevalence of underweight, weight for age (% of children under 5)",SH.STA.MALN.ZS,Europe & Central Asia (IDA & IBRD countries),TEC,..,..,..,..,..,..,..,..,..,..
"Prevalence of underweight, weight for age (% of children under 5)",SH.STA.MALN.ZS,European Union,EUU,..,..,..,..,..,..,..,..,..,..
"Prevalence of underweight, weight for age (% of children under 5)",SH.STA.MALN.ZS,Faroe Islands,FRO,..,..,..,..,..,..,..,..,..,..
"Prevalence of underweight, weight for age (% of children under 5)",SH.STA.MALN.ZS,Fiji,FJI,..,..,..,..,..,4.6,..,..,..,..
"Prevalence of underweight, weight for age (% of children under 5)",SH.STA.MALN.ZS,Finland,FIN,..,..,..,..,..,..,..,..,..,..
"Prevalence of underweight, weight for age (% of children under 5)",SH.STA.MALN.ZS,France,FRA,..,..,..,..,..,..,..,..,..,..
"Prevalence of underweight, weight for age (% of children under 5)",SH.STA.MALN.ZS,French Polynesia,PYF,..,..,..,..,..,..,..,..,..,..
"Prevalence of underweight, weight for age (% of children under 5)",SH.STA.MALN.ZS,Gabon,GAB,..,..,..,..,5.4,..,..,..,..,..
"Prevalence of underweight, weight for age (% of children under 5)",SH.STA.MALN.ZS,"Gambia, The",GMB,..,..,13.9,..,11.6,..,..,..,..,..
"Prevalence of underweight, weight for age (% of children under 5)",SH.STA.MALN.ZS,Georgia,GEO,..,..,2.1,..,..,..,..,..,..,..
"Prevalence of underweight, weight for age (% of children under 5)",SH.STA.MALN.ZS,Germany,DEU,0.6,..,..,..,..,..,..,..,..,..
"Prevalence of underweight, weight for age (% of children under 5)",SH.STA.MALN.ZS,Ghana,GHA,..,12.6,..,..,..,..,12,..,..,..
"Prevalence of underweight, weight for age (% of children under 5)",SH.STA.MALN.ZS,Gibraltar,GIB,..,..,..,..,..,..,..,..,..,..
"Prevalence of underweight, weight for age (% of children under 5)",SH.STA.MALN.ZS,Greece,GRC,..,..,..,..,..,..,..,..,..,..
"Prevalence of underweight, weight for age (% of children under 5)",SH.STA.MALN.ZS,Greenland,GRL,..,..,..,..,..,..,..,..,..,..
"Prevalence of underweight, weight for age (% of children under 5)",SH.STA.MALN.ZS,Grenada,GRD,..,..,..,..,..,..,..,..,..,..
"Prevalence of underweight, weight for age (% of children under 5)",SH.STA.MALN.ZS,Guam,GUM,..,..,..,..,..,..,..,..,..,..
"Prevalence of underweight, weight for age (% of children under 5)",SH.STA.MALN.ZS,Guatemala,GTM,..,..,..,..,..,14.4,..,..,..,..
"Prevalence of underweight, weight for age (% of children under 5)",SH.STA.MALN.ZS,Guinea,GIN,18.3,..,16.3,..,..,..,15,..,..,..
"Prevalence of underweight, weight for age (% of children under 5)",SH.STA.MALN.ZS,Guinea-Bissau,GNB,..,..,..,18.8,..,..,..,..,..,..
"Prevalence of underweight, weight for age (% of children under 5)",SH.STA.MALN.ZS,Guyana,GUY,..,..,..,9.4,..,..,..,..,..,..
"Prevalence of underweight, weight for age (% of children under 5)",SH.STA.MALN.ZS,Haiti,HTI,..,9.5,..,..,..,..,..,10.7,..,..
"Prevalence of underweight, weight for age (% of children under 5)",SH.STA.MALN.ZS,Heavily indebted poor countries (HIPC),HPC,..,..,..,..,..,..,..,..,..,..
"Prevalence of underweight, weight for age (% of children under 5)",SH.STA.MALN.ZS,High income,HIC,0.91,0.9,0.89,0.87,0.86,0.85,0.84,0.82,0.81,..
"Prevalence of underweight, weight for age (% of children under 5)",SH.STA.MALN.ZS,Honduras,HND,..,..,..,7.1,..,..,..,..,..,..
"Prevalence of underweight, weight for age (% of children under 5)",SH.STA.MALN.ZS,"Hong Kong SAR, China",HKG,..,..,..,..,..,..,..,..,..,..
"Prevalence of underweight, weight for age (% of children under 5)",SH.STA.MALN.ZS,Hungary,HUN,..,..,..,..,..,..,..,..,..,..
"Prevalence of underweight, weight for age (% of children under 5)",SH.STA.MALN.ZS,IBRD only,IBD,..,..,..,..,..,..,..,..,..,..
"Prevalence of underweight, weight for age (% of children under 5)",SH.STA.MALN.ZS,Iceland,ISL,..,..,..,..,..,..,..,..,..,..
"Prevalence of underweight, weight for age (% of children under 5)",SH.STA.MALN.ZS,IDA & IBRD total,IBT,..,..,..,..,..,..,..,..,..,..
"Prevalence of underweight, weight for age (% of children under 5)",SH.STA.MALN.ZS,IDA blend,IDB,..,..,..,..,..,..,..,..,..,..
"Prevalence of underweight, weight for age (% of children under 5)",SH.STA.MALN.ZS,IDA only,IDX,..,..,..,..,..,..,..,..,..,..
"Prevalence of underweight, weight for age (% of children under 5)",SH.STA.MALN.ZS,IDA total,IDA,..,..,..,..,..,..,..,..,..,..
"Prevalence of underweight, weight for age (% of children under 5)",SH.STA.MALN.ZS,India,IND,..,33.8,..,..,31.5,..,..,..,..,..
"Prevalence of underweight, weight for age (% of children under 5)",SH.STA.MALN.ZS,Indonesia,IDN,..,..,17.7,17.9,..,17,16.8,15.9,..,..
"Prevalence of underweight, weight for age (% of children under 5)",SH.STA.MALN.ZS,"Iran, Islamic Rep.",IRN,..,4.3,..,..,..,..,..,..,..,..
"Prevalence of underweight, weight for age (% of children under 5)",SH.STA.MALN.ZS,Iraq,IRQ,..,..,3.9,..,..,..,..,..,..,..
"Prevalence of underweight, weight for age (% of children under 5)",SH.STA.MALN.ZS,Ireland,IRL,..,..,..,..,..,..,..,..,..,..
"Prevalence of underweight, weight for age (% of children under 5)",SH.STA.MALN.ZS,Isle of Man,IMN,..,..,..,..,..,..,..,..,..,..
"Prevalence of underweight, weight for age (% of children under 5)",SH.STA.MALN.ZS,Israel,ISR,..,..,..,..,..,..,..,..,..,..
"Prevalence of underweight, weight for age (% of children under 5)",SH.STA.MALN.ZS,Italy,ITA,..,..,..,..,..,..,..,..,..,..
"Prevalence of underweight, weight for age (% of children under 5)",SH.STA.MALN.ZS,Jamaica,JAM,4.4,..,2.5,..,..,..,..,..,..,..
"Prevalence of underweight, weight for age (% of children under 5)",SH.STA.MALN.ZS,Japan,JPN,..,..,..,..,..,..,..,..,..,..
"Prevalence of underweight, weight for age (% of children under 5)",SH.STA.MALN.ZS,Jordan,JOR,..,..,..,2.7,..,..,..,2.5,..,..
"Prevalence of underweight, weight for age (% of children under 5)",SH.STA.MALN.ZS,Kazakhstan,KAZ,..,..,..,..,..,..,..,..,..,..
"Prevalence of underweight, weight for age (% of children under 5)",SH.STA.MALN.ZS,Kenya,KEN,13,..,..,..,..,..,9.8,..,..,..
"Prevalence of underweight, weight for age (% of children under 5)",SH.STA.MALN.ZS,Kiribati,KIR,..,..,6.9,..,..,..,..,..,..,..
"Prevalence of underweight, weight for age (% of children under 5)",SH.STA.MALN.ZS,"Korea, Dem. People's Rep.",PRK,..,9.3,..,..,..,..,..,..,..,..
"Prevalence of underweight, weight for age (% of children under 5)",SH.STA.MALN.ZS,"Korea, Rep.",KOR,..,0.9,..,..,0.4,..,..,..,..,..
"Prevalence of underweight, weight for age (% of children under 5)",SH.STA.MALN.ZS,Kosovo,XKX,..,..,..,..,..,..,..,..,..,..
"Prevalence of underweight, weight for age (% of children under 5)",SH.STA.MALN.ZS,Kuwait,KWT,3.3,3.6,3.3,2,1.8,2.4,2.9,2.8,..,..
"Prevalence of underweight, weight for age (% of children under 5)",SH.STA.MALN.ZS,Kyrgyz Republic,KGZ,..,..,1.8,..,..,1,..,2.9,..,..
"Prevalence of underweight, weight for age (% of children under 5)",SH.STA.MALN.ZS,Lao PDR,LAO,..,21.1,..,..,..,..,..,24.3,..,..
"Prevalence of underweight, weight for age (% of children under 5)",SH.STA.MALN.ZS,Late-demographic dividend,LTE,..,..,..,..,..,..,..,..,..,..
"Prevalence of underweight, weight for age (% of children under 5)",SH.STA.MALN.ZS,Latin America & Caribbean,LCN,3.43,3.33,3.23,3.14,3.06,2.97,2.89,2.82,2.74,..
"Prevalence of underweight, weight for age (% of children under 5)",SH.STA.MALN.ZS,Latin America & Caribbean (excluding high income),LAC,..,..,..,..,..,..,..,..,..,..
"Prevalence of underweight, weight for age (% of children under 5)",SH.STA.MALN.ZS,Latin America & the Caribbean (IDA & IBRD countries),TLA,..,..,..,..,..,..,..,..,..,..
"Prevalence of underweight, weight for age (% of children under 5)",SH.STA.MALN.ZS,Latvia,LVA,..,..,..,..,..,0.3,..,..,..,..
"Prevalence of underweight, weight for age (% of children under 5)",SH.STA.MALN.ZS,Least developed countries: UN classification,LDC,..,..,..,..,..,..,..,..,..,..
"Prevalence of underweight, weight for age (% of children under 5)",SH.STA.MALN.ZS,Lebanon,LBN,..,..,..,..,..,3.4,..,5.1,..,..
"Prevalence of underweight, weight for age (% of children under 5)",SH.STA.MALN.ZS,Lesotho,LSO,..,..,10.5,..,..,..,..,..,12.5,..
"Prevalence of underweight, weight for age (% of children under 5)",SH.STA.MALN.ZS,Liberia,LBR,13.6,..,..,10.9,..,..,..,..,..,..
"Prevalence of underweight, weight for age (% of children under 5)",SH.STA.MALN.ZS,Libya,LBY,..,..,..,..,..,..,4.3,..,..,..
"Prevalence of underweight, weight for age (% of children under 5)",SH.STA.MALN.ZS,Liechtenstein,LIE,..,..,..,..,..,..,..,..,..,..
"Prevalence of underweight, weight for age (% of children under 5)",SH.STA.MALN.ZS,Lithuania,LTU,..,..,..,..,..,1.1,..,..,..,..
"Prevalence of underweight, weight for age (% of children under 5)",SH.STA.MALN.ZS,Low & middle income,LMY,15.8,15.42,15.08,14.79,14.53,14.32,14.14,13.96,13.75,..
"Prevalence of underweight, weight for age (% of children under 5)",SH.STA.MALN.ZS,Low income,LIC,21.3,20.87,20.44,20.02,19.61,19.2,18.8,18.41,18.02,..
"Prevalence of underweight, weight for age (% of children under 5)",SH.STA.MALN.ZS,Lower middle income,LMC,21.93,21.37,20.82,20.28,19.76,19.24,18.73,18.23,17.75,..
"Prevalence of underweight, weight for age (% of children under 5)",SH.STA.MALN.ZS,Luxembourg,LUX,..,..,..,..,..,..,..,..,..,..
"Prevalence of underweight, weight for age (% of children under 5)",SH.STA.MALN.ZS,"Macao SAR, China",MAC,..,..,..,..,..,..,..,..,..,..
"Prevalence of underweight, weight for age (% of children under 5)",SH.STA.MALN.ZS,Madagascar,MDG,..,..,26.4,..,..,22.6,..,..,..,..
"Prevalence of underweight, weight for age (% of children under 5)",SH.STA.MALN.ZS,Malawi,MWI,14.6,12.3,11.5,10.8,12.8,..,..,..,..,..
"Prevalence of underweight, weight for age (% of children under 5)",SH.STA.MALN.ZS,Malaysia,MYS,13.7,..,..,14.8,..,..,15.3,..,..,..
"Prevalence of underweight, weight for age (% of children under 5)",SH.STA.MALN.ZS,Maldives,MDV,..,14.8,..,..,..,..,..,..,..,..
"Prevalence of underweight, weight for age (% of children under 5)",SH.STA.MALN.ZS,Mali,MLI,20.2,17.1,18.6,18.5,14.9,17.5,18.5,..,15,..
"Prevalence of underweight, weight for age (% of children under 5)",SH.STA.MALN.ZS,Malta,MLT,..,..,..,..,..,..,0.7,..,..,..
"Prevalence of underweight, weight for age (% of children under 5)",SH.STA.MALN.ZS,Marshall Islands,MHL,..,11.9,..,..,..,..,..,..,..,..
"Prevalence of underweight, weight for age (% of children under 5)",SH.STA.MALN.ZS,Mauritania,MRT,..,..,19.2,17.3,16.8,14.8,22.4,..,..,..
"Prevalence of underweight, weight for age (% of children under 5)",SH.STA.MALN.ZS,Mauritius,MUS,..,..,..,..,..,..,..,..,..,..
"Prevalence of underweight, weight for age (% of children under 5)",SH.STA.MALN.ZS,Mexico,MEX,4.2,..,..,4.7,4.6,4.2,4.2,..,..,..
"Prevalence of underweight, weight for age (% of children under 5)",SH.STA.MALN.ZS,"Micronesia, Fed. Sts.",FSM,..,..,..,..,..,..,..,..,..,..
"Prevalence of underweight, weight for age (% of children under 5)",SH.STA.MALN.ZS,"Middle East, North Africa, Afghanistan & Pakistan",MEA,11.23,10.96,10.69,10.43,10.17,9.92,9.68,9.44,9.2,..
"Prevalence of underweight, weight for age (% of children under 5)",SH.STA.MALN.ZS,"Middle East, North Africa, Afghanistan & Pakistan (excluding high income)",MNA,..,..,..,..,..,..,..,..,..,..
"Prevalence of underweight, weight for age (% of children under 5)",SH.STA.MALN.ZS,"Middle East, North Africa, Afghanistan & Pakistan (IDA & IBRD)",TMN,..,..,..,..,..,..,..,..,..,..
"Prevalence of underweight, weight for age (% of children under 5)",SH.STA.MALN.ZS,Middle income,MIC,14.75,14.36,14.01,13.71,13.45,13.22,13.05,12.88,12.67,..
"Prevalence of underweight, weight for age (% of children under 5)",SH.STA.MALN.ZS,Moldova,MDA,..,..,..,..,..,..,..,..,..,..
"Prevalence of underweight, weight for age (% of children under 5)",SH.STA.MALN.ZS,Monaco,MCO,..,..,..,..,..,..,..,..,..,..
"Prevalence of underweight, weight for age (% of children under 5)",SH.STA.MALN.ZS,Mongolia,MNG,0.8,..,1.8,..,..,..,..,1.9,..,..
"Prevalence of underweight, weight for age (% of children under 5)",SH.STA.MALN.ZS,Montenegro,MNE,..,..,3.7,..,..,..,..,..,..,..
"Prevalence of underweight, weight for age (% of children under 5)",SH.STA.MALN.ZS,Morocco,MAR,..,2.6,..,3,..,..,..,..,..,..
"Prevalence of underweight, weight for age (% of children under 5)",SH.STA.MALN.ZS,Mozambique,MOZ,..,..,..,..,14.8,..,15.4,..,..,..
"Prevalence of underweight, weight for age (% of children under 5)",SH.STA.MALN.ZS,Myanmar,MMR,18.5,..,19.5,..,..,..,..,..,..,..
"Prevalence of underweight, weight for age (% of children under 5)",SH.STA.MALN.ZS,Namibia,NAM,..,..,..,..,..,..,..,..,..,..
"Prevalence of underweight, weight for age (% of children under 5)",SH.STA.MALN.ZS,Nauru,NRU,..,..,..,..,..,..,..,3.8,..,..
"Prevalence of underweight, weight for age (% of children under 5)",SH.STA.MALN.ZS,Nepal,NPL,27,..,..,24.4,..,..,18.3,..,..,..
"Prevalence of underweight, weight for age (% of children under 5)",SH.STA.MALN.ZS,Netherlands,NLD,..,..,..,..,..,..,..,..,..,..
"Prevalence of underweight, weight for age (% of children under 5)",SH.STA.MALN.ZS,New Caledonia,NCL,..,..,..,..,..,..,..,..,..,..
"Prevalence of underweight, weight for age (% of children under 5)",SH.STA.MALN.ZS,New Zealand,NZL,..,..,..,..,..,..,..,..,..,..
"Prevalence of underweight, weight for age (% of children under 5)",SH.STA.MALN.ZS,Nicaragua,NIC,..,..,..,..,..,..,..,..,..,..
"Prevalence of underweight, weight for age (% of children under 5)",SH.STA.MALN.ZS,Niger,NER,32,..,37.5,31.3,33.4,33.2,34.6,..,..,..
"Prevalence of underweight, weight for age (% of children under 5)",SH.STA.MALN.ZS,Nigeria,NGA,31.5,..,21.8,..,18.4,24.4,..,..,..,..
"Prevalence of underweight, weight for age (% of children under 5)",SH.STA.MALN.ZS,North America,NAC,0.79,0.79,0.78,0.77,0.77,0.76,0.75,0.74,0.74,..
"Prevalence of underweight, weight for age (% of children under 5)",SH.STA.MALN.ZS,North Macedonia,MKD,..,..,..,0.9,..,..,..,..,..,..
"Prevalence of underweight, weight for age (% of children under 5)",SH.STA.MALN.ZS,Northern Mariana Islands,MNP,..,..,..,..,..,..,..,..,..,..
"Prevalence of underweight, weight for age (% of children under 5)",SH.STA.MALN.ZS,Norway,NOR,..,..,..,..,..,..,..,..,..,..
"Prevalence of underweight, weight for age (% of children under 5)",SH.STA.MALN.ZS,Not classified,INX,..,..,..,..,..,..,..,..,..,..
"Prevalence of underweight, weight for age (% of children under 5)",SH.STA.MALN.ZS,OECD members,OED,..,..,..,..,..,..,..,..,..,..
"Prevalence of underweight, weight for age (% of children under 5)",SH.STA.MALN.ZS,Oman,OMN,..,11.2,..,..,..,..,..,..,..,..
"Prevalence of underweight, weight for age (% of children under 5)",SH.STA.MALN.ZS,Other small states,OSS,..,..,..,..,..,..,..,..,..,..
"Prevalence of underweight, weight for age (% of children under 5)",SH.STA.MALN.ZS,Pacific island small states,PSS,..,..,..,..,..,..,..,..,..,..
"Prevalence of underweight, weight for age (% of children under 5)",SH.STA.MALN.ZS,Pakistan,PAK,..,..,23.1,..,..,..,..,..,..,..
"Prevalence of underweight, weight for age (% of children under 5)",SH.STA.MALN.ZS,Palau,PLW,..,..,..,..,..,..,..,..,..,..
"Prevalence of underweight, weight for age (% of children under 5)",SH.STA.MALN.ZS,Panama,PAN,..,..,..,2.9,..,..,..,..,..,..
"Prevalence of underweight, weight for age (% of children under 5)",SH.STA.MALN.ZS,Papua New Guinea,PNG,..,..,..,..,..,..,..,..,..,..
"Prevalence of underweight, weight for age (% of children under 5)",SH.STA.MALN.ZS,Paraguay,PRY,1.3,..,..,..,..,..,..,..,..,..
"Prevalence of underweight, weight for age (% of children under 5)",SH.STA.MALN.ZS,Peru,PER,3.2,3.2,2.6,3.3,2.2,2.1,2.4,2.7,..,..
"Prevalence of underweight, weight for age (% of children under 5)",SH.STA.MALN.ZS,Philippines,PHL,..,..,19,18.9,..,16.7,..,..,..,..
"Prevalence of underweight, weight for age (% of children under 5)",SH.STA.MALN.ZS,Poland,POL,..,..,0.7,..,..,..,..,..,..,..
"Prevalence of underweight, weight for age (% of children under 5)",SH.STA.MALN.ZS,Portugal,PRT,0.9,..,..,..,..,..,..,..,..,..
"Prevalence of underweight, weight for age (% of children under 5)",SH.STA.MALN.ZS,Post-demographic dividend,PST,..,..,..,..,..,..,..,..,..,..
"Prevalence of underweight, weight for age (% of children under 5)",SH.STA.MALN.ZS,Pre-demographic dividend,PRE,..,..,..,..,..,..,..,..,..,..
"Prevalence of underweight, weight for age (% of children under 5)",SH.STA.MALN.ZS,Puerto Rico (US),PRI,..,..,..,..,..,..,..,..,..,..
"Prevalence of underweight, weight for age (% of children under 5)",SH.STA.MALN.ZS,Qatar,QAT,..,..,..,..,..,2,2.1,2.3,..,..
"Prevalence of underweight, weight for age (% of children under 5)",SH.STA.MALN.ZS,Romania,ROU,..,..,..,..,..,..,..,..,..,..
"Prevalence of underweight, weight for age (% of children under 5)",SH.STA.MALN.ZS,Russian Federation,RUS,..,..,..,..,..,..,..,..,..,..
"Prevalence of underweight, weight for age (% of children under 5)",SH.STA.MALN.ZS,Rwanda,RWA,..,..,12.3,..,7.7,..,..,..,..,..
"Prevalence of underweight, weight for age (% of children under 5)",SH.STA.MALN.ZS,Samoa,WSM,..,..,..,3.4,..,..,..,..,..,..
"Prevalence of underweight, weight for age (% of children under 5)",SH.STA.MALN.ZS,San Marino,SMR,..,..,..,..,..,..,..,..,..,..
"Prevalence of underweight, weight for age (% of children under 5)",SH.STA.MALN.ZS,Sao Tome and Principe,STP,..,..,..,5.4,..,..,..,..,..,..
"Prevalence of underweight, weight for age (% of children under 5)",SH.STA.MALN.ZS,Saudi Arabia,SAU,4.6,6.2,3.3,4,3.5,..,..,..,..,..
"Prevalence of underweight, weight for age (% of children under 5)",SH.STA.MALN.ZS,Senegal,SEN,13.8,14.4,15.1,14.4,..,..,..,16.2,..,..
"Prevalence of underweight, weight for age (% of children under 5)",SH.STA.MALN.ZS,Serbia,SRB,..,..,..,1,..,..,..,..,..,..
"Prevalence of underweight, weight for age (% of children under 5)",SH.STA.MALN.ZS,Seychelles,SYC,..,..,..,..,..,..,..,..,..,..
"Prevalence of underweight, weight for age (% of children under 5)",SH.STA.MALN.ZS,Sierra Leone,SLE,..,15.6,..,13.5,..,12,..,..,..,..
"Prevalence of underweight, weight for age (% of children under 5)",SH.STA.MALN.ZS,Singapore,SGP,..,..,..,..,..,..,..,..,..,..
"Prevalence of underweight, weight for age (% of children under 5)",SH.STA.MALN.ZS,Sint Maarten (Dutch part),SXM,..,..,..,..,..,..,..,..,..,..
"Prevalence of underweight, weight for age (% of children under 5)",SH.STA.MALN.ZS,Slovak Republic,SVK,..,..,..,..,..,..,..,..,..,..
"Prevalence of underweight, weight for age (% of children under 5)",SH.STA.MALN.ZS,Slovenia,SVN,..,..,..,..,..,..,..,..,..,..
"Prevalence of underweight, weight for age (% of children under 5)",SH.STA.MALN.ZS,Small states,SST,..,..,..,..,..,..,..,..,..,..
"Prevalence of underweight, weight for age (% of children under 5)",SH.STA.MALN.ZS,Solomon Islands,SLB,..,..,..,..,..,..,..,..,..,..
"Prevalence of underweight, weight for age (% of children under 5)",SH.STA.MALN.ZS,"Somalia, Fed. Rep.",SOM,..,..,..,..,..,..,..,..,..,..
"Prevalence of underweight, weight for age (% of children under 5)",SH.STA.MALN.ZS,South Africa,ZAF,5.9,4.9,..,..,..,..,..,..,..,..
"Prevalence of underweight, weight for age (% of children under 5)",SH.STA.MALN.ZS,South Asia,SAS,31.13,30.36,29.59,28.84,28.1,27.37,26.65,25.95,25.25,..
"Prevalence of underweight, weight for age (% of children under 5)",SH.STA.MALN.ZS,South Asia (IDA & IBRD),TSA,..,..,..,..,..,..,..,..,..,..
"Prevalence of underweight, weight for age (% of children under 5)",SH.STA.MALN.ZS,South Sudan,SSD,..,..,..,..,..,..,..,..,..,..
"Prevalence of underweight, weight for age (% of children under 5)",SH.STA.MALN.ZS,Spain,ESP,..,..,..,..,..,..,..,..,..,..
"Prevalence of underweight, weight for age (% of children under 5)",SH.STA.MALN.ZS,Sri Lanka,LKA,20.5,..,..,14,13.1,12.2,15.3,17.1,17.1,..
"Prevalence of underweight, weight for age (% of children under 5)",SH.STA.MALN.ZS,St. Kitts and Nevis,KNA,..,..,..,..,..,..,..,..,..,..
"Prevalence of underweight, weight for age (% of children under 5)",SH.STA.MALN.ZS,St. Lucia,LCA,..,..,..,..,..,..,..,..,..,..
"Prevalence of underweight, weight for age (% of children under 5)",SH.STA.MALN.ZS,St. Martin (French part),MAF,..,..,..,..,..,..,..,..,..,..
"Prevalence of underweight, weight for age (% of children under 5)",SH.STA.MALN.ZS,St. Vincent and the Grenadines,VCT,..,..,..,..,..,..,..,..,..,..
"Prevalence of underweight, weight for age (% of children under 5)",SH.STA.MALN.ZS,Sub-Saharan Africa,SSF,18.44,18.08,17.73,17.39,17.05,16.71,16.38,16.06,15.74,..
"Prevalence of underweight, weight for age (% of children under 5)",SH.STA.MALN.ZS,Sub-Saharan Africa (excluding high income),SSA,..,..,..,..,..,..,..,..,..,..
"Prevalence of underweight, weight for age (% of children under 5)",SH.STA.MALN.ZS,Sub-Saharan Africa (IDA & IBRD countries),TSS,..,..,..,..,..,..,..,..,..,..
"Prevalence of underweight, weight for age (% of children under 5)",SH.STA.MALN.ZS,Sudan,SDN,..,..,..,..,..,..,..,..,..,..
"Prevalence of underweight, weight for age (% of children under 5)",SH.STA.MALN.ZS,Suriname,SUR,..,..,6.7,..,..,..,..,..,..,..
"Prevalence of underweight, weight for age (% of children under 5)",SH.STA.MALN.ZS,Sweden,SWE,..,..,..,..,..,..,..,..,..,..
"Prevalence of underweight, weight for age (% of children under 5)",SH.STA.MALN.ZS,Switzerland,CHE,..,..,..,..,..,..,..,..,..,..
"Prevalence of underweight, weight for age (% of children under 5)",SH.STA.MALN.ZS,Syrian Arab Republic,SYR,..,..,..,..,..,..,..,..,..,..
"Prevalence of underweight, weight for age (% of children under 5)",SH.STA.MALN.ZS,Tajikistan,TJK,6.4,7.6,..,..,..,..,..,5.2,..,..
"Prevalence of underweight, weight for age (% of children under 5)",SH.STA.MALN.ZS,Tanzania,TZA,..,..,14.6,..,..,10.8,11.4,..,..,..
"Prevalence of underweight, weight for age (% of children under 5)",SH.STA.MALN.ZS,Thailand,THA,6.7,..,..,7.7,..,..,6.7,..,..,..
"Prevalence of underweight, weight for age (% of children under 5)",SH.STA.MALN.ZS,Timor-Leste,TLS,..,..,..,..,31.9,..,..,..,..,..
"Prevalence of underweight, weight for age (% of children under 5)",SH.STA.MALN.ZS,Togo,TGO,..,15.2,..,..,..,..,..,..,..,..
"Prevalence of underweight, weight for age (% of children under 5)",SH.STA.MALN.ZS,Tonga,TON,..,..,..,0.8,..,..,..,..,..,..
"Prevalence of underweight, weight for age (% of children under 5)",SH.STA.MALN.ZS,Trinidad and Tobago,TTO,..,..,..,..,..,..,..,..,..,..
"Prevalence of underweight, weight for age (% of children under 5)",SH.STA.MALN.ZS,Tunisia,TUN,..,..,1.6,..,..,..,..,..,..,..
"Prevalence of underweight, weight for age (% of children under 5)",SH.STA.MALN.ZS,Turkiye,TUR,..,..,1.5,..,..,..,..,..,..,..
"Prevalence of underweight, weight for age (% of children under 5)",SH.STA.MALN.ZS,Turkmenistan,TKM,..,..,..,3.1,..,..,..,..,..,..
"Prevalence of underweight, weight for age (% of children under 5)",SH.STA.MALN.ZS,Turks and Caicos Islands,TCA,..,..,..,..,0.4,..,..,..,..,..
"Prevalence of underweight, weight for age (% of children under 5)",SH.STA.MALN.ZS,Tuvalu,TUV,..,..,..,2.9,..,..,..,..,..,..
"Prevalence of underweight, weight for age (% of children under 5)",SH.STA.MALN.ZS,Uganda,UGA,10.4,..,7.7,..,7.6,..,9.7,..,..,..
"Prevalence of underweight, weight for age (% of children under 5)",SH.STA.MALN.ZS,Ukraine,UKR,..,..,..,..,..,..,..,..,..,..
"Prevalence of underweight, weight for age (% of children under 5)",SH.STA.MALN.ZS,United Arab Emirates,ARE,..,..,..,..,..,..,..,..,..,..
"Prevalence of underweight, weight for age (% of children under 5)",SH.STA.MALN.ZS,United Kingdom,GBR,0.6,0.5,0.6,0.6,..,..,..,..,..,..
"Prevalence of underweight, weight for age (% of children under 5)",SH.STA.MALN.ZS,United States,USA,1.4,..,0.4,..,..,..,..,..,..,..
"Prevalence of underweight, weight for age (% of children under 5)",SH.STA.MALN.ZS,Upper middle income,UMC,3.78,3.6,3.43,3.27,3.11,2.96,2.82,2.69,2.56,..
"Prevalence of underweight, weight for age (% of children under 5)",SH.STA.MALN.ZS,Uruguay,URY,3.3,..,1.8,..,..,..,..,..,..,..
"Prevalence of underweight, weight for age (% of children under 5)",SH.STA.MALN.ZS,Uzbekistan,UZB,..,2.9,..,..,..,1.8,..,..,..,..
"Prevalence of underweight, weight for age (% of children under 5)",SH.STA.MALN.ZS,Vanuatu,VUT,..,..,..,..,..,..,..,..,..,..
"Prevalence of underweight, weight for age (% of children under 5)",SH.STA.MALN.ZS,"Venezuela, RB",VEN,..,..,..,..,..,..,..,..,..,..
"Prevalence of underweight, weight for age (% of children under 5)",SH.STA.MALN.ZS,Viet Nam,VNM,13.8,13.4,12.8,12.2,11.6,..,10.2,9.7,..,..
"Prevalence of underweight, weight for age (% of children under 5)",SH.STA.MALN.ZS,Virgin Islands (U.S.),VIR,..,..,..,..,..,..,..,..,..,..
"Prevalence of underweight, weight for age (% of children under 5)",SH.STA.MALN.ZS,West Bank and Gaza,PSE,..,..,..,..,2.1,..,..,..,..,..
"Prevalence of underweight, weight for age (% of children under 5)",SH.STA.MALN.ZS,World,WLD,13.97,13.62,13.32,13.06,12.85,12.66,12.51,12.36,12.18,..
"Prevalence of underweight, weight for age (% of children under 5)",SH.STA.MALN.ZS,"Yemen, Rep.",YEM,..,..,..,..,..,31.6,40.7,..,..,..
"Prevalence of underweight, weight for age (% of children under 5)",SH.STA.MALN.ZS,Zambia,ZMB,..,..,11.8,..,..,..,..,..,..,..
"Prevalence of underweight, weight for age (% of children under 5)",SH.STA.MALN.ZS,Zimbabwe,ZWE,..,..,..,9.7,..,..,..,..,9.6,..
,,,,,,,,,,,,,
,,,,,,,,,,,,,
,,,,,,,,,,,,,
Data from database: Health Nutrition and Population Statistics,,,,,,,,,,,,,
Last Updated: 07/01/2026,,,,,,,,,,,,,
Code,License Type,Indicator Name,Long definition,Source,Topic,Periodicity,Aggregation method,Statistical concept and methodology,Development relevance,Limitations and exceptions,License URL
SH.STA.STNT.ZS,CC BY-4.0,"Prevalence of stunting, height for age (% of children under 5)",Prevalence of stunting is the percentage of children under age 5 whose height for age is more than two standard deviations below the median for the international reference population ages 0-59 months. For children up to two years old height is measured by recumbent length. For older children height is measured by stature while standing. The data are based on the WHO's 2006 Child Growth Standards.,"UNICEF, WHO, World Bank: Joint child Malnutrition Estimates (JME). Aggregation is based on UNICEF, WHO, and the World Bank harmonized dataset (adjusted, comparable data) and methodology., UN Children's Fund (UNICEF), note: Aggregation is based on UNICEF, WHO, and the World Bank harmonized dataset (adjusted, comparable data) and methodology;
World Health Organization (WHO), note: Joint child Malnutrition Estimates (JME); Aggregation is based on UNICEF, WHO, and the World Bank harmonized dataset (adjusted, comparable data) and methodology;
World Bank (WB), note: Joint child Malnutrition Estimates (JME); Aggregation is based on UNICEF, WHO, and the World Bank harmonized dataset (adjusted, comparable data) and methodology",Health: Nutrition,Annual,See SH.STA.STNT.ME.ZS for aggregation,Methodology: Survey estimates are based on standardized methodology using the WHO Child Growth Standards as described elsewhere.
Statistical concept(s): Child stunting refers to a child who is too short for his or her age and is the result of chronic or recurrent malnutrition. Stunting is a contributing risk factor to child mortality and is also a marker of inequalities in human development. Stunted children fail to reach their physical and cognitive potential. Child stunting is one of the World Health Assembly nutrition target indicators.,Child growth is an internationally accepted outcome reflecting child nutritional status.,"Survey estimates come with levels of uncertainty due to both sampling error and non-sampling error (e.g., measurement technical error, recording error etc.,). None of the two sources of errors have been fully taken into account for deriving estimates neither at country nor at regional or worldwide levels.",
SH.XPD.CHEX.GD.ZS,CC BY-4.0,Current health expenditure (% of GDP),"Level of current health expenditure expressed as a percentage of GDP.  Estimates of current health expenditures include healthcare goods and services consumed during each year. This indicator does not include capital health expenditures such as buildings, machinery, IT and stocks of vaccines for emergency or outbreaks.","Global Health Expenditure Database, updated December 12th, 2025, World Health Organization (WHO), uri: https://apps.who.int/nha/database",Health: Health systems,Annual,Weighted average,"Methodology: The Health SHA 2011 tracks all health spending in a given country over a defined period of time regardless of the entity or institution that financed and managed that spending. It generates consistent and comprehensive data on health spending in a country, which in turn can contribute to evidence-based policy-making.
Statistical concept(s): The health expenditure estimates have been prepared by the World Health Organization under the framework of the System of Health Accounts 2011 (SHA 2011).","Strengthening health financing is one objective of Sustainable Development Goal 3 (SDG target 3.c).  The levels and trends of health expenditure data identify key issues such as weaknesses and strengths and areas that need investment, for instance additional health facilities, better health information systems, or better trained human resources.  Health financing is also critical for reaching universal health coverage (UHC) defined as all people obtaining the quality health services they need without suffering financial hardship (SDG 3.8).  The data on out-of-pocket spending is a key indicator with regard to financial protection and hence of progress towards UHC.",,https://datacatalog.worldbank.org/public-licenses#cc-by
NY.GNP.PCAP.CD,CC BY-4.0,"GNI per capita, Atlas method (current US$)","Gross national income is the total income earned by all residents within an economic territory during an accounting period. It is equal to gross domestic product plus earned income receivable from abroad minus earned income payable abroad. This figure is converted to U.S. dollars using the World Bank Atlas method, and divided by the midyear population. GNI, calculated in national currency, is usually converted to U.S. dollars at official exchange rates for comparisons across economies, although an alternative rate is used when the official exchange rate is judged to diverge by an exceptionally large margin from the rate actually applied in international transactions. To smooth fluctuations in prices and exchange rates, a special Atlas method of conversion is used by the World Bank. This applies a conversion factor that averages the exchange rate for a given year and the two preceding years, adjusted for differences in rates of inflation between the country, and through 2000, the G-5 countries (France, Germany, Japan, the United Kingdom, and the United States). From 2001, these countries include the Euro area, Japan, the United Kingdom, and the United States. This indicator is expressed in current prices, meaning no adjustment has been made to account for price changes over time. This indicator is expressed in United States dollars.","Country official statistics, National Statistical Organizations and/or Central Banks;
National Accounts data files, Organisation for Economic Co-operation and Development (OECD);
Staff estimates, World Bank (WB)",Economic Policy & Debt: National accounts: Atlas GNI & GNI per capita,Annual,Weighted average,"Methodology: The World Bank's official estimates of the size of economies and country classifications by income level are based on Gross National Income (GNI) per capita. For cross-national comparisons, estimates are converted from local currency units (LCU) to current U.S. dollars using the Atlas method, referring to a former World Bank publication called the Atlas of Global Development. The Atlas method smooths exchange rate fluctuations using a three-year moving average, price-adjusted conversion factor. The USD estimate of GNI per capita is derived by applying the Atlas conversion factor to estimates measured in LCU.
Statistical concept(s): The conceptual elements of the SNA (System of National Accounts) measure what takes place in the economy, between which agents, and for what purpose. At the heart of the SNA is the production of goods and services. These may be used for consumption in the period to which the accounts relate or may be accumulated for use in a later period. In simple terms, the amount of value added generated by production represents GDP. The income corresponding to GDP is distributed to the various agents or groups of agents as income and it is the process of distributing and redistributing income that allows one agent to consume the goods and services produced by another agent or to acquire goods and services for later consumption. The way in which the SNA captures this pattern of economic flows is to identify the activities concerned by recognizing the institutional units in the economy and by specifying the structure of accounts capturing the transactions relevant to one stage or another of the process by which goods and services are produced and ultimately consumed.","This indicator is related to the national accounts, which are critical for understanding and managing a country's economy. They provide a framework for the analysis of economic performance. National accounts are the basis for estimating the Gross Domestic Product (GDP) and Gross National Income (GNI), which are the most widely used indicator of economic performance. They are essential for government policymakers, providing the data needed to design and assess fiscal and monetary policies; and are also used by businesses and investors to assess the economic climate and make investment decisions. NAS enable comparison between economies, which is crucial for international trade, investment decisions, and economic competitiveness. More specifically, this indicator is related to national accounts aggregates. Gross Domestic Product (GDP), Gross National Income (GNI), and other aggregates provide a snapshot of the size and health of an economy by measuring the total economic activity within a country. They can thus be used by policymakers to design and implement economic policies, as they reflect the overall economic performance and can indicate the need for intervention in certain areas. Aggregates also allow for comparisons between different economies, which can be useful for trade negotiations, investment decisions, and economic benchmarking. By examining aggregates over time, economists and analysts can identify trends, cycles, and potential areas of concern within an economy, and investors can use national accounts aggregates to assess the potential risks and returns of investing in a particular country. Overall, national accounts aggregates are fundamental tools for economic analysis, policy formulation, and decision-making at both the national and international levels.",,
SE.SEC.ENRR.FE,CC BY-4.0,"School enrollment, secondary, female (% gross)","Gross enrollment ratio is the ratio of total enrollment, regardless of age, to the population of the age group that officially corresponds to the level of education shown. Secondary education completes the provision of basic education that began at the primary level, and aims at laying the foundations for lifelong learning and human development, by offering more subject- or skill-oriented instruction using more specialized teachers.","Data API, UN Educational, Scientific and Cultural Organization (UNESCO), uri: https://databrowser.uis.unesco.org/resources, note: The data are obtained through the UIS API.  Detailed documentation is available at: https://api.uis.unesco.org/api/public/documentation/, publisher: UNESCO Institute for Statistics (UIS), type: Bulk file (csv), date accessed: 2026-03-19, date published: 2026-02",Education: Participation,Annual,Weighted average,"Methodology: Gross enrollment ratio for secondary school is calculated by dividing the number of students enrolled in secondary education regardless of age by the population of the age group which officially corresponds to secondary education, and multiplying by 100. 





















Data on education are collected by the UNESCO Institute for Statistics from official responses to its annual education survey. All the data are mapped to the International Standard Classification of Education (ISCED) to ensure the comparability of education programs at the international level. The current version was formally adopted by UNESCO Member States in 2011. Population data are drawn from the United Nations Population Division. Using a single source for population data standardizes definitions, estimations, and interpolation methods, ensuring a consistent methodology across countries and minimizing potential enumeration problems in national censuses.





















The reference years reflect the school year for which the data are presented. In some countries the school year spans two calendar years (for example, from September 2010 to June 2011); in these cases the reference year refers to the year in which the school year ended (2011 in the example).
Statistical concept(s): Gross enrollment ratios indicate the capacity of each level of the education system, but a high ratio may reflect a substantial number of overage children enrolled in each grade because of repetition or late entry rather than a successful education system.","Secondary education acts as a critical intermediary that not only builds upon the foundational knowledge acquired in primary education but also equips students for various pathways, including immediate entry into the workforce, further education in postsecondary non-tertiary institutions, or advancement to higher education. This indicator assesses the aggregate participation rate in secondary education, reflecting the education system's capacity to enroll students within a designated age group.","Enrollment indicators are based on annual school surveys, but do not necessarily reflect actual attendance or dropout rates during the year. Also, the length of education differs across countries and can influence enrollment rates, although the International Standard Classification of Education (ISCED) tries to minimize the difference. For example, a shorter duration for primary education tends to increase the rate; a longer one to decrease it (in part because older children are more at risk of dropping out). Moreover, age at enrollment may be inaccurately estimated or misstated, especially in communities where registration of births is not strictly enforced.",
SP.URB.TOTL.IN.ZS,CC BY-4.0,Urban population (% of total population),Urban population refers to people living in urban areas as defined by national statistical offices. The data are collected and smoothed by United Nations Population Division.,"World Urbanization Prospects, United Nations (UN), uri: https://population.un.org/wup/, note: United Nations Population Division's World Urbanization Prospects, National definitions, publisher: UN Population Division",Environment: Density & urbanization,Annual,Weighted average,Methodology: Percentages urban are the numbers of persons residing in an area defined as ''urban'' per 100 total population.
Statistical concept(s): Urban population refers to people living in urban areas as defined by national statistical offices. Particular caution should be used in interpreting the figures for percentage urban for different countries. Countries differ in the way they classify population as "urban" or "rural." The population of a city or metropolitan area depends on the boundaries chosen.,"Explosive growth of cities globally signifies the demographic transition from rural to urban, and is associated with shifts from an agriculture-based economy to mass industry, technology, and service.











In principle, cities offer a more favorable setting for the resolution of social and environmental problems than rural areas. Cities generate jobs and income, and deliver education, health care and other services. Cities also present opportunities for social mobilization and women's empowerment.","Aggregation of urban and rural population may not add up to total population because of different country coverage.

Most countries use an urban classification related to the size or characteristics of settlements. Some define urban areas based on the presence of certain infrastructure and services. And other countries designate urban areas based on administrative arrangements. Because of national differences in the characteristics that distinguish urban from rural areas, the distinction between urban and rural population is not amenable to a single definition that would be applicable to all countries.

Estimates of the world's urban population would change significantly if China, India, and a few other populous nations were to change their definition of urban centers.

Because the estimates of city and metropolitan area are based on national definitions of what constitutes a city or metropolitan area, cross-country comparisons should be made with caution.",
SH.STA.BASS.ZS,CC BY-4.0,People using at least basic sanitation services (% of population),"The percentage of people using at least basic sanitation services, that is, improved sanitation facilities that are not shared with other households.  This indicator encompasses both people using basic sanitation services as well as those using safely managed sanitation services.   Improved sanitation facilities include flush/pour flush to piped sewer systems, septic tanks or pit latrines; ventilated improved pit latrines, composting toilets or pit latrines with slabs.","WHO/UNICEF Joint Monitoring Programme (JMP) for Water Supply, Sanitation and Hygiene, World Health Organization (WHO), uri: washdata.org, publisher: WHO/UNICEF Joint Monitoring Programme (JMP) for Water Supply, Sanitation and Hygiene (washdata.org), date accessed: 2025-09-30, date published: 2025-08-25;
UN Children's Fund (UNICEF), uri: washdata.org, note: WHO/UNICEF Joint Monitoring Programme (JMP) for Water Supply, Sanitation and Hygiene",Health: Disease prevention,Annual,Weighted average,"Methodology: The data sources for sanitation services are household surveys such as Demographic and Health Surveys (DHS) and Multiple Indicator Cluster Surveys (MICS), administrative data, census, and other datasets such as compilations by international or regional initiatives (e.g., IB-NET) or studies conducted by research institutions. Based on these national datasets, JMP estimates the proportion of the people accessing different levels of services by using linear regression. You can find the details of estimates including the rules on interpolation, extrapolation and extension in the JMP’s methodology report (https://washdata.org/reports/jmp-2017-methodology).
Statistical concept(s): The JMP classifies the sanitation service levels into five tiers, ranging from the most to the least favorable: safely managed, basic, limited, unimproved, and open defecation (Reference: https://washdata.org/monitoring/sanitation).  This indicator encompasses both people using basic sanitation services as well as those using safely managed sanitation services.","Sanitation is fundamental to human development. Many international organizations use hygienic sanitation facilities as a measure for progress in the fight against poverty, disease, and death. Access to proper sanitation is also considered to be a human right, not a privilege, for every man, woman, and child.  























Sanitation generally refers to the provision of facilities and services for the safe disposal of human urine and feces. Inadequate sanitation is a major cause of disease world-wide and improving sanitation is known to have a significant beneficial impact on people's health. Basic and safely managed sanitation services can reduce diarrheal disease, and can significantly lessen the adverse health impacts of other disorders responsible for death and disease among millions of children. Diarrhea and worm infections weaken children and make them more susceptible to malnutrition and opportunistic infections like pneumonia, measles and malaria.  























The combined effects of inadequate sanitation, unsafe water supply and poor personal hygiene are responsible for many of childhood deaths. Every year, the failure to tackle these deficits results in severe welfare losses - wasted time, reduced productivity, ill health, impaired learning, environmental degradation and lost opportunities. Fundamental behavior changes are required before the use of improved facilities and services can be integrated into daily life. Many hygiene behaviors and habits are formed in childhood and, therefore, school health and hygiene education programs are an important part of water and sanitation improvements.  























Most basic sanitation technologies are not expensive to implement. However, those facing the problems of inadequate sanitation may not be aware of either the origin of their ills, or the true costs of poor sanitation and hygiene. As a result, in most of the developing countries those without sanitation are hard to convince of the need to invest scarce resources in sanitation facilities, or of the critical importance of changing long-held habits and unhygienic behaviors. Consequently, the people's representatives - governments and elected political leaders - rarely give sanitation or hygiene improvements the priority that is needed in order to tackle the massive sanitation deficit faced by the developing world.  























Children bear the brunt of sanitation-related impacts - their health, nutrition, growth, education, self-respect, and life opportunities suffer as a result of inadequate sanitation. Without improved sanitation, many of the current generation of children in developing countries are unlikely to develop to their full potential. Countries that don't take urgent action to redress sanitation deficiencies will find their future development and prosperity impaired.","National, regional and income group estimates are made when data are available for at least 50 percent of the population.",
SP.ADO.TFRT,CC BY-4.0,"Adolescent fertility rate (births per 1,000 women ages 15-19)","Adolescent fertility rate is the number of births per 1,000 women ages 15-19.","World Population Prospects, United Nations (UN), publisher: UN Population Division",Health: Reproductive health,Annual,Weighted average,"Methodology: Adolescent fertility rates are based on data on registered live births from vital registration systems or, in the absence of such systems, from censuses or sample surveys. The estimated rates are generally considered reliable measures of fertility in the recent past. Where no empirical information on age-specific fertility rates is available, a model is used to estimate the share of births to adolescents. For countries without vital registration systems fertility rates are generally based on censuses or surveys.
Statistical concept(s): Reproductive health is a state of physical and mental well-being in relation to the reproductive system and its functions and processes. Means of achieving reproductive health include education and services during pregnancy and childbirth, safe and effective contraception, and prevention and treatment of sexually transmitted diseases. Complications of pregnancy and childbirth are the leading cause of death and disability among women of reproductive age in developing countries.",Adolescent childbearing is associated with a wide range of risks for young mothers. Women who become pregnant and give birth very early in their lives as well as their newborns are subject to elevated health risks.,,
SH.SVR.WAST.ZS,CC BY-4.0,"Prevalence of severe wasting, weight for height (% of children under 5)",Prevalence of severe wasting is the proportion of children under age 5 whose weight for height is more than three standard deviations below the median for the international reference population ages 0-59 months.,"UNICEF, WHO, World Bank: Joint child Malnutrition Estimates (JME). Aggregation is based on UNICEF, WHO, and the World Bank harmonized dataset (adjusted, comparable data) and methodology., UN Children's Fund (UNICEF), note: Aggregation is based on UNICEF, WHO, and the World Bank harmonized dataset (adjusted, comparable data) and methodology;
World Health Organization (WHO), note: Joint child Malnutrition Estimates (JME); Aggregation is based on UNICEF, WHO, and the World Bank harmonized dataset (adjusted, comparable data) and methodology;
World Bank (WB), note: Joint child Malnutrition Estimates (JME); Aggregation is based on UNICEF, WHO, and the World Bank harmonized dataset (adjusted, comparable data) and methodology",Health: Nutrition,Annual,Linear mixed-effect model estimates,"Methodology: Survey estimates are based on standardized methodology using the WHO Child Growth Standards as described elsewhere.
Statistical concept(s): Child wasting refers to a child who is too thin for his or her height and is the result of recent rapid weight loss or the failure to gain weight. A child who is moderately or severely wasted has an increased risk of death, but treatment is possible.",Child growth is an internationally accepted outcome reflecting child nutritional status.,"Survey estimates come with levels of uncertainty due to both sampling error and non-sampling error (e.g., measurement technical error, recording error etc.,). None of the two sources of errors have been fully taken into account for deriving estimates neither at country nor at regional or worldwide levels. Surveys are carried out in a specific period of the year, usually over a few months. However, this indicator can be affected by seasonality, factors related to food availability (e.g., pre-harvest periods), disease (e.g.,rainy season and diarrhoea, malaria, etc.), and natural disasters and conflicts. Hence, country-year estimates may not necessarily be comparable over time. Consequently, only latest estimates are provided.",
SH.STA.MALN.ZS,CC BY-4.0,"Prevalence of underweight, weight for age (% of children under 5)",Prevalence of underweight children is the percentage of children under age 5 whose weight for age is more than two standard deviations below the median for the international reference population ages 0-59 months. The data are based on the WHO's 2006 Child Growth Standards.,"UNICEF, WHO, World Bank: Joint child Malnutrition Estimates (JME). Aggregation is based on UNICEF, WHO, and the World Bank harmonized dataset (adjusted, comparable data) and methodology., UN Children's Fund (UNICEF), note: Aggregation is based on UNICEF, WHO, and the World Bank harmonized dataset (adjusted, comparable data) and methodology;
World Health Organization (WHO), note: Joint child Malnutrition Estimates (JME); Aggregation is based on UNICEF, WHO, and the World Bank harmonized dataset (adjusted, comparable data) and methodology;
World Bank (WB), note: Joint child Malnutrition Estimates (JME); Aggregation is based on UNICEF, WHO, and the World Bank harmonized dataset (adjusted, comparable data) and methodology",Health: Nutrition,Annual,Linear mixed-effect model estimates,"Methodology: Survey estimates are based on standardized methodology using the WHO Child Growth Standards as described elsewhere.
Statistical concept(s): Child underweight belongs to a set of indicators whose purpose is to measure nutritional imbalance and malnutrition resulting in undernutrition (assessed by underweight, stunting and wasting) and overweight.",Child growth is an internationally accepted outcome reflecting child nutritional status.,"Survey estimates come with levels of uncertainty due to both sampling error and non-sampling error (e.g., measurement technical error, recording error etc.,). None of the two sources of errors have been fully taken into account for deriving estimates neither at country nor at regional or worldwide levels.",
